Id,START,STOP,PATIENT,ENCOUNTERCLASS,CODE,DESCRIPTION,FACILITY_ID,FACILITY_NAME
c60f9645-2d20-26e4-bd34-dd56a46d434b,-189683533276,,7e094e73-0eca-44bb-6e6e-df789b87b4f1,ambulatory,162673000,General examination of patient (procedure),767cedbd-7d7f-48ba-a213-9cac5827cad5,Ore Primary Health Center
44e21de7-28ed-db24-9751-3e1cbfa5c475,-159129945765,,7e094e73-0eca-44bb-6e6e-df789b87b4f1,ambulatory,185349003,Encounter for check up,767cedbd-7d7f-48ba-a213-9cac5827cad5,Ore Primary Health Center
4f782985-8cdc-9d69-350d-7eceb888f845,-96014745765,,7e094e73-0eca-44bb-6e6e-df789b87b4f1,ambulatory,185349003,Encounter for check up,767cedbd-7d7f-48ba-a213-9cac5827cad5,Ore Primary Health Center
de7ebd82-bb0e-6bee-b0d0-128128ed1514,-95466021675,,7e094e73-0eca-44bb-6e6e-df789b87b4f1,ambulatory,185349003,Encounter for check up,767cedbd-7d7f-48ba-a213-9cac5827cad5,Ore Primary Health Center
b610bd0a-34b6-8b7e-327b-2a7b7f08837c,30215654235,,7e094e73-0eca-44bb-6e6e-df789b87b4f1,ambulatory,162673000,General examination of patient,767cedbd-7d7f-48ba-a213-9cac5827cad5,Ore Primary Health Center
8a618c8b-2687-7271-d5d0-d5e10ba74794,61773254235,,7e094e73-0eca-44bb-6e6e-df789b87b4f1,ambulatory,162673000,General examination of patient,767cedbd-7d7f-48ba-a213-9cac5827cad5,Ore Primary Health Center
b6310058-a4c0-3080-4225-8dff5354e49e,93330854235,,7e094e73-0eca-44bb-6e6e-df789b87b4f1,ambulatory,162673000,General examination of patient,767cedbd-7d7f-48ba-a213-9cac5827cad5,Ore Primary Health Center
057202d4-74fa-7e8b-8727-785af7bf3793,188003654235,,7e094e73-0eca-44bb-6e6e-df789b87b4f1,ambulatory,162673000,General examination of patient,767cedbd-7d7f-48ba-a213-9cac5827cad5,Ore Primary Health Center
12fa9678-bd70-04d9-271e-c6d252c8183e,219561254235,,7e094e73-0eca-44bb-6e6e-df789b87b4f1,ambulatory,162673000,General examination of patient,767cedbd-7d7f-48ba-a213-9cac5827cad5,Ore Primary Health Center
0d323238-f726-9f15-34eb-bc2ddd39df96,314234054235,,7e094e73-0eca-44bb-6e6e-df789b87b4f1,ambulatory,162673000,General examination of patient,767cedbd-7d7f-48ba-a213-9cac5827cad5,Ore Primary Health Center
17a17a07-5b94-6fab-025d-1a6fee13d4d3,377349254235,,7e094e73-0eca-44bb-6e6e-df789b87b4f1,ambulatory,162673000,General examination of patient,767cedbd-7d7f-48ba-a213-9cac5827cad5,Ore Primary Health Center
7c496ced-ef2e-9699-25ac-893b28d6e193,408906854235,,7e094e73-0eca-44bb-6e6e-df789b87b4f1,ambulatory,162673000,General examination of patient,767cedbd-7d7f-48ba-a213-9cac5827cad5,Ore Primary Health Center
86499c9a-a8fa-94b7-eefa-6f8e6a910c23,472022054235,,7e094e73-0eca-44bb-6e6e-df789b87b4f1,ambulatory,162673000,General examination of patient,767cedbd-7d7f-48ba-a213-9cac5827cad5,Ore Primary Health Center
c8006b5b-8f4f-ae91-9f98-e2f570fd2034,503579654235,,7e094e73-0eca-44bb-6e6e-df789b87b4f1,ambulatory,162673000,General examination of patient,767cedbd-7d7f-48ba-a213-9cac5827cad5,Ore Primary Health Center
ed20fb51-c839-ca35-4525-301004eae83e,535137254235,,7e094e73-0eca-44bb-6e6e-df789b87b4f1,ambulatory,162673000,General examination of patient,767cedbd-7d7f-48ba-a213-9cac5827cad5,Ore Primary Health Center
f7dee638-bad4-74f8-fb7a-720c51fc1992,661367654235,,7e094e73-0eca-44bb-6e6e-df789b87b4f1,ambulatory,162673000,General examination of patient,767cedbd-7d7f-48ba-a213-9cac5827cad5,Ore Primary Health Center
97407be0-36a9-61bb-2bc5-be5cb5d2e9a7,724482854235,,7e094e73-0eca-44bb-6e6e-df789b87b4f1,ambulatory,162673000,General examination of patient,767cedbd-7d7f-48ba-a213-9cac5827cad5,Ore Primary Health Center
2d30d2bb-cc45-4eaa-8f03-b964140e61b7,756040454235,,7e094e73-0eca-44bb-6e6e-df789b87b4f1,ambulatory,162673000,General examination of patient,767cedbd-7d7f-48ba-a213-9cac5827cad5,Ore Primary Health Center
c7431844-4993-8093-d044-3c32d90e15aa,787598054235,,7e094e73-0eca-44bb-6e6e-df789b87b4f1,ambulatory,162673000,General examination of patient,767cedbd-7d7f-48ba-a213-9cac5827cad5,Ore Primary Health Center
74397eea-9bd5-25cb-41cc-2a004d2589ed,819155654235,,7e094e73-0eca-44bb-6e6e-df789b87b4f1,ambulatory,162673000,General examination of patient,767cedbd-7d7f-48ba-a213-9cac5827cad5,Ore Primary Health Center
6c3699fb-b910-06b9-4a68-1424ad27597f,850713254235,,7e094e73-0eca-44bb-6e6e-df789b87b4f1,ambulatory,162673000,General examination of patient,767cedbd-7d7f-48ba-a213-9cac5827cad5,Ore Primary Health Center
96a35a5c-efd2-7f7c-8e8b-3a8475ec13eb,913828454235,,7e094e73-0eca-44bb-6e6e-df789b87b4f1,ambulatory,162673000,General examination of patient,767cedbd-7d7f-48ba-a213-9cac5827cad5,Ore Primary Health Center
2f275c73-dbb9-d3cd-94e3-a54afceaff62,1008501254235,,7e094e73-0eca-44bb-6e6e-df789b87b4f1,ambulatory,162673000,General examination of patient,767cedbd-7d7f-48ba-a213-9cac5827cad5,Ore Primary Health Center
384aa3d5-1826-64d9-c811-da7eacecb126,1103174054235,,7e094e73-0eca-44bb-6e6e-df789b87b4f1,ambulatory,162673000,General examination of patient,767cedbd-7d7f-48ba-a213-9cac5827cad5,Ore Primary Health Center
bb2b83f9-d0c7-8d7c-708e-e3c9a90d28b4,1134731654235,,7e094e73-0eca-44bb-6e6e-df789b87b4f1,ambulatory,162673000,General examination of patient,767cedbd-7d7f-48ba-a213-9cac5827cad5,Ore Primary Health Center
6f7a1019-5859-026b-7dee-cc2ba0aa1b89,1197846854235,,7e094e73-0eca-44bb-6e6e-df789b87b4f1,ambulatory,162673000,General examination of patient,767cedbd-7d7f-48ba-a213-9cac5827cad5,Ore Primary Health Center
dd6d2e15-0c32-cb75-4594-e3e637d21bea,1260962054235,,7e094e73-0eca-44bb-6e6e-df789b87b4f1,ambulatory,162673000,General examination of patient,767cedbd-7d7f-48ba-a213-9cac5827cad5,Ore Primary Health Center
3a857c7d-2ef2-013c-0e55-3a771d80e6fd,1292519654235,,7e094e73-0eca-44bb-6e6e-df789b87b4f1,ambulatory,162673000,General examination of patient,767cedbd-7d7f-48ba-a213-9cac5827cad5,Ore Primary Health Center
f7c8f30c-46a1-5fe3-0741-e28c26aa0eca,1324077254235,,7e094e73-0eca-44bb-6e6e-df789b87b4f1,ambulatory,162673000,General examination of patient,767cedbd-7d7f-48ba-a213-9cac5827cad5,Ore Primary Health Center
a478ed44-0f31-10b8-b91d-19db509ac853,1355634854235,,7e094e73-0eca-44bb-6e6e-df789b87b4f1,ambulatory,162673000,General examination of patient,767cedbd-7d7f-48ba-a213-9cac5827cad5,Ore Primary Health Center
3dfdfeee-1df5-add9-8d35-56ce42cbf8fa,1387192454235,,7e094e73-0eca-44bb-6e6e-df789b87b4f1,ambulatory,162673000,General examination of patient,767cedbd-7d7f-48ba-a213-9cac5827cad5,Ore Primary Health Center
3cff27b2-0bc9-e827-105d-752d259c073d,1576538054235,,7e094e73-0eca-44bb-6e6e-df789b87b4f1,ambulatory,162673000,General examination of patient,767cedbd-7d7f-48ba-a213-9cac5827cad5,Ore Primary Health Center
40a25b84-d49c-27d2-82ef-3c9ef7199b40,1639653254235,,7e094e73-0eca-44bb-6e6e-df789b87b4f1,ambulatory,162673000,General examination of patient,767cedbd-7d7f-48ba-a213-9cac5827cad5,Ore Primary Health Center
94f6b24c-f05d-c46c-968f-ada7a7f40f6b,1671210854235,,7e094e73-0eca-44bb-6e6e-df789b87b4f1,ambulatory,162673000,General examination of patient,767cedbd-7d7f-48ba-a213-9cac5827cad5,Ore Primary Health Center
c95a7f51-d4a3-ee5a-4e33-5bbddac6be3d,1777856722281,,02b520a3-8e81-7d86-8c86-6114b5b42eaf,ambulatory,162673000,General examination of patient,6aa9e26d-d4d6-43c7-8dae-452751b5dae4,Model Clinic Ilemowo
34770cc2-14b6-dec6-edda-ac66cac328fa,-233111660703,,83704899-ee46-27d6-b22b-b36f781421a6,ambulatory,162673000,General examination of patient (procedure),f94b2182-b819-4178-a420-33f65f96789e,Ayekale Health Center
d381f875-84c4-e85a-8db0-c30b6b2ddc8a,-202654181408,,83704899-ee46-27d6-b22b-b36f781421a6,ambulatory,185349003,Encounter for check up,f94b2182-b819-4178-a420-33f65f96789e,Ayekale Health Center
4f37cd70-e5c9-97db-7158-bc7b06eb944a,-171096581408,,83704899-ee46-27d6-b22b-b36f781421a6,ambulatory,162673000,General examination of patient,f94b2182-b819-4178-a420-33f65f96789e,Ayekale Health Center
c5548a18-fd97-dc5f-85f1-01119f4ccc8b,-170771789067,,83704899-ee46-27d6-b22b-b36f781421a6,ambulatory,185349003,Encounter for check up,f94b2182-b819-4178-a420-33f65f96789e,Ayekale Health Center
26081d81-2c61-e25a-76ee-2b6d2cbb671a,-139538981408,,83704899-ee46-27d6-b22b-b36f781421a6,ambulatory,162673000,General examination of patient,f94b2182-b819-4178-a420-33f65f96789e,Ayekale Health Center
3662fcd4-89fc-1975-2f82-7f4e3948a84a,-107981381408,,83704899-ee46-27d6-b22b-b36f781421a6,ambulatory,162673000,General examination of patient,f94b2182-b819-4178-a420-33f65f96789e,Ayekale Health Center
29cda31f-95ea-40c4-fec4-bd3c88804219,-76423781408,,83704899-ee46-27d6-b22b-b36f781421a6,ambulatory,162673000,General examination of patient,f94b2182-b819-4178-a420-33f65f96789e,Ayekale Health Center
f4395276-c38e-0aaf-bb07-daec6273b14e,-13308581408,,83704899-ee46-27d6-b22b-b36f781421a6,ambulatory,162673000,General examination of patient,f94b2182-b819-4178-a420-33f65f96789e,Ayekale Health Center
eb7ca356-4564-7246-f125-4dae25909c90,176037018592,,83704899-ee46-27d6-b22b-b36f781421a6,emergency,50849002,Emergency room admission,f94b2182-b819-4178-a420-33f65f96789e,Ayekale Health Center
db497da0-9a78-f176-0660-5e82f0f76ce8,302267418592,,83704899-ee46-27d6-b22b-b36f781421a6,ambulatory,162673000,General examination of patient,f94b2182-b819-4178-a420-33f65f96789e,Ayekale Health Center
4d71ad33-20dd-b72d-d7ff-09f23f9a4006,333825018592,,83704899-ee46-27d6-b22b-b36f781421a6,ambulatory,162673000,General examination of patient,f94b2182-b819-4178-a420-33f65f96789e,Ayekale Health Center
3c81434c-22b6-dde3-4d17-f5e921d94146,396940218592,,83704899-ee46-27d6-b22b-b36f781421a6,ambulatory,162673000,General examination of patient,f94b2182-b819-4178-a420-33f65f96789e,Ayekale Health Center
d1a8d8d6-f9de-f266-5ada-d45f404c2215,428497818592,,83704899-ee46-27d6-b22b-b36f781421a6,ambulatory,162673000,General examination of patient,f94b2182-b819-4178-a420-33f65f96789e,Ayekale Health Center
bbb1823f-404c-47fd-89dd-d4b62d9268a9,680958618592,,83704899-ee46-27d6-b22b-b36f781421a6,ambulatory,162673000,General examination of patient,f94b2182-b819-4178-a420-33f65f96789e,Ayekale Health Center
92fce0dd-0109-03d1-3591-181be21172d2,838746618592,,83704899-ee46-27d6-b22b-b36f781421a6,ambulatory,162673000,General examination of patient,f94b2182-b819-4178-a420-33f65f96789e,Ayekale Health Center
b0d93485-f5de-af03-7eb3-e1bba6d5b82b,964977018592,,83704899-ee46-27d6-b22b-b36f781421a6,ambulatory,162673000,General examination of patient,f94b2182-b819-4178-a420-33f65f96789e,Ayekale Health Center
710207df-dc79-0143-6559-906c32f2dc1b,1091207418592,,83704899-ee46-27d6-b22b-b36f781421a6,ambulatory,162673000,General examination of patient,f94b2182-b819-4178-a420-33f65f96789e,Ayekale Health Center
9bf270e5-a547-8ab0-a1a9-bbe0b9a21ab1,1122765018592,,83704899-ee46-27d6-b22b-b36f781421a6,ambulatory,162673000,General examination of patient,f94b2182-b819-4178-a420-33f65f96789e,Ayekale Health Center
35fbfdb3-16ab-2394-0002-6c56deedaa14,1185880218592,,83704899-ee46-27d6-b22b-b36f781421a6,ambulatory,162673000,General examination of patient,f94b2182-b819-4178-a420-33f65f96789e,Ayekale Health Center
585a5313-8aab-7338-b3ab-32ed99c9d239,1248995418592,,83704899-ee46-27d6-b22b-b36f781421a6,ambulatory,162673000,General examination of patient,f94b2182-b819-4178-a420-33f65f96789e,Ayekale Health Center
d564730d-30ca-3c69-61c6-a60258977c21,1280553018592,,83704899-ee46-27d6-b22b-b36f781421a6,ambulatory,162673000,General examination of patient,f94b2182-b819-4178-a420-33f65f96789e,Ayekale Health Center
7810ce8d-970d-00b9-b5d1-f6893b23695a,1312110618592,,83704899-ee46-27d6-b22b-b36f781421a6,ambulatory,162673000,General examination of patient,f94b2182-b819-4178-a420-33f65f96789e,Ayekale Health Center
01b79669-25f7-e681-e4bb-1232bc7f0aab,1375225818592,,83704899-ee46-27d6-b22b-b36f781421a6,ambulatory,162673000,General examination of patient,f94b2182-b819-4178-a420-33f65f96789e,Ayekale Health Center
c6204365-3584-1477-612c-80c064782ca4,1469898618592,,83704899-ee46-27d6-b22b-b36f781421a6,ambulatory,162673000,General examination of patient,f94b2182-b819-4178-a420-33f65f96789e,Ayekale Health Center
3b5577ce-837d-1283-7f8e-c3c445f3572b,1564571418592,,83704899-ee46-27d6-b22b-b36f781421a6,ambulatory,162673000,General examination of patient,f94b2182-b819-4178-a420-33f65f96789e,Ayekale Health Center
8eb57fd4-cc60-bcae-5c85-24bed4bc800e,1753917018592,,83704899-ee46-27d6-b22b-b36f781421a6,ambulatory,162673000,General examination of patient,f94b2182-b819-4178-a420-33f65f96789e,Ayekale Health Center
788c608f-f053-37b6-f9d4-684b2330739f,1785474618592,,83704899-ee46-27d6-b22b-b36f781421a6,ambulatory,162673000,General examination of patient,f94b2182-b819-4178-a420-33f65f96789e,Ayekale Health Center
28bee864-5c23-df2f-274a-cdfa3eb75dca,1785712218592,,83704899-ee46-27d6-b22b-b36f781421a6,emergency,50849002,Emergency room admission,f94b2182-b819-4178-a420-33f65f96789e,Ayekale Health Center
14ec337b-bd60-95e2-6ee6-8641dedff7cb,-435539007013,,8e5a483a-0a2c-bfc1-75e2-4fb66276bc54,ambulatory,162673000,General examination of patient (procedure),5d7e959d-8cdb-4f14-9fd3-8d9970cf065d,Ife North Local Government Health Post
b1731a05-240f-2147-2992-d68d39d809db,-435539007013,,8e5a483a-0a2c-bfc1-75e2-4fb66276bc54,ambulatory,185349003,Encounter for check up,5d7e959d-8cdb-4f14-9fd3-8d9970cf065d,Ife North Local Government Health Post
b7a70340-2b10-2341-9219-5d5fffd3586a,-435539007013,,8e5a483a-0a2c-bfc1-75e2-4fb66276bc54,ambulatory,185349003,Encounter for check up,5d7e959d-8cdb-4f14-9fd3-8d9970cf065d,Ife North Local Government Health Post
ab3e63f1-e32b-29ae-ac2f-93e5e1997819,-403981407013,,8e5a483a-0a2c-bfc1-75e2-4fb66276bc54,ambulatory,162673000,General examination of patient,5d7e959d-8cdb-4f14-9fd3-8d9970cf065d,Ife North Local Government Health Post
1d373682-8653-3371-f3cd-39b69f03db4d,-403708537786,,8e5a483a-0a2c-bfc1-75e2-4fb66276bc54,ambulatory,185349003,Encounter for check up,5d7e959d-8cdb-4f14-9fd3-8d9970cf065d,Ife North Local Government Health Post
bb872967-90a0-2859-bc0e-6e77051a9bee,-403010740135,,8e5a483a-0a2c-bfc1-75e2-4fb66276bc54,ambulatory,185349003,Encounter for check up,5d7e959d-8cdb-4f14-9fd3-8d9970cf065d,Ife North Local Government Health Post
ece9ca6f-8fc6-3a37-502c-55cc275325c5,-371834604996,,8e5a483a-0a2c-bfc1-75e2-4fb66276bc54,ambulatory,185349003,Encounter for check up,5d7e959d-8cdb-4f14-9fd3-8d9970cf065d,Ife North Local Government Health Post
5055b867-ac7b-6353-e488-dd31d6b21d42,-340866207013,,8e5a483a-0a2c-bfc1-75e2-4fb66276bc54,ambulatory,162673000,General examination of patient,5d7e959d-8cdb-4f14-9fd3-8d9970cf065d,Ife North Local Government Health Post
95a722a8-ed5c-3898-867f-1c2f2dc074c1,-339266922976,,8e5a483a-0a2c-bfc1-75e2-4fb66276bc54,ambulatory,185349003,Encounter for check up,5d7e959d-8cdb-4f14-9fd3-8d9970cf065d,Ife North Local Government Health Post
5badde1a-b730-4e29-8600-b3040f8deeb3,-309308607013,,8e5a483a-0a2c-bfc1-75e2-4fb66276bc54,ambulatory,162673000,General examination of patient,5d7e959d-8cdb-4f14-9fd3-8d9970cf065d,Ife North Local Government Health Post
fb0e50b8-522f-e915-8588-787beb036a67,-277751007013,,8e5a483a-0a2c-bfc1-75e2-4fb66276bc54,ambulatory,162673000,General examination of patient,5d7e959d-8cdb-4f14-9fd3-8d9970cf065d,Ife North Local Government Health Post
14402e4b-293a-c1bc-b49b-91397f22b44c,-246193407013,,8e5a483a-0a2c-bfc1-75e2-4fb66276bc54,ambulatory,162673000,General examination of patient,5d7e959d-8cdb-4f14-9fd3-8d9970cf065d,Ife North Local Government Health Post
596666f9-2e61-07da-b9d2-45499e2546c1,-214635807013,,8e5a483a-0a2c-bfc1-75e2-4fb66276bc54,ambulatory,162673000,General examination of patient,5d7e959d-8cdb-4f14-9fd3-8d9970cf065d,Ife North Local Government Health Post
889ff11d-a2e6-4d81-0a78-bb8fffca4b56,-212160680755,,8e5a483a-0a2c-bfc1-75e2-4fb66276bc54,ambulatory,185349003,Encounter for check up,5d7e959d-8cdb-4f14-9fd3-8d9970cf065d,Ife North Local Government Health Post
ca738a0c-725b-704e-4f2c-a48ae4998be0,-183078207013,,8e5a483a-0a2c-bfc1-75e2-4fb66276bc54,ambulatory,162673000,General examination of patient,5d7e959d-8cdb-4f14-9fd3-8d9970cf065d,Ife North Local Government Health Post
465e0db3-6291-8a0b-9add-41edbdfc4900,-151520607013,,8e5a483a-0a2c-bfc1-75e2-4fb66276bc54,ambulatory,162673000,General examination of patient,5d7e959d-8cdb-4f14-9fd3-8d9970cf065d,Ife North Local Government Health Post
4da3f526-c4e6-5381-4118-038d943fb746,-119963007013,,8e5a483a-0a2c-bfc1-75e2-4fb66276bc54,ambulatory,162673000,General examination of patient,5d7e959d-8cdb-4f14-9fd3-8d9970cf065d,Ife North Local Government Health Post
2ca6c9b5-00ef-082e-0c1d-ef3bcf582582,-88405407013,,8e5a483a-0a2c-bfc1-75e2-4fb66276bc54,ambulatory,162673000,General examination of patient,5d7e959d-8cdb-4f14-9fd3-8d9970cf065d,Ife North Local Government Health Post
86ca046e-2521-ce28-9fa9-3018dfdcba08,-56847807013,,8e5a483a-0a2c-bfc1-75e2-4fb66276bc54,ambulatory,162673000,General examination of patient,5d7e959d-8cdb-4f14-9fd3-8d9970cf065d,Ife North Local Government Health Post
21a075ba-eb6f-c3c7-e274-db67dba1a717,37824992987,,8e5a483a-0a2c-bfc1-75e2-4fb66276bc54,ambulatory,162673000,General examination of patient,5d7e959d-8cdb-4f14-9fd3-8d9970cf065d,Ife North Local Government Health Post
8ea679c8-1a6a-ecc1-7113-7637fc795b3a,100940192987,,8e5a483a-0a2c-bfc1-75e2-4fb66276bc54,ambulatory,162673000,General examination of patient,5d7e959d-8cdb-4f14-9fd3-8d9970cf065d,Ife North Local Government Health Post
2fd4b85e-f401-8114-7c41-2b7b7c2f9c3c,195612992987,,8e5a483a-0a2c-bfc1-75e2-4fb66276bc54,ambulatory,162673000,General examination of patient,5d7e959d-8cdb-4f14-9fd3-8d9970cf065d,Ife North Local Government Health Post
61f7e9fc-7f07-1883-f296-982212272bff,258728192987,,8e5a483a-0a2c-bfc1-75e2-4fb66276bc54,ambulatory,162673000,General examination of patient,5d7e959d-8cdb-4f14-9fd3-8d9970cf065d,Ife North Local Government Health Post
6853c569-32a6-54c8-dcd2-2f4f7d236f77,321843392987,,8e5a483a-0a2c-bfc1-75e2-4fb66276bc54,ambulatory,162673000,General examination of patient,5d7e959d-8cdb-4f14-9fd3-8d9970cf065d,Ife North Local Government Health Post
8fd77b07-4359-d8ca-0410-99d059a96e02,353400992987,,8e5a483a-0a2c-bfc1-75e2-4fb66276bc54,ambulatory,162673000,General examination of patient,5d7e959d-8cdb-4f14-9fd3-8d9970cf065d,Ife North Local Government Health Post
ea4e20b3-b1b7-1cd9-b9cc-55dbcefc1d51,384958592987,,8e5a483a-0a2c-bfc1-75e2-4fb66276bc54,ambulatory,162673000,General examination of patient,5d7e959d-8cdb-4f14-9fd3-8d9970cf065d,Ife North Local Government Health Post
a879cf88-f9a3-51a9-a430-0dabe19d435c,416516192987,,8e5a483a-0a2c-bfc1-75e2-4fb66276bc54,ambulatory,162673000,General examination of patient,5d7e959d-8cdb-4f14-9fd3-8d9970cf065d,Ife North Local Government Health Post
762a5550-c692-d18f-9075-356cf20f7aac,448073792987,,8e5a483a-0a2c-bfc1-75e2-4fb66276bc54,ambulatory,162673000,General examination of patient,5d7e959d-8cdb-4f14-9fd3-8d9970cf065d,Ife North Local Government Health Post
54a423d3-cd9e-203a-8f11-7a3780c0a2ba,605861792987,,8e5a483a-0a2c-bfc1-75e2-4fb66276bc54,ambulatory,162673000,General examination of patient,5d7e959d-8cdb-4f14-9fd3-8d9970cf065d,Ife North Local Government Health Post
96bf8285-cfef-297e-ad0a-39ec1386343f,668976992987,,8e5a483a-0a2c-bfc1-75e2-4fb66276bc54,ambulatory,162673000,General examination of patient,5d7e959d-8cdb-4f14-9fd3-8d9970cf065d,Ife North Local Government Health Post
e42e19bf-cc01-2ddb-7f33-213254ba9adf,763649792987,,8e5a483a-0a2c-bfc1-75e2-4fb66276bc54,ambulatory,162673000,General examination of patient,5d7e959d-8cdb-4f14-9fd3-8d9970cf065d,Ife North Local Government Health Post
0df3c094-885e-5f22-5f15-cdef04a17ae5,795207392987,,8e5a483a-0a2c-bfc1-75e2-4fb66276bc54,ambulatory,162673000,General examination of patient,5d7e959d-8cdb-4f14-9fd3-8d9970cf065d,Ife North Local Government Health Post
d92b0403-562f-2172-b9e5-6cae542eb438,826764992987,,8e5a483a-0a2c-bfc1-75e2-4fb66276bc54,ambulatory,162673000,General examination of patient,5d7e959d-8cdb-4f14-9fd3-8d9970cf065d,Ife North Local Government Health Post
0a14d28f-5215-4f10-fc03-f4ff88754da8,952995392987,,8e5a483a-0a2c-bfc1-75e2-4fb66276bc54,ambulatory,162673000,General examination of patient,5d7e959d-8cdb-4f14-9fd3-8d9970cf065d,Ife North Local Government Health Post
0f362a23-0d89-9765-2803-c8d23c990ba9,984552992987,,8e5a483a-0a2c-bfc1-75e2-4fb66276bc54,ambulatory,162673000,General examination of patient,5d7e959d-8cdb-4f14-9fd3-8d9970cf065d,Ife North Local Government Health Post
161e0f0a-ddc2-c889-cf74-792870b1f63b,1016110592987,,8e5a483a-0a2c-bfc1-75e2-4fb66276bc54,ambulatory,162673000,General examination of patient,5d7e959d-8cdb-4f14-9fd3-8d9970cf065d,Ife North Local Government Health Post
2593aac2-be52-6967-87fa-6674d7ae6987,1110783392987,,8e5a483a-0a2c-bfc1-75e2-4fb66276bc54,ambulatory,162673000,General examination of patient,5d7e959d-8cdb-4f14-9fd3-8d9970cf065d,Ife North Local Government Health Post
2d0d2a6a-5f7a-2c43-f2f2-fe55f12b694a,1173898592987,,8e5a483a-0a2c-bfc1-75e2-4fb66276bc54,ambulatory,162673000,General examination of patient,5d7e959d-8cdb-4f14-9fd3-8d9970cf065d,Ife North Local Government Health Post
575c376b-fd91-c751-fddf-8e7041c895f0,1205456192987,,8e5a483a-0a2c-bfc1-75e2-4fb66276bc54,ambulatory,162673000,General examination of patient,5d7e959d-8cdb-4f14-9fd3-8d9970cf065d,Ife North Local Government Health Post
9844540c-5a4f-2a09-ae76-95337428dd97,1300128992987,,8e5a483a-0a2c-bfc1-75e2-4fb66276bc54,ambulatory,162673000,General examination of patient,5d7e959d-8cdb-4f14-9fd3-8d9970cf065d,Ife North Local Government Health Post
f0f48eeb-5d07-47aa-2473-bda4cc35c392,1331686592987,,8e5a483a-0a2c-bfc1-75e2-4fb66276bc54,ambulatory,162673000,General examination of patient,5d7e959d-8cdb-4f14-9fd3-8d9970cf065d,Ife North Local Government Health Post
5ec6ae00-433e-a023-358f-91e61bd9e563,1394801792987,,8e5a483a-0a2c-bfc1-75e2-4fb66276bc54,ambulatory,162673000,General examination of patient,5d7e959d-8cdb-4f14-9fd3-8d9970cf065d,Ife North Local Government Health Post
9e95b276-12d7-9319-2e3f-84ae9d684127,1426359392987,,8e5a483a-0a2c-bfc1-75e2-4fb66276bc54,ambulatory,162673000,General examination of patient,5d7e959d-8cdb-4f14-9fd3-8d9970cf065d,Ife North Local Government Health Post
3d5bcb94-33ad-edf3-d466-a3cc67926312,1489474592987,,8e5a483a-0a2c-bfc1-75e2-4fb66276bc54,ambulatory,162673000,General examination of patient,5d7e959d-8cdb-4f14-9fd3-8d9970cf065d,Ife North Local Government Health Post
c1c79ff6-d4de-f538-239a-93dfd7b59f96,1615704992987,,8e5a483a-0a2c-bfc1-75e2-4fb66276bc54,ambulatory,162673000,General examination of patient,5d7e959d-8cdb-4f14-9fd3-8d9970cf065d,Ife North Local Government Health Post
ca96f855-3a85-6bb7-c5a5-be9a985d2cf3,1647262592987,,8e5a483a-0a2c-bfc1-75e2-4fb66276bc54,ambulatory,162673000,General examination of patient,5d7e959d-8cdb-4f14-9fd3-8d9970cf065d,Ife North Local Government Health Post
601d4a38-0a52-2bac-73e9-1880701b9493,1678820192987,,8e5a483a-0a2c-bfc1-75e2-4fb66276bc54,ambulatory,162673000,General examination of patient,5d7e959d-8cdb-4f14-9fd3-8d9970cf065d,Ife North Local Government Health Post
17c4d39a-4140-599e-b8d9-ce89df3c346a,1710377792987,,8e5a483a-0a2c-bfc1-75e2-4fb66276bc54,ambulatory,162673000,General examination of patient,5d7e959d-8cdb-4f14-9fd3-8d9970cf065d,Ife North Local Government Health Post
421db4e5-ff52-9745-333d-a4379a22db75,1773492992987,,8e5a483a-0a2c-bfc1-75e2-4fb66276bc54,ambulatory,162673000,General examination of patient,5d7e959d-8cdb-4f14-9fd3-8d9970cf065d,Ife North Local Government Health Post
61eb5d5b-33ce-a2ce-65cd-68de422e94bd,1492103463913,,13031a71-6cc3-ab8c-480a-fa5a9726e3d1,ambulatory,162673000,General examination of patient (procedure),3deadb19-04fb-4e16-922a-631632533957,Ola Oluwa Community Health Post
b03551f5-301e-3812-b294-567ecb149d31,1492103463913,,13031a71-6cc3-ab8c-480a-fa5a9726e3d1,inpatient,32485007,Hospital admission,3deadb19-04fb-4e16-922a-631632533957,Ola Oluwa Community Health Post
02d9ae69-17ef-0454-f23f-a1b4a0663052,1523661063913,,13031a71-6cc3-ab8c-480a-fa5a9726e3d1,ambulatory,162673000,General examination of patient,3deadb19-04fb-4e16-922a-631632533957,Ola Oluwa Community Health Post
a11f002b-bcfc-b9a1-0b9e-f48d9d0ad115,1523661063913,,13031a71-6cc3-ab8c-480a-fa5a9726e3d1,ambulatory,185349003,Encounter for check up,3deadb19-04fb-4e16-922a-631632533957,Ola Oluwa Community Health Post
6cd54995-61fb-88be-bf79-4710efb3f387,1555218663913,,13031a71-6cc3-ab8c-480a-fa5a9726e3d1,ambulatory,162673000,General examination of patient,3deadb19-04fb-4e16-922a-631632533957,Ola Oluwa Community Health Post
b5f10eac-1d53-bf2c-c9c0-19f5647f3e7c,1586776263913,,13031a71-6cc3-ab8c-480a-fa5a9726e3d1,emergency,50849002,Emergency room admission,3deadb19-04fb-4e16-922a-631632533957,Ola Oluwa Community Health Post
14f67f89-3925-425b-05ec-77f5f77605f3,1587089708078,,13031a71-6cc3-ab8c-480a-fa5a9726e3d1,ambulatory,185349003,Encounter for check up,3deadb19-04fb-4e16-922a-631632533957,Ola Oluwa Community Health Post
bdbe5a24-248f-03c0-a8f6-5d526c331401,1618980518872,,13031a71-6cc3-ab8c-480a-fa5a9726e3d1,ambulatory,185349003,Encounter for check up,3deadb19-04fb-4e16-922a-631632533957,Ola Oluwa Community Health Post
e508e328-9607-a9dc-8835-70d45a11db93,1681449063913,,13031a71-6cc3-ab8c-480a-fa5a9726e3d1,ambulatory,162673000,General examination of patient,3deadb19-04fb-4e16-922a-631632533957,Ola Oluwa Community Health Post
5bf67857-1d7a-8f8f-d40e-75d81d3a98c0,1682264819363,,13031a71-6cc3-ab8c-480a-fa5a9726e3d1,emergency,50849002,Emergency room admission,3deadb19-04fb-4e16-922a-631632533957,Ola Oluwa Community Health Post
7c56f812-ec7a-9ea7-ea4f-a28a38e59b71,1744564263913,,13031a71-6cc3-ab8c-480a-fa5a9726e3d1,ambulatory,162673000,General examination of patient,3deadb19-04fb-4e16-922a-631632533957,Ola Oluwa Community Health Post
cb19e618-53d5-c674-86e5-66b426410e18,1776121863913,,13031a71-6cc3-ab8c-480a-fa5a9726e3d1,ambulatory,162673000,General examination of patient,3deadb19-04fb-4e16-922a-631632533957,Ola Oluwa Community Health Post
ec5c5f40-a2df-e7ac-129f-2ecc0f9dd770,906242312246,,38aaf137-b6bd-1344-6aad-c6d9e3acaed3,ambulatory,162673000,General examination of patient (procedure),8b682753-e814-4c0e-8d86-3c86b232919e,Jaleyemi Primary Health Center
548ae6c1-46f9-5af2-94c8-3b31e7a651e8,906242312246,,38aaf137-b6bd-1344-6aad-c6d9e3acaed3,inpatient,32485007,Hospital admission,8b682753-e814-4c0e-8d86-3c86b232919e,Jaleyemi Primary Health Center
f779b23a-03f2-7a31-59c6-e256aff117b3,937799912246,,38aaf137-b6bd-1344-6aad-c6d9e3acaed3,ambulatory,185349003,Encounter for check up,8b682753-e814-4c0e-8d86-3c86b232919e,Jaleyemi Primary Health Center
0e6339b0-0ab7-2d10-091e-832868da0bc4,937799912246,,38aaf137-b6bd-1344-6aad-c6d9e3acaed3,ambulatory,185349003,Encounter for check up,8b682753-e814-4c0e-8d86-3c86b232919e,Jaleyemi Primary Health Center
eebbaab8-9c5b-a381-892d-b81d4b471658,969357512246,,38aaf137-b6bd-1344-6aad-c6d9e3acaed3,ambulatory,162673000,General examination of patient,8b682753-e814-4c0e-8d86-3c86b232919e,Jaleyemi Primary Health Center
f0425981-bf38-7712-0814-536243350f34,969653199609,,38aaf137-b6bd-1344-6aad-c6d9e3acaed3,ambulatory,185349003,Encounter for check up,8b682753-e814-4c0e-8d86-3c86b232919e,Jaleyemi Primary Health Center
cb008261-7ee9-c07c-9d21-bad88b0ea457,970477153335,,38aaf137-b6bd-1344-6aad-c6d9e3acaed3,ambulatory,185349003,Encounter for check up,8b682753-e814-4c0e-8d86-3c86b232919e,Jaleyemi Primary Health Center
8f5feba3-d545-1bba-0bde-76fee5201ac8,1000915112246,,38aaf137-b6bd-1344-6aad-c6d9e3acaed3,ambulatory,162673000,General examination of patient,8b682753-e814-4c0e-8d86-3c86b232919e,Jaleyemi Primary Health Center
36c951a8-aa04-40dd-e7d7-5a7a0dd18786,1001604762322,,38aaf137-b6bd-1344-6aad-c6d9e3acaed3,ambulatory,185349003,Encounter for check up,8b682753-e814-4c0e-8d86-3c86b232919e,Jaleyemi Primary Health Center
e60b7855-88a9-9bdd-9b99-bfb67e53e989,1033557924730,,38aaf137-b6bd-1344-6aad-c6d9e3acaed3,ambulatory,185349003,Encounter for check up,8b682753-e814-4c0e-8d86-3c86b232919e,Jaleyemi Primary Health Center
c00d458b-3c85-2bed-bb69-3f798ec157db,1095587912246,,38aaf137-b6bd-1344-6aad-c6d9e3acaed3,ambulatory,162673000,General examination of patient,8b682753-e814-4c0e-8d86-3c86b232919e,Jaleyemi Primary Health Center
eee6e01c-07e1-8fde-2974-73c6b6fdb76d,1127145512246,,38aaf137-b6bd-1344-6aad-c6d9e3acaed3,ambulatory,162673000,General examination of patient,8b682753-e814-4c0e-8d86-3c86b232919e,Jaleyemi Primary Health Center
5f663666-fb89-166e-360e-2b98cc6d09bc,1190260712246,,38aaf137-b6bd-1344-6aad-c6d9e3acaed3,ambulatory,162673000,General examination of patient,8b682753-e814-4c0e-8d86-3c86b232919e,Jaleyemi Primary Health Center
23bad5c5-1941-8ac8-7113-89af2b94ec07,1221818312246,,38aaf137-b6bd-1344-6aad-c6d9e3acaed3,ambulatory,162673000,General examination of patient,8b682753-e814-4c0e-8d86-3c86b232919e,Jaleyemi Primary Health Center
59e85fe1-f3e1-0904-44cc-ad1ead0610bf,1253375912246,,38aaf137-b6bd-1344-6aad-c6d9e3acaed3,ambulatory,162673000,General examination of patient,8b682753-e814-4c0e-8d86-3c86b232919e,Jaleyemi Primary Health Center
d9ec125d-c8a5-45bb-be42-f7e0bf048456,1284933512246,,38aaf137-b6bd-1344-6aad-c6d9e3acaed3,ambulatory,162673000,General examination of patient,8b682753-e814-4c0e-8d86-3c86b232919e,Jaleyemi Primary Health Center
cc3ab35f-372f-147e-58d5-92f675a78887,1316491112246,,38aaf137-b6bd-1344-6aad-c6d9e3acaed3,ambulatory,162673000,General examination of patient,8b682753-e814-4c0e-8d86-3c86b232919e,Jaleyemi Primary Health Center
a32d5e85-15a0-52ee-c2ff-66812e2e246f,1348048712246,,38aaf137-b6bd-1344-6aad-c6d9e3acaed3,ambulatory,162673000,General examination of patient,8b682753-e814-4c0e-8d86-3c86b232919e,Jaleyemi Primary Health Center
06671a51-3ab2-c76c-9152-be2040ea671e,1442721512246,,38aaf137-b6bd-1344-6aad-c6d9e3acaed3,ambulatory,162673000,General examination of patient,8b682753-e814-4c0e-8d86-3c86b232919e,Jaleyemi Primary Health Center
f0b17bff-ece5-fc3a-e5b3-1bf9a4d6e29f,1632067112246,,38aaf137-b6bd-1344-6aad-c6d9e3acaed3,ambulatory,162673000,General examination of patient,8b682753-e814-4c0e-8d86-3c86b232919e,Jaleyemi Primary Health Center
1f30f5bf-678e-fae5-7ced-3dfac619538c,1663624712246,,38aaf137-b6bd-1344-6aad-c6d9e3acaed3,ambulatory,162673000,General examination of patient,8b682753-e814-4c0e-8d86-3c86b232919e,Jaleyemi Primary Health Center
98a5992f-b84f-3941-8d27-f9fe203dd2b8,1726739912246,,38aaf137-b6bd-1344-6aad-c6d9e3acaed3,ambulatory,162673000,General examination of patient,8b682753-e814-4c0e-8d86-3c86b232919e,Jaleyemi Primary Health Center
c31b2a9f-20c2-b51a-9a30-0ed874bffa76,1789855112246,,38aaf137-b6bd-1344-6aad-c6d9e3acaed3,ambulatory,162673000,General examination of patient,8b682753-e814-4c0e-8d86-3c86b232919e,Jaleyemi Primary Health Center
aa4f2050-f395-c895-f1cd-4de3bd165c1a,-1128924299434,,daee3204-4602-6c31-420a-246f919d690c,ambulatory,162673000,General examination of patient (procedure),5b973fb5-dd31-4c9c-947c-4eaed77bd2b9,Oyi Ayegunle Primary Health Center
439ee90c-9379-7888-b931-80d57b9de566,-1128924299434,,daee3204-4602-6c31-420a-246f919d690c,ambulatory,185349003,Encounter for check up,5b973fb5-dd31-4c9c-947c-4eaed77bd2b9,Oyi Ayegunle Primary Health Center
d540d977-bafe-bd83-4dc1-0e7237f8602b,-1097366699434,,daee3204-4602-6c31-420a-246f919d690c,ambulatory,162673000,General examination of patient,5b973fb5-dd31-4c9c-947c-4eaed77bd2b9,Oyi Ayegunle Primary Health Center
fc673438-cd28-9628-c401-b62bd4b01966,-1096984823413,,daee3204-4602-6c31-420a-246f919d690c,ambulatory,185349003,Encounter for check up,5b973fb5-dd31-4c9c-947c-4eaed77bd2b9,Oyi Ayegunle Primary Health Center
cf2ddcf9-5eff-c7ea-c640-c806747473de,-1065809099434,,daee3204-4602-6c31-420a-246f919d690c,ambulatory,162673000,General examination of patient,5b973fb5-dd31-4c9c-947c-4eaed77bd2b9,Oyi Ayegunle Primary Health Center
1d4c79c1-93cd-cc67-fd4b-3dd296e5d738,-1065809099434,,daee3204-4602-6c31-420a-246f919d690c,ambulatory,185349003,Encounter for check up,5b973fb5-dd31-4c9c-947c-4eaed77bd2b9,Oyi Ayegunle Primary Health Center
3373d334-e06c-84f3-4360-096fac2bda62,-1065023378644,,daee3204-4602-6c31-420a-246f919d690c,ambulatory,185349003,Encounter for check up,5b973fb5-dd31-4c9c-947c-4eaed77bd2b9,Oyi Ayegunle Primary Health Center
12e47dc1-1c68-0de8-469e-3c1a915939bc,-1033244880474,,daee3204-4602-6c31-420a-246f919d690c,emergency,50849002,Emergency room admission,5b973fb5-dd31-4c9c-947c-4eaed77bd2b9,Oyi Ayegunle Primary Health Center
c32aa159-0b66-08f8-2adc-24c5910401a3,-1002693899434,,daee3204-4602-6c31-420a-246f919d690c,ambulatory,162673000,General examination of patient,5b973fb5-dd31-4c9c-947c-4eaed77bd2b9,Oyi Ayegunle Primary Health Center
19942c58-9c4c-fc1f-c7aa-5284ed5ba13b,-971136299434,,daee3204-4602-6c31-420a-246f919d690c,ambulatory,162673000,General examination of patient,5b973fb5-dd31-4c9c-947c-4eaed77bd2b9,Oyi Ayegunle Primary Health Center
adc2d473-f887-e1e2-f4d8-3615d3a63ec5,-876463499434,,daee3204-4602-6c31-420a-246f919d690c,ambulatory,162673000,General examination of patient,5b973fb5-dd31-4c9c-947c-4eaed77bd2b9,Oyi Ayegunle Primary Health Center
f21451e0-36c0-5671-15a6-ea102e1c1749,-813348299434,,daee3204-4602-6c31-420a-246f919d690c,ambulatory,162673000,General examination of patient,5b973fb5-dd31-4c9c-947c-4eaed77bd2b9,Oyi Ayegunle Primary Health Center
d587132a-b0f8-a8d6-ae05-407be94d698e,-750233099434,,daee3204-4602-6c31-420a-246f919d690c,ambulatory,162673000,General examination of patient,5b973fb5-dd31-4c9c-947c-4eaed77bd2b9,Oyi Ayegunle Primary Health Center
21472257-01ab-b3e7-cd82-0b5bb4018bf5,-718675499434,,daee3204-4602-6c31-420a-246f919d690c,ambulatory,162673000,General examination of patient,5b973fb5-dd31-4c9c-947c-4eaed77bd2b9,Oyi Ayegunle Primary Health Center
f6b944be-d3ff-763a-2b90-cf788fd8a76f,-624002699434,,daee3204-4602-6c31-420a-246f919d690c,ambulatory,162673000,General examination of patient,5b973fb5-dd31-4c9c-947c-4eaed77bd2b9,Oyi Ayegunle Primary Health Center
853e3579-6eaa-993f-25e1-35cb6595dc70,-497772299434,,daee3204-4602-6c31-420a-246f919d690c,ambulatory,162673000,General examination of patient,5b973fb5-dd31-4c9c-947c-4eaed77bd2b9,Oyi Ayegunle Primary Health Center
ee2f3a70-fd3a-307d-d0ff-ab360ba6da05,-371541899434,,daee3204-4602-6c31-420a-246f919d690c,ambulatory,162673000,General examination of patient,5b973fb5-dd31-4c9c-947c-4eaed77bd2b9,Oyi Ayegunle Primary Health Center
33ea5dd1-a1da-6d72-4537-c68e565c94d2,-339984299434,,daee3204-4602-6c31-420a-246f919d690c,ambulatory,162673000,General examination of patient,5b973fb5-dd31-4c9c-947c-4eaed77bd2b9,Oyi Ayegunle Primary Health Center
3f0f73f7-1eff-4c0d-ec1c-2b73805232e5,-308426699434,,daee3204-4602-6c31-420a-246f919d690c,ambulatory,162673000,General examination of patient,5b973fb5-dd31-4c9c-947c-4eaed77bd2b9,Oyi Ayegunle Primary Health Center
d09a9b0e-621a-794a-8df3-3e3edd21cb07,-245311499434,,daee3204-4602-6c31-420a-246f919d690c,ambulatory,162673000,General examination of patient,5b973fb5-dd31-4c9c-947c-4eaed77bd2b9,Oyi Ayegunle Primary Health Center
4b32b35d-4951-d8c4-c4a8-8d9ded4127c2,-182196299434,,daee3204-4602-6c31-420a-246f919d690c,ambulatory,162673000,General examination of patient,5b973fb5-dd31-4c9c-947c-4eaed77bd2b9,Oyi Ayegunle Primary Health Center
d3b14a02-b057-3969-8be7-012e4c1b8cb2,-150638699434,,daee3204-4602-6c31-420a-246f919d690c,ambulatory,162673000,General examination of patient,5b973fb5-dd31-4c9c-947c-4eaed77bd2b9,Oyi Ayegunle Primary Health Center
f82e8a1c-b5be-0459-a9c5-008c287233bc,-87523499434,,daee3204-4602-6c31-420a-246f919d690c,ambulatory,162673000,General examination of patient,5b973fb5-dd31-4c9c-947c-4eaed77bd2b9,Oyi Ayegunle Primary Health Center
475ccfe9-a4a1-810e-e8bf-91a5c75f061a,164937300566,,daee3204-4602-6c31-420a-246f919d690c,ambulatory,162673000,General examination of patient,5b973fb5-dd31-4c9c-947c-4eaed77bd2b9,Oyi Ayegunle Primary Health Center
b3bfc88d-9b10-cf43-37f6-41c7dac90789,196494900566,,daee3204-4602-6c31-420a-246f919d690c,ambulatory,162673000,General examination of patient,5b973fb5-dd31-4c9c-947c-4eaed77bd2b9,Oyi Ayegunle Primary Health Center
0e2cf7b0-5f8b-357e-de3b-5c0cc29b2bd2,291167700566,,daee3204-4602-6c31-420a-246f919d690c,ambulatory,162673000,General examination of patient,5b973fb5-dd31-4c9c-947c-4eaed77bd2b9,Oyi Ayegunle Primary Health Center
b661a134-bd10-d181-ae5e-40d841642d9d,354282900566,,daee3204-4602-6c31-420a-246f919d690c,ambulatory,162673000,General examination of patient,5b973fb5-dd31-4c9c-947c-4eaed77bd2b9,Oyi Ayegunle Primary Health Center
bd9a52f5-0a9f-cf88-1d92-dbc838868e07,385840500566,,daee3204-4602-6c31-420a-246f919d690c,ambulatory,162673000,General examination of patient,5b973fb5-dd31-4c9c-947c-4eaed77bd2b9,Oyi Ayegunle Primary Health Center
f45f0270-d558-28ae-ce87-82e71ca73d38,417398100566,,daee3204-4602-6c31-420a-246f919d690c,ambulatory,162673000,General examination of patient,5b973fb5-dd31-4c9c-947c-4eaed77bd2b9,Oyi Ayegunle Primary Health Center
29e4277c-461a-5dd4-b7ae-02797d035db3,480513300566,,daee3204-4602-6c31-420a-246f919d690c,ambulatory,162673000,General examination of patient,5b973fb5-dd31-4c9c-947c-4eaed77bd2b9,Oyi Ayegunle Primary Health Center
cdd67447-2cf5-0e8e-7880-9e393e9074f3,512070900566,,daee3204-4602-6c31-420a-246f919d690c,ambulatory,162673000,General examination of patient,5b973fb5-dd31-4c9c-947c-4eaed77bd2b9,Oyi Ayegunle Primary Health Center
d28942dc-a689-4bb4-9c95-2962a1220d0b,543628500566,,daee3204-4602-6c31-420a-246f919d690c,ambulatory,162673000,General examination of patient,5b973fb5-dd31-4c9c-947c-4eaed77bd2b9,Oyi Ayegunle Primary Health Center
613e2508-c674-1b6e-25ee-7f48799cbc86,606743700566,,daee3204-4602-6c31-420a-246f919d690c,ambulatory,162673000,General examination of patient,5b973fb5-dd31-4c9c-947c-4eaed77bd2b9,Oyi Ayegunle Primary Health Center
21100da4-e93b-2801-7163-2e5801b4c66c,669858900566,,daee3204-4602-6c31-420a-246f919d690c,ambulatory,162673000,General examination of patient,5b973fb5-dd31-4c9c-947c-4eaed77bd2b9,Oyi Ayegunle Primary Health Center
3a502f7d-ff03-6e87-5403-8110f1ceb548,701416500566,,daee3204-4602-6c31-420a-246f919d690c,ambulatory,162673000,General examination of patient,5b973fb5-dd31-4c9c-947c-4eaed77bd2b9,Oyi Ayegunle Primary Health Center
29b53e7f-76e0-5daa-33d3-99bc056d1eb6,796089300566,,daee3204-4602-6c31-420a-246f919d690c,ambulatory,162673000,General examination of patient,5b973fb5-dd31-4c9c-947c-4eaed77bd2b9,Oyi Ayegunle Primary Health Center
a7e8cc38-cc16-beae-7123-bf920130c555,859204500566,,daee3204-4602-6c31-420a-246f919d690c,ambulatory,162673000,General examination of patient,5b973fb5-dd31-4c9c-947c-4eaed77bd2b9,Oyi Ayegunle Primary Health Center
bb1b020d-7d12-c722-f8bb-74cf33305bc9,890762100566,,daee3204-4602-6c31-420a-246f919d690c,ambulatory,162673000,General examination of patient,5b973fb5-dd31-4c9c-947c-4eaed77bd2b9,Oyi Ayegunle Primary Health Center
b835a13e-0727-0ba2-5422-78c65abbfd3f,985434900566,,daee3204-4602-6c31-420a-246f919d690c,ambulatory,162673000,General examination of patient,5b973fb5-dd31-4c9c-947c-4eaed77bd2b9,Oyi Ayegunle Primary Health Center
82c2fc7a-7348-89ce-ffbb-a77d11be1042,985672500566,,daee3204-4602-6c31-420a-246f919d690c,ambulatory,185349003,Encounter for check up,5b973fb5-dd31-4c9c-947c-4eaed77bd2b9,Oyi Ayegunle Primary Health Center
4108943b-d649-de58-b280-ff1f8bb20bfd,1016992500566,,daee3204-4602-6c31-420a-246f919d690c,ambulatory,162673000,General examination of patient,5b973fb5-dd31-4c9c-947c-4eaed77bd2b9,Oyi Ayegunle Primary Health Center
debbbb83-3107-7ce0-1828-9b22d22d99ce,1048550100566,,daee3204-4602-6c31-420a-246f919d690c,ambulatory,162673000,General examination of patient,5b973fb5-dd31-4c9c-947c-4eaed77bd2b9,Oyi Ayegunle Primary Health Center
2a2c9b6b-f88c-a659-7ddd-3e82bd22593f,1143222900566,,daee3204-4602-6c31-420a-246f919d690c,ambulatory,162673000,General examination of patient,5b973fb5-dd31-4c9c-947c-4eaed77bd2b9,Oyi Ayegunle Primary Health Center
f6e6b5c0-721b-be4e-f9a9-0293e7e66829,1174780500566,,daee3204-4602-6c31-420a-246f919d690c,ambulatory,162673000,General examination of patient,5b973fb5-dd31-4c9c-947c-4eaed77bd2b9,Oyi Ayegunle Primary Health Center
310d4df4-91e7-bdb5-15d6-76e2e1e5e899,1237895700566,,daee3204-4602-6c31-420a-246f919d690c,ambulatory,162673000,General examination of patient,5b973fb5-dd31-4c9c-947c-4eaed77bd2b9,Oyi Ayegunle Primary Health Center
b30dd916-3f8e-72a5-1494-bbfc5b9cb79c,1239198728976,,daee3204-4602-6c31-420a-246f919d690c,emergency,50849002,Emergency room admission,5b973fb5-dd31-4c9c-947c-4eaed77bd2b9,Oyi Ayegunle Primary Health Center
e0e117a1-4307-2f0e-4ea6-33c1bae89d25,1269453300566,,daee3204-4602-6c31-420a-246f919d690c,ambulatory,162673000,General examination of patient,5b973fb5-dd31-4c9c-947c-4eaed77bd2b9,Oyi Ayegunle Primary Health Center
d9608f0c-cd54-0540-a14c-18a44c601082,1364126100566,,daee3204-4602-6c31-420a-246f919d690c,ambulatory,162673000,General examination of patient,5b973fb5-dd31-4c9c-947c-4eaed77bd2b9,Oyi Ayegunle Primary Health Center
b5ce959d-dc06-4ec4-64cc-d962e24a50aa,1427241300566,,daee3204-4602-6c31-420a-246f919d690c,ambulatory,162673000,General examination of patient,5b973fb5-dd31-4c9c-947c-4eaed77bd2b9,Oyi Ayegunle Primary Health Center
c2788a73-56a7-e0c8-2ee5-050c7147f3b9,1429161395338,,daee3204-4602-6c31-420a-246f919d690c,ambulatory,185349003,Encounter for check up,5b973fb5-dd31-4c9c-947c-4eaed77bd2b9,Oyi Ayegunle Primary Health Center
06c29906-18f8-929d-9ccc-de6482bfa23a,1458798900566,,daee3204-4602-6c31-420a-246f919d690c,ambulatory,162673000,General examination of patient,5b973fb5-dd31-4c9c-947c-4eaed77bd2b9,Oyi Ayegunle Primary Health Center
e235853b-0a5e-7dfa-ef02-7bf731b80601,1553471700566,,daee3204-4602-6c31-420a-246f919d690c,ambulatory,162673000,General examination of patient,5b973fb5-dd31-4c9c-947c-4eaed77bd2b9,Oyi Ayegunle Primary Health Center
f9daa201-aa15-047b-f8d9-5b89315aac53,1616586900566,,daee3204-4602-6c31-420a-246f919d690c,ambulatory,162673000,General examination of patient,5b973fb5-dd31-4c9c-947c-4eaed77bd2b9,Oyi Ayegunle Primary Health Center
435b9f98-a26e-e90d-c34b-08e38cf6c92a,1711259700566,,daee3204-4602-6c31-420a-246f919d690c,ambulatory,162673000,General examination of patient,5b973fb5-dd31-4c9c-947c-4eaed77bd2b9,Oyi Ayegunle Primary Health Center
b9cb9837-ae7a-ed94-3214-2070b6a6bd47,1774374900566,,daee3204-4602-6c31-420a-246f919d690c,ambulatory,162673000,General examination of patient,5b973fb5-dd31-4c9c-947c-4eaed77bd2b9,Oyi Ayegunle Primary Health Center
2fc337cc-07fa-6fac-ee83-bc6b801a48a3,-233570896069,,f5fff2f5-ac96-143a-6a1e-f9540a258961,ambulatory,162673000,General examination of patient (procedure),adfeb2b1-08dd-4630-9f12-06724fd39ed5,Charity Hospital
81a32ac7-746a-50ad-9706-ed4a674d79ad,-233570896069,,f5fff2f5-ac96-143a-6a1e-f9540a258961,inpatient,32485007,Hospital admission,adfeb2b1-08dd-4630-9f12-06724fd39ed5,Charity Hospital
86513602-2ef4-3ad2-c963-76918a56ad0d,-170455696069,,f5fff2f5-ac96-143a-6a1e-f9540a258961,ambulatory,185349003,Encounter for check up,adfeb2b1-08dd-4630-9f12-06724fd39ed5,Charity Hospital
b5de4a79-085e-b15a-84c1-02a9786a9057,-170455696069,,f5fff2f5-ac96-143a-6a1e-f9540a258961,emergency,50849002,Emergency room admission,adfeb2b1-08dd-4630-9f12-06724fd39ed5,Charity Hospital
f2fe9b5a-5fe6-8d4f-5e89-876c0a899342,-138898096069,,f5fff2f5-ac96-143a-6a1e-f9540a258961,ambulatory,162673000,General examination of patient,adfeb2b1-08dd-4630-9f12-06724fd39ed5,Charity Hospital
7cf798fd-4598-d3df-de1d-e7043fc885ce,-138523234164,,f5fff2f5-ac96-143a-6a1e-f9540a258961,ambulatory,185349003,Encounter for check up,adfeb2b1-08dd-4630-9f12-06724fd39ed5,Charity Hospital
c154988f-b02c-d017-ea42-fd337f949398,-137913045770,,f5fff2f5-ac96-143a-6a1e-f9540a258961,ambulatory,185349003,Encounter for check up,adfeb2b1-08dd-4630-9f12-06724fd39ed5,Charity Hospital
b947e4f8-a678-1975-cbb1-d2d061f38c44,-107340496069,,f5fff2f5-ac96-143a-6a1e-f9540a258961,ambulatory,162673000,General examination of patient,adfeb2b1-08dd-4630-9f12-06724fd39ed5,Charity Hospital
0203550a-d29d-a4d8-06f1-328692c7e9ef,-106668202765,,f5fff2f5-ac96-143a-6a1e-f9540a258961,ambulatory,185349003,Encounter for check up,adfeb2b1-08dd-4630-9f12-06724fd39ed5,Charity Hospital
699e48ec-8a01-fb22-7850-b531ebec2b27,-73963562746,,f5fff2f5-ac96-143a-6a1e-f9540a258961,ambulatory,185349003,Encounter for check up,adfeb2b1-08dd-4630-9f12-06724fd39ed5,Charity Hospital
10e4e382-f0fc-b82a-445d-4a978bc75cd5,-44225296069,,f5fff2f5-ac96-143a-6a1e-f9540a258961,ambulatory,162673000,General examination of patient,adfeb2b1-08dd-4630-9f12-06724fd39ed5,Charity Hospital
0576c85c-0ab8-159e-b767-86c748a92637,18889903931,,f5fff2f5-ac96-143a-6a1e-f9540a258961,ambulatory,162673000,General examination of patient,adfeb2b1-08dd-4630-9f12-06724fd39ed5,Charity Hospital
4bded148-5455-9b42-f08d-b5af628d32be,50447503931,,f5fff2f5-ac96-143a-6a1e-f9540a258961,ambulatory,162673000,General examination of patient,adfeb2b1-08dd-4630-9f12-06724fd39ed5,Charity Hospital
931d7fe8-cf73-95a7-5868-587884a75666,82005103931,,f5fff2f5-ac96-143a-6a1e-f9540a258961,ambulatory,162673000,General examination of patient,adfeb2b1-08dd-4630-9f12-06724fd39ed5,Charity Hospital
9f61d8fc-dc5b-d971-669b-6dd5c37395e0,145120303931,,f5fff2f5-ac96-143a-6a1e-f9540a258961,ambulatory,162673000,General examination of patient,adfeb2b1-08dd-4630-9f12-06724fd39ed5,Charity Hospital
b8c29ae6-9b3c-6e5d-c4a8-f38d876677de,176677903931,,f5fff2f5-ac96-143a-6a1e-f9540a258961,ambulatory,162673000,General examination of patient,adfeb2b1-08dd-4630-9f12-06724fd39ed5,Charity Hospital
48a5137b-b504-3e2f-6f73-28c7daf92162,302908303931,,f5fff2f5-ac96-143a-6a1e-f9540a258961,ambulatory,162673000,General examination of patient,adfeb2b1-08dd-4630-9f12-06724fd39ed5,Charity Hospital
bb3c1ee5-e5f6-7eb7-6a48-8167aeb7b7fb,429138703931,,f5fff2f5-ac96-143a-6a1e-f9540a258961,ambulatory,162673000,General examination of patient,adfeb2b1-08dd-4630-9f12-06724fd39ed5,Charity Hospital
37d6ba05-6111-acce-699c-80aedf5a209e,460696303931,,f5fff2f5-ac96-143a-6a1e-f9540a258961,ambulatory,162673000,General examination of patient,adfeb2b1-08dd-4630-9f12-06724fd39ed5,Charity Hospital
7edd8ae7-c832-0e52-bef4-6c6915f4ce08,492253903931,,f5fff2f5-ac96-143a-6a1e-f9540a258961,ambulatory,162673000,General examination of patient,adfeb2b1-08dd-4630-9f12-06724fd39ed5,Charity Hospital
d1f49eb8-accc-faa3-46e5-c6ea40334b34,586926703931,,f5fff2f5-ac96-143a-6a1e-f9540a258961,ambulatory,162673000,General examination of patient,adfeb2b1-08dd-4630-9f12-06724fd39ed5,Charity Hospital
21170d19-6fab-0758-db63-26b295b6d9ed,650041903931,,f5fff2f5-ac96-143a-6a1e-f9540a258961,ambulatory,162673000,General examination of patient,adfeb2b1-08dd-4630-9f12-06724fd39ed5,Charity Hospital
86e8d44a-6490-d86c-420c-1e1c66bc3260,681599503931,,f5fff2f5-ac96-143a-6a1e-f9540a258961,ambulatory,162673000,General examination of patient,adfeb2b1-08dd-4630-9f12-06724fd39ed5,Charity Hospital
35dea201-ab59-d947-d91b-44ec62252741,744714703931,,f5fff2f5-ac96-143a-6a1e-f9540a258961,ambulatory,162673000,General examination of patient,adfeb2b1-08dd-4630-9f12-06724fd39ed5,Charity Hospital
11bcf0b6-f0af-782c-b9a2-ad7796c53356,807829903931,,f5fff2f5-ac96-143a-6a1e-f9540a258961,ambulatory,162673000,General examination of patient,adfeb2b1-08dd-4630-9f12-06724fd39ed5,Charity Hospital
7f3651dd-f46a-daa5-a727-22ec08cce0e7,1028733103931,,f5fff2f5-ac96-143a-6a1e-f9540a258961,ambulatory,162673000,General examination of patient,adfeb2b1-08dd-4630-9f12-06724fd39ed5,Charity Hospital
84c207f9-9829-e3f5-e80e-9205561a112d,1060290703931,,f5fff2f5-ac96-143a-6a1e-f9540a258961,ambulatory,162673000,General examination of patient,adfeb2b1-08dd-4630-9f12-06724fd39ed5,Charity Hospital
e2432c5d-f0e2-edc2-75fe-04baa0f3d791,1091848303931,,f5fff2f5-ac96-143a-6a1e-f9540a258961,ambulatory,162673000,General examination of patient,adfeb2b1-08dd-4630-9f12-06724fd39ed5,Charity Hospital
83080723-16e9-de8a-f5ef-358f5eb77b19,1154963503931,,f5fff2f5-ac96-143a-6a1e-f9540a258961,ambulatory,162673000,General examination of patient,adfeb2b1-08dd-4630-9f12-06724fd39ed5,Charity Hospital
0a432ee8-b456-c053-1d03-b19970765bb8,1186521103931,,f5fff2f5-ac96-143a-6a1e-f9540a258961,ambulatory,162673000,General examination of patient,adfeb2b1-08dd-4630-9f12-06724fd39ed5,Charity Hospital
d5905d86-0907-782a-8175-77ae30c586ab,1312751503931,,f5fff2f5-ac96-143a-6a1e-f9540a258961,ambulatory,162673000,General examination of patient,adfeb2b1-08dd-4630-9f12-06724fd39ed5,Charity Hospital
f6135b7e-3030-102c-6b53-3e548ecf8451,1344309103931,,f5fff2f5-ac96-143a-6a1e-f9540a258961,ambulatory,162673000,General examination of patient,adfeb2b1-08dd-4630-9f12-06724fd39ed5,Charity Hospital
96827fb3-c539-55fc-b083-15385707767f,1407424303931,,f5fff2f5-ac96-143a-6a1e-f9540a258961,ambulatory,162673000,General examination of patient,adfeb2b1-08dd-4630-9f12-06724fd39ed5,Charity Hospital
7799b107-9745-6a9e-ec0a-4d17f56ddb62,1502097103931,,f5fff2f5-ac96-143a-6a1e-f9540a258961,ambulatory,162673000,General examination of patient,adfeb2b1-08dd-4630-9f12-06724fd39ed5,Charity Hospital
23246670-6df4-b7ee-9504-0aa96ea604d5,1565212303931,,f5fff2f5-ac96-143a-6a1e-f9540a258961,ambulatory,162673000,General examination of patient,adfeb2b1-08dd-4630-9f12-06724fd39ed5,Charity Hospital
80541960-54d8-793a-3048-b5aa36766c6c,1691442703931,,f5fff2f5-ac96-143a-6a1e-f9540a258961,ambulatory,162673000,General examination of patient,adfeb2b1-08dd-4630-9f12-06724fd39ed5,Charity Hospital
618baa56-4827-7aa8-3b17-57b3e46a9294,1786115503931,,f5fff2f5-ac96-143a-6a1e-f9540a258961,ambulatory,162673000,General examination of patient,adfeb2b1-08dd-4630-9f12-06724fd39ed5,Charity Hospital
cf2294d0-ada9-018b-994e-1f4fdc863767,696279062079,,47ed4dba-9dcb-a9c2-8ea8-3d07622c0409,ambulatory,162673000,General examination of patient,858bf1f4-a2d2-4c45-afdf-03dac16fc6b5,Ipetumodu General Hospital
e03d7b31-622a-98bb-0600-295a32a34fa1,696279062079,,47ed4dba-9dcb-a9c2-8ea8-3d07622c0409,ambulatory,185349003,Encounter for check up,858bf1f4-a2d2-4c45-afdf-03dac16fc6b5,Ipetumodu General Hospital
1b199f15-b927-c969-2775-b90ebac5ba52,728180008698,,47ed4dba-9dcb-a9c2-8ea8-3d07622c0409,ambulatory,185349003,Encounter for check up,858bf1f4-a2d2-4c45-afdf-03dac16fc6b5,Ipetumodu General Hospital
a2267662-d0f7-5b7d-d2ca-b28c2b5dacd3,759394262079,,47ed4dba-9dcb-a9c2-8ea8-3d07622c0409,emergency,50849002,Emergency room admission,858bf1f4-a2d2-4c45-afdf-03dac16fc6b5,Ipetumodu General Hospital
4d800a7a-b58b-8bc4-7ec5-ef2b5f935383,1207591922211,,27f255c4-3308-1398-6abb-d6ad3382b2f9,ambulatory,162673000,General examination of patient,d0239d51-953e-4fca-a0b2-ab47e819b7c1,Peace Cottage Hospital
f6780fa5-6381-8b8c-17f2-62672299f374,1207591922211,,27f255c4-3308-1398-6abb-d6ad3382b2f9,emergency,50849002,Emergency room admission,d0239d51-953e-4fca-a0b2-ab47e819b7c1,Peace Cottage Hospital
ff92d45f-e255-1d4c-0345-608c6af1d5ee,1270707122211,,27f255c4-3308-1398-6abb-d6ad3382b2f9,ambulatory,162673000,General examination of patient,d0239d51-953e-4fca-a0b2-ab47e819b7c1,Peace Cottage Hospital
90575eb7-b647-b7f0-a57c-74722e1032ac,1270707122211,,27f255c4-3308-1398-6abb-d6ad3382b2f9,ambulatory,185349003,Encounter for check up,d0239d51-953e-4fca-a0b2-ab47e819b7c1,Peace Cottage Hospital
ea572c56-5712-6aa6-e489-040eff01d00f,1302264722211,,27f255c4-3308-1398-6abb-d6ad3382b2f9,ambulatory,162673000,General examination of patient,d0239d51-953e-4fca-a0b2-ab47e819b7c1,Peace Cottage Hospital
a2c1909c-359d-2f42-be8d-3efe2c2b9197,1302600457667,,27f255c4-3308-1398-6abb-d6ad3382b2f9,ambulatory,185349003,Encounter for check up,d0239d51-953e-4fca-a0b2-ab47e819b7c1,Peace Cottage Hospital
e816cf18-6138-1627-0ac8-2d13a668f2db,1303387002806,,27f255c4-3308-1398-6abb-d6ad3382b2f9,ambulatory,185349003,Encounter for check up,d0239d51-953e-4fca-a0b2-ab47e819b7c1,Peace Cottage Hospital
4b282ea2-2566-922a-e915-6a599915a1c1,1333822322211,,27f255c4-3308-1398-6abb-d6ad3382b2f9,ambulatory,162673000,General examination of patient,d0239d51-953e-4fca-a0b2-ab47e819b7c1,Peace Cottage Hospital
6fb5faf0-2e5b-3564-672e-44ccbfd1165c,1367278071008,,27f255c4-3308-1398-6abb-d6ad3382b2f9,ambulatory,185349003,Encounter for check up,d0239d51-953e-4fca-a0b2-ab47e819b7c1,Peace Cottage Hospital
2698e121-c952-b568-c768-3ef5fb123879,1460052722211,,27f255c4-3308-1398-6abb-d6ad3382b2f9,ambulatory,162673000,General examination of patient,d0239d51-953e-4fca-a0b2-ab47e819b7c1,Peace Cottage Hospital
6d342cfa-0b2d-547a-6c90-7f29ea116db4,1586283122211,,27f255c4-3308-1398-6abb-d6ad3382b2f9,ambulatory,162673000,General examination of patient,d0239d51-953e-4fca-a0b2-ab47e819b7c1,Peace Cottage Hospital
2182981c-f9f0-b0dc-980f-9a310fa02ad8,1712513522211,,27f255c4-3308-1398-6abb-d6ad3382b2f9,ambulatory,162673000,General examination of patient,d0239d51-953e-4fca-a0b2-ab47e819b7c1,Peace Cottage Hospital
ba4d50f6-aefd-d90b-63b0-72bd7ff7c5dd,-528619531575,,9543e3e9-849d-094b-e502-63e2b097f4a0,ambulatory,162673000,General examination of patient,e95fe2f3-1bc4-41e0-967e-b6f0691857af,Olosi Obanimuwa Health Center
1cf75dc1-e1fb-d8b4-6d6c-589debc0fccc,-497061931575,,9543e3e9-849d-094b-e502-63e2b097f4a0,ambulatory,185349003,Encounter for check up,e95fe2f3-1bc4-41e0-967e-b6f0691857af,Olosi Obanimuwa Health Center
55b9825e-9e96-0bfd-bb35-9d88401fbea6,-497061931575,,9543e3e9-849d-094b-e502-63e2b097f4a0,emergency,50849002,Emergency room admission,e95fe2f3-1bc4-41e0-967e-b6f0691857af,Olosi Obanimuwa Health Center
0ce94b22-4f4c-c25f-ea18-eba29e950157,-465101157291,,9543e3e9-849d-094b-e502-63e2b097f4a0,ambulatory,185349003,Encounter for check up,e95fe2f3-1bc4-41e0-967e-b6f0691857af,Olosi Obanimuwa Health Center
e605a732-acc4-7794-5a52-7bf68391a095,-464531030136,,9543e3e9-849d-094b-e502-63e2b097f4a0,emergency,50849002,Emergency room admission,e95fe2f3-1bc4-41e0-967e-b6f0691857af,Olosi Obanimuwa Health Center
0632995c-9b2a-49ed-c9da-90bd5f71d0e8,-433188678422,,9543e3e9-849d-094b-e502-63e2b097f4a0,ambulatory,185349003,Encounter for check up,e95fe2f3-1bc4-41e0-967e-b6f0691857af,Olosi Obanimuwa Health Center
5304acaf-3067-8128-d917-64f6d3ef5b6d,-402389131575,,9543e3e9-849d-094b-e502-63e2b097f4a0,ambulatory,162673000,General examination of patient,e95fe2f3-1bc4-41e0-967e-b6f0691857af,Olosi Obanimuwa Health Center
91431b51-5188-f9e5-bda0-b109228d6753,-339273931575,,9543e3e9-849d-094b-e502-63e2b097f4a0,ambulatory,162673000,General examination of patient,e95fe2f3-1bc4-41e0-967e-b6f0691857af,Olosi Obanimuwa Health Center
78dfe81d-f1f4-9bbb-112c-130e10266e57,-276158731575,,9543e3e9-849d-094b-e502-63e2b097f4a0,ambulatory,162673000,General examination of patient,e95fe2f3-1bc4-41e0-967e-b6f0691857af,Olosi Obanimuwa Health Center
18b7e662-0d1a-83c9-9dad-d5457b73fd0f,-149928331575,,9543e3e9-849d-094b-e502-63e2b097f4a0,ambulatory,162673000,General examination of patient,e95fe2f3-1bc4-41e0-967e-b6f0691857af,Olosi Obanimuwa Health Center
294462f7-46c0-b58e-cd89-2c026b24e4e5,-86813131575,,9543e3e9-849d-094b-e502-63e2b097f4a0,ambulatory,162673000,General examination of patient,e95fe2f3-1bc4-41e0-967e-b6f0691857af,Olosi Obanimuwa Health Center
2e1b4436-1761-a397-2bb3-be5573fc18df,7859668425,,9543e3e9-849d-094b-e502-63e2b097f4a0,ambulatory,162673000,General examination of patient,e95fe2f3-1bc4-41e0-967e-b6f0691857af,Olosi Obanimuwa Health Center
ea3474df-147c-a17f-be69-84c9f33af5e8,39417268425,,9543e3e9-849d-094b-e502-63e2b097f4a0,ambulatory,162673000,General examination of patient,e95fe2f3-1bc4-41e0-967e-b6f0691857af,Olosi Obanimuwa Health Center
44dbd016-e73b-64dd-f897-5e3a317fe6ed,165647668425,,9543e3e9-849d-094b-e502-63e2b097f4a0,ambulatory,162673000,General examination of patient,e95fe2f3-1bc4-41e0-967e-b6f0691857af,Olosi Obanimuwa Health Center
727ebe22-a737-2e4d-603f-7a941ed05d9e,260320468425,,9543e3e9-849d-094b-e502-63e2b097f4a0,ambulatory,162673000,General examination of patient,e95fe2f3-1bc4-41e0-967e-b6f0691857af,Olosi Obanimuwa Health Center
40e2bd5d-ed78-be73-68d7-e697da9a4072,291878068425,,9543e3e9-849d-094b-e502-63e2b097f4a0,ambulatory,162673000,General examination of patient,e95fe2f3-1bc4-41e0-967e-b6f0691857af,Olosi Obanimuwa Health Center
68f0bc53-45e8-ddfe-5176-250cea9d60b1,354993268425,,9543e3e9-849d-094b-e502-63e2b097f4a0,ambulatory,162673000,General examination of patient,e95fe2f3-1bc4-41e0-967e-b6f0691857af,Olosi Obanimuwa Health Center
e3835c8b-987b-0b59-89b1-aee7f55ec091,418108468425,,9543e3e9-849d-094b-e502-63e2b097f4a0,ambulatory,162673000,General examination of patient,e95fe2f3-1bc4-41e0-967e-b6f0691857af,Olosi Obanimuwa Health Center
2f0da0e7-9cd1-309d-e2d3-4e990441f5aa,449666068425,,9543e3e9-849d-094b-e502-63e2b097f4a0,ambulatory,162673000,General examination of patient,e95fe2f3-1bc4-41e0-967e-b6f0691857af,Olosi Obanimuwa Health Center
c5caa498-d898-1277-cd16-a1c5bc414e1f,512781268425,,9543e3e9-849d-094b-e502-63e2b097f4a0,ambulatory,162673000,General examination of patient,e95fe2f3-1bc4-41e0-967e-b6f0691857af,Olosi Obanimuwa Health Center
8e861d22-9d1c-1de1-0973-8e253262d8bb,575896468425,,9543e3e9-849d-094b-e502-63e2b097f4a0,ambulatory,162673000,General examination of patient,e95fe2f3-1bc4-41e0-967e-b6f0691857af,Olosi Obanimuwa Health Center
aceeb73f-db5a-d7e1-c251-29d5d3d70374,607454068425,,9543e3e9-849d-094b-e502-63e2b097f4a0,ambulatory,162673000,General examination of patient,e95fe2f3-1bc4-41e0-967e-b6f0691857af,Olosi Obanimuwa Health Center
a5baae4b-927d-0145-b53e-391e7d04fe61,639011668425,,9543e3e9-849d-094b-e502-63e2b097f4a0,ambulatory,162673000,General examination of patient,e95fe2f3-1bc4-41e0-967e-b6f0691857af,Olosi Obanimuwa Health Center
82576b0c-5be1-6c2a-f119-afb73b19e2a8,670569268425,,9543e3e9-849d-094b-e502-63e2b097f4a0,ambulatory,162673000,General examination of patient,e95fe2f3-1bc4-41e0-967e-b6f0691857af,Olosi Obanimuwa Health Center
5040e3f3-fa89-e9f0-8b82-6c2e7e233b61,702126868425,,9543e3e9-849d-094b-e502-63e2b097f4a0,ambulatory,162673000,General examination of patient,e95fe2f3-1bc4-41e0-967e-b6f0691857af,Olosi Obanimuwa Health Center
31a9771f-f0c0-f957-13e9-9f07d54b94be,733684468425,,9543e3e9-849d-094b-e502-63e2b097f4a0,ambulatory,162673000,General examination of patient,e95fe2f3-1bc4-41e0-967e-b6f0691857af,Olosi Obanimuwa Health Center
bbd0b6a9-02dd-f316-9889-99dde4d7e2ba,828357268425,,9543e3e9-849d-094b-e502-63e2b097f4a0,ambulatory,162673000,General examination of patient,e95fe2f3-1bc4-41e0-967e-b6f0691857af,Olosi Obanimuwa Health Center
a8403fb8-7d34-f407-d629-4ae5d2e0f9b5,891472468425,,9543e3e9-849d-094b-e502-63e2b097f4a0,ambulatory,162673000,General examination of patient,e95fe2f3-1bc4-41e0-967e-b6f0691857af,Olosi Obanimuwa Health Center
76f8c4b5-9bfa-bce4-9753-439819b25819,923030068425,,9543e3e9-849d-094b-e502-63e2b097f4a0,ambulatory,162673000,General examination of patient,e95fe2f3-1bc4-41e0-967e-b6f0691857af,Olosi Obanimuwa Health Center
863f7e44-28e3-7637-7439-6a85126f2d77,954587668425,,9543e3e9-849d-094b-e502-63e2b097f4a0,ambulatory,162673000,General examination of patient,e95fe2f3-1bc4-41e0-967e-b6f0691857af,Olosi Obanimuwa Health Center
d350619d-c5f3-9109-80be-a99c4cdfb4c4,1017702868425,,9543e3e9-849d-094b-e502-63e2b097f4a0,ambulatory,162673000,General examination of patient,e95fe2f3-1bc4-41e0-967e-b6f0691857af,Olosi Obanimuwa Health Center
4de08bcb-61e8-2ad1-621d-3182c3edc0fe,1049260468425,,9543e3e9-849d-094b-e502-63e2b097f4a0,ambulatory,162673000,General examination of patient,e95fe2f3-1bc4-41e0-967e-b6f0691857af,Olosi Obanimuwa Health Center
56699255-0c4e-18c5-1d28-751b2cc657ee,1207048468425,,9543e3e9-849d-094b-e502-63e2b097f4a0,ambulatory,162673000,General examination of patient,e95fe2f3-1bc4-41e0-967e-b6f0691857af,Olosi Obanimuwa Health Center
0752d584-798f-16f9-590e-af387c1e109a,1301721268425,,9543e3e9-849d-094b-e502-63e2b097f4a0,ambulatory,162673000,General examination of patient,e95fe2f3-1bc4-41e0-967e-b6f0691857af,Olosi Obanimuwa Health Center
9a710d06-7442-355c-c1ce-b14ce03cda3a,1522624468425,,9543e3e9-849d-094b-e502-63e2b097f4a0,ambulatory,162673000,General examination of patient,e95fe2f3-1bc4-41e0-967e-b6f0691857af,Olosi Obanimuwa Health Center
d2e04c2e-5b2f-41a0-2bdd-5d96bd297c9b,1554182068425,,9543e3e9-849d-094b-e502-63e2b097f4a0,ambulatory,162673000,General examination of patient,e95fe2f3-1bc4-41e0-967e-b6f0691857af,Olosi Obanimuwa Health Center
eb62a637-5126-c001-4720-4459dcead208,1585739668425,,9543e3e9-849d-094b-e502-63e2b097f4a0,ambulatory,162673000,General examination of patient,e95fe2f3-1bc4-41e0-967e-b6f0691857af,Olosi Obanimuwa Health Center
00300c94-eb16-5e0c-a40b-aac1b0548c24,1648854868425,,9543e3e9-849d-094b-e502-63e2b097f4a0,ambulatory,162673000,General examination of patient,e95fe2f3-1bc4-41e0-967e-b6f0691857af,Olosi Obanimuwa Health Center
2380dcc9-9789-0ed2-05c8-67df5fd7db39,1472933132909,,14a953e0-a11d-a1d6-35cd-7d0c79d2e38f,ambulatory,162673000,General examination of patient (procedure),4609a12d-cf37-40eb-8540-535207fac490,Akinorun Mdg
338529ac-f247-f9fd-400f-748dcfe30d59,894426616397,,3bc34cd6-796b-ccb0-1144-452a7884a5fb,ambulatory,162673000,General examination of patient (procedure),1b7e373a-11b8-4056-a684-ac469228e7b6,Moboreje Primary Health Center
c96f8802-4020-5d31-3c1c-598c5f6e5d40,894426616397,,3bc34cd6-796b-ccb0-1144-452a7884a5fb,ambulatory,185349003,Encounter for check up,1b7e373a-11b8-4056-a684-ac469228e7b6,Moboreje Primary Health Center
45560a7c-08d3-fb80-22cc-efecb5b672fc,894426616397,,3bc34cd6-796b-ccb0-1144-452a7884a5fb,emergency,50849002,Emergency room admission,1b7e373a-11b8-4056-a684-ac469228e7b6,Moboreje Primary Health Center
ccfd7fb7-2425-bc39-3544-662bc351220a,925984216397,,3bc34cd6-796b-ccb0-1144-452a7884a5fb,ambulatory,162673000,General examination of patient,1b7e373a-11b8-4056-a684-ac469228e7b6,Moboreje Primary Health Center
a8e7ebf5-7647-491c-4e40-fa5120d43393,926339670649,,3bc34cd6-796b-ccb0-1144-452a7884a5fb,ambulatory,185349003,Encounter for check up,1b7e373a-11b8-4056-a684-ac469228e7b6,Moboreje Primary Health Center
6af9a4d9-462f-d0bf-240f-490ec5a621fa,957541816397,,3bc34cd6-796b-ccb0-1144-452a7884a5fb,ambulatory,162673000,General examination of patient,1b7e373a-11b8-4056-a684-ac469228e7b6,Moboreje Primary Health Center
4e06be9a-685a-0721-a4dd-1b566cc02dd7,958299253315,,3bc34cd6-796b-ccb0-1144-452a7884a5fb,ambulatory,185349003,Encounter for check up,1b7e373a-11b8-4056-a684-ac469228e7b6,Moboreje Primary Health Center
0fd67603-c835-6350-2d1b-4bf894469d6f,989099416397,,3bc34cd6-796b-ccb0-1144-452a7884a5fb,ambulatory,162673000,General examination of patient,1b7e373a-11b8-4056-a684-ac469228e7b6,Moboreje Primary Health Center
1b23d41a-6053-3d65-607a-984da4be9724,990220705478,,3bc34cd6-796b-ccb0-1144-452a7884a5fb,ambulatory,185349003,Encounter for check up,1b7e373a-11b8-4056-a684-ac469228e7b6,Moboreje Primary Health Center
4d59f19e-598e-b9cb-c53b-97c694e62ecb,1083772216397,,3bc34cd6-796b-ccb0-1144-452a7884a5fb,ambulatory,162673000,General examination of patient,1b7e373a-11b8-4056-a684-ac469228e7b6,Moboreje Primary Health Center
c888334d-818e-7d76-9ba1-8b70a480f63f,1115329816397,,3bc34cd6-796b-ccb0-1144-452a7884a5fb,ambulatory,162673000,General examination of patient,1b7e373a-11b8-4056-a684-ac469228e7b6,Moboreje Primary Health Center
8e9950f7-ea4f-c05e-7b58-3071d13a8a28,1146887416397,,3bc34cd6-796b-ccb0-1144-452a7884a5fb,ambulatory,162673000,General examination of patient,1b7e373a-11b8-4056-a684-ac469228e7b6,Moboreje Primary Health Center
61ac5601-17cc-b7a9-8275-133aea41fcb9,1178445016397,,3bc34cd6-796b-ccb0-1144-452a7884a5fb,ambulatory,162673000,General examination of patient,1b7e373a-11b8-4056-a684-ac469228e7b6,Moboreje Primary Health Center
d419292e-bce1-931e-2e02-679fad826ddd,1179382704055,,3bc34cd6-796b-ccb0-1144-452a7884a5fb,ambulatory,185349003,Encounter for check up,1b7e373a-11b8-4056-a684-ac469228e7b6,Moboreje Primary Health Center
622e6872-0626-e839-dafb-6d91e996122c,1210002616397,,3bc34cd6-796b-ccb0-1144-452a7884a5fb,ambulatory,162673000,General examination of patient,1b7e373a-11b8-4056-a684-ac469228e7b6,Moboreje Primary Health Center
31136453-ffe4-1b4e-8ce7-a2cb3e4e22e7,1241560216397,,3bc34cd6-796b-ccb0-1144-452a7884a5fb,ambulatory,162673000,General examination of patient,1b7e373a-11b8-4056-a684-ac469228e7b6,Moboreje Primary Health Center
320d36cb-caf7-1373-4d47-44b28ffedd35,1273117816397,,3bc34cd6-796b-ccb0-1144-452a7884a5fb,ambulatory,162673000,General examination of patient,1b7e373a-11b8-4056-a684-ac469228e7b6,Moboreje Primary Health Center
cd8ca47c-49a4-92a7-2b11-821bcc5f8e26,1275258130786,,3bc34cd6-796b-ccb0-1144-452a7884a5fb,ambulatory,185349003,Encounter for check up,1b7e373a-11b8-4056-a684-ac469228e7b6,Moboreje Primary Health Center
7210da2b-c685-f522-16f2-a6b02a4f525c,1304675416397,,3bc34cd6-796b-ccb0-1144-452a7884a5fb,ambulatory,162673000,General examination of patient,1b7e373a-11b8-4056-a684-ac469228e7b6,Moboreje Primary Health Center
8ca7c434-6b05-a60e-37e7-efbb273a1dac,1307520585819,,3bc34cd6-796b-ccb0-1144-452a7884a5fb,ambulatory,185349003,Encounter for check up,1b7e373a-11b8-4056-a684-ac469228e7b6,Moboreje Primary Health Center
8b1ccc8d-6ca2-5e06-1bd2-0aba06073dc7,1336233016397,,3bc34cd6-796b-ccb0-1144-452a7884a5fb,ambulatory,162673000,General examination of patient,1b7e373a-11b8-4056-a684-ac469228e7b6,Moboreje Primary Health Center
6702ae21-2bc6-f071-724b-a084d43471a9,1430905816397,,3bc34cd6-796b-ccb0-1144-452a7884a5fb,ambulatory,162673000,General examination of patient,1b7e373a-11b8-4056-a684-ac469228e7b6,Moboreje Primary Health Center
8f66f0bb-5da7-ed78-eafe-0e078c6afa21,1462463416397,,3bc34cd6-796b-ccb0-1144-452a7884a5fb,ambulatory,162673000,General examination of patient,1b7e373a-11b8-4056-a684-ac469228e7b6,Moboreje Primary Health Center
08680ef1-d318-a3a8-ea55-546e342e43ec,1494021016397,,3bc34cd6-796b-ccb0-1144-452a7884a5fb,ambulatory,162673000,General examination of patient,1b7e373a-11b8-4056-a684-ac469228e7b6,Moboreje Primary Health Center
d9580e91-4508-6671-6434-1cc7f8323f34,1525578616397,,3bc34cd6-796b-ccb0-1144-452a7884a5fb,ambulatory,162673000,General examination of patient,1b7e373a-11b8-4056-a684-ac469228e7b6,Moboreje Primary Health Center
dc9599e6-f837-d90f-a87e-00312a3ee95c,1557136216397,,3bc34cd6-796b-ccb0-1144-452a7884a5fb,ambulatory,162673000,General examination of patient,1b7e373a-11b8-4056-a684-ac469228e7b6,Moboreje Primary Health Center
8b1a01aa-fc1d-e9fd-e6d9-9382829c2153,1714924216397,,3bc34cd6-796b-ccb0-1144-452a7884a5fb,ambulatory,162673000,General examination of patient,1b7e373a-11b8-4056-a684-ac469228e7b6,Moboreje Primary Health Center
1acba808-7de2-aa69-b383-9ff9e2493f3a,1449269827180,,16ffe146-1073-a06a-daa9-40d17646427a,ambulatory,162673000,General examination of patient (procedure),07529fc0-fb2a-4c6d-aca9-ebd9cab3e642,Omo Oba Maternity Home
1b59d335-d6da-af36-dda9-4add73fee232,1449269827180,,16ffe146-1073-a06a-daa9-40d17646427a,ambulatory,185349003,Encounter for check up,07529fc0-fb2a-4c6d-aca9-ebd9cab3e642,Omo Oba Maternity Home
ea194b6f-152b-82b3-5e27-6c5757368090,1449269827180,,16ffe146-1073-a06a-daa9-40d17646427a,ambulatory,185349003,Encounter for check up,07529fc0-fb2a-4c6d-aca9-ebd9cab3e642,Omo Oba Maternity Home
3b2974b9-3da4-0a7f-c744-a2046b3e193a,1512385027180,,16ffe146-1073-a06a-daa9-40d17646427a,ambulatory,162673000,General examination of patient,07529fc0-fb2a-4c6d-aca9-ebd9cab3e642,Omo Oba Maternity Home
e21b3604-d098-53bc-1bc8-453bb8744c1b,1512673576601,,16ffe146-1073-a06a-daa9-40d17646427a,ambulatory,185349003,Encounter for check up,07529fc0-fb2a-4c6d-aca9-ebd9cab3e642,Omo Oba Maternity Home
bab6d23e-e1ec-6b7d-ce5f-1f4b6c8fbc16,1513048248277,,16ffe146-1073-a06a-daa9-40d17646427a,emergency,50849002,Emergency room admission,07529fc0-fb2a-4c6d-aca9-ebd9cab3e642,Omo Oba Maternity Home
4a5f1490-b30e-04c5-8796-ac797f58851e,760957537928,,43d005b8-1480-67ad-05ad-ab67e422ae5c,ambulatory,162673000,General examination of patient (procedure),dab5cf82-ad44-47c3-a1dd-31a6e46138d7,Omo Oloye Nursing and Maternity
dacff007-5989-148c-eea7-13b1987341d2,760957537928,,43d005b8-1480-67ad-05ad-ab67e422ae5c,ambulatory,185349003,Encounter for check up,dab5cf82-ad44-47c3-a1dd-31a6e46138d7,Omo Oloye Nursing and Maternity
ce560ca4-e20f-ef24-7219-d8544fead1f9,792918420129,,43d005b8-1480-67ad-05ad-ab67e422ae5c,ambulatory,185349003,Encounter for check up,dab5cf82-ad44-47c3-a1dd-31a6e46138d7,Omo Oloye Nursing and Maternity
ef8591eb-4d6b-bb2b-5552-4cc8aa21e386,824072737928,,43d005b8-1480-67ad-05ad-ab67e422ae5c,ambulatory,162673000,General examination of patient,dab5cf82-ad44-47c3-a1dd-31a6e46138d7,Omo Oloye Nursing and Maternity
a04de3c7-a90f-996a-81fe-d9883faa3e4f,824072737928,,43d005b8-1480-67ad-05ad-ab67e422ae5c,ambulatory,185349003,Encounter for check up,dab5cf82-ad44-47c3-a1dd-31a6e46138d7,Omo Oloye Nursing and Maternity
c279cdc3-ab6a-93df-1943-a09a2eb95f1d,824884459000,,43d005b8-1480-67ad-05ad-ab67e422ae5c,ambulatory,185349003,Encounter for check up,dab5cf82-ad44-47c3-a1dd-31a6e46138d7,Omo Oloye Nursing and Maternity
6d9916d1-8099-b5d9-5382-dd5b45d5ebdc,855630337928,,43d005b8-1480-67ad-05ad-ab67e422ae5c,ambulatory,162673000,General examination of patient,dab5cf82-ad44-47c3-a1dd-31a6e46138d7,Omo Oloye Nursing and Maternity
bb606ac2-85de-07cc-ecc1-ca1a2a788d92,856780192485,,43d005b8-1480-67ad-05ad-ab67e422ae5c,ambulatory,185349003,Encounter for check up,dab5cf82-ad44-47c3-a1dd-31a6e46138d7,Omo Oloye Nursing and Maternity
2845c99f-fa69-b1b8-b3d8-f631ea092f63,918745537928,,43d005b8-1480-67ad-05ad-ab67e422ae5c,ambulatory,162673000,General examination of patient,dab5cf82-ad44-47c3-a1dd-31a6e46138d7,Omo Oloye Nursing and Maternity
1c164c69-6318-24cc-a36d-2be120b15c06,981860737928,,43d005b8-1480-67ad-05ad-ab67e422ae5c,ambulatory,162673000,General examination of patient,dab5cf82-ad44-47c3-a1dd-31a6e46138d7,Omo Oloye Nursing and Maternity
07e74246-21e9-f688-47fc-617f832dbe59,1014608772669,,43d005b8-1480-67ad-05ad-ab67e422ae5c,ambulatory,185349003,Encounter for check up,dab5cf82-ad44-47c3-a1dd-31a6e46138d7,Omo Oloye Nursing and Maternity
5053f7b9-e6e1-e60d-77ba-1fe443a77c47,1044975937928,,43d005b8-1480-67ad-05ad-ab67e422ae5c,ambulatory,162673000,General examination of patient,dab5cf82-ad44-47c3-a1dd-31a6e46138d7,Omo Oloye Nursing and Maternity
5306b23e-d574-8248-1890-71f9865563cc,1108091137928,,43d005b8-1480-67ad-05ad-ab67e422ae5c,ambulatory,162673000,General examination of patient,dab5cf82-ad44-47c3-a1dd-31a6e46138d7,Omo Oloye Nursing and Maternity
03cd0a53-68d4-388d-4809-f2e9b11f25f7,1139648737928,,43d005b8-1480-67ad-05ad-ab67e422ae5c,ambulatory,162673000,General examination of patient,dab5cf82-ad44-47c3-a1dd-31a6e46138d7,Omo Oloye Nursing and Maternity
21d10614-bd2e-4014-3095-16e16ce1d9ed,1171206337928,,43d005b8-1480-67ad-05ad-ab67e422ae5c,ambulatory,162673000,General examination of patient,dab5cf82-ad44-47c3-a1dd-31a6e46138d7,Omo Oloye Nursing and Maternity
5c7ddd80-a0fa-2461-653e-b2c12883b9fd,1234321537928,,43d005b8-1480-67ad-05ad-ab67e422ae5c,ambulatory,162673000,General examination of patient,dab5cf82-ad44-47c3-a1dd-31a6e46138d7,Omo Oloye Nursing and Maternity
c6c110d4-e9e6-e565-25af-c369ff7e2140,1265879137928,,43d005b8-1480-67ad-05ad-ab67e422ae5c,ambulatory,162673000,General examination of patient,dab5cf82-ad44-47c3-a1dd-31a6e46138d7,Omo Oloye Nursing and Maternity
5d717220-4497-53d1-7839-13669e40d0af,1328994337928,,43d005b8-1480-67ad-05ad-ab67e422ae5c,ambulatory,162673000,General examination of patient,dab5cf82-ad44-47c3-a1dd-31a6e46138d7,Omo Oloye Nursing and Maternity
b379c00a-1618-c6aa-2b69-3992e2dadf88,1707685537928,,43d005b8-1480-67ad-05ad-ab67e422ae5c,ambulatory,162673000,General examination of patient,dab5cf82-ad44-47c3-a1dd-31a6e46138d7,Omo Oloye Nursing and Maternity
4f4d3d3c-a6b9-73a0-b473-4123a5ac9b5a,1739243137928,,43d005b8-1480-67ad-05ad-ab67e422ae5c,ambulatory,162673000,General examination of patient,dab5cf82-ad44-47c3-a1dd-31a6e46138d7,Omo Oloye Nursing and Maternity
66cb3453-4022-0f29-1bf6-ba05e894c4a7,1397465038973,,ee0b6715-e204-e3f8-0a61-78a66815b591,ambulatory,162673000,General examination of patient (procedure),22bf95c3-8d96-4fad-9da7-95ae845a2d03,Ifetedo General Hospital
78d10b23-602a-88c4-7c54-e278333a4fee,1397465038973,,ee0b6715-e204-e3f8-0a61-78a66815b591,ambulatory,185349003,Encounter for check up,22bf95c3-8d96-4fad-9da7-95ae845a2d03,Ifetedo General Hospital
81b6336d-cf95-271e-2825-6aead2ccb7f7,1460580238973,,ee0b6715-e204-e3f8-0a61-78a66815b591,ambulatory,162673000,General examination of patient,22bf95c3-8d96-4fad-9da7-95ae845a2d03,Ifetedo General Hospital
8922f944-4404-e471-bc79-de9466bbaac8,1460580238973,,ee0b6715-e204-e3f8-0a61-78a66815b591,ambulatory,185349003,Encounter for check up,22bf95c3-8d96-4fad-9da7-95ae845a2d03,Ifetedo General Hospital
a77db9ba-906f-bc4f-e972-0e6907cdaaff,1461083548943,,ee0b6715-e204-e3f8-0a61-78a66815b591,ambulatory,185349003,Encounter for check up,22bf95c3-8d96-4fad-9da7-95ae845a2d03,Ifetedo General Hospital
26557f70-642b-7b96-e06a-d80ebc4bd142,1493010734643,,ee0b6715-e204-e3f8-0a61-78a66815b591,ambulatory,185349003,Encounter for check up,22bf95c3-8d96-4fad-9da7-95ae845a2d03,Ifetedo General Hospital
48b28631-57f1-6df3-9cc0-ddbf00ed5cb4,1523695438973,,ee0b6715-e204-e3f8-0a61-78a66815b591,ambulatory,162673000,General examination of patient,22bf95c3-8d96-4fad-9da7-95ae845a2d03,Ifetedo General Hospital
38c4ede8-777d-8fdc-74c2-a29a30104fe5,1524917897951,,ee0b6715-e204-e3f8-0a61-78a66815b591,ambulatory,185349003,Encounter for check up (procedure),22bf95c3-8d96-4fad-9da7-95ae845a2d03,Ifetedo General Hospital
e8d4379b-aa54-e4e0-1516-6b3f9145650e,1586810638973,,ee0b6715-e204-e3f8-0a61-78a66815b591,ambulatory,162673000,General examination of patient,22bf95c3-8d96-4fad-9da7-95ae845a2d03,Ifetedo General Hospital
f285a2f6-bebe-94de-d838-fa5c2c5bba2e,1618368238973,,ee0b6715-e204-e3f8-0a61-78a66815b591,ambulatory,162673000,General examination of patient,22bf95c3-8d96-4fad-9da7-95ae845a2d03,Ifetedo General Hospital
dc7ed418-773f-8e3b-c3be-b64c79e5154e,1681483438973,,ee0b6715-e204-e3f8-0a61-78a66815b591,ambulatory,162673000,General examination of patient,22bf95c3-8d96-4fad-9da7-95ae845a2d03,Ifetedo General Hospital
19b6c60c-6a76-64bc-22d9-28e5f19e8776,1682601204323,,ee0b6715-e204-e3f8-0a61-78a66815b591,ambulatory,185349003,Encounter for check up,22bf95c3-8d96-4fad-9da7-95ae845a2d03,Ifetedo General Hospital
730f7016-6cd2-16f3-69a4-f76693347fe7,1713041038973,,ee0b6715-e204-e3f8-0a61-78a66815b591,ambulatory,162673000,General examination of patient,22bf95c3-8d96-4fad-9da7-95ae845a2d03,Ifetedo General Hospital
6ebc6af1-9cc3-0970-7e6c-6bf1616115c1,1776156238973,,ee0b6715-e204-e3f8-0a61-78a66815b591,ambulatory,162673000,General examination of patient,22bf95c3-8d96-4fad-9da7-95ae845a2d03,Ifetedo General Hospital
22709f75-b292-e750-25ce-fa1d1a8f5d6b,1785376544315,,02361c2c-c4a5-f238-ffa2-d20b65c50ee3,ambulatory,162673000,General examination of patient (procedure),ddd85fc4-4383-4fb9-b131-4db882eb92a0,Oke Odo Primary Health Center Sdgs
785686cd-e311-1566-e061-2be9dcbec129,1785376544315,,02361c2c-c4a5-f238-ffa2-d20b65c50ee3,ambulatory,185349003,Encounter for check up,ddd85fc4-4383-4fb9-b131-4db882eb92a0,Oke Odo Primary Health Center Sdgs
455c6754-3180-2071-7a52-7d2512c7e4bc,-1063266877206,,b5fcfd58-56ec-2927-9c9c-76c1236be01b,ambulatory,162673000,General examination of patient (procedure),d576dc89-a5af-4d9b-99fc-17545708e349,Emilor Medical Services
57f05ae5-972e-e106-5a83-f11daf56e9f5,-1063266877206,,b5fcfd58-56ec-2927-9c9c-76c1236be01b,inpatient,32485007,Hospital admission,d576dc89-a5af-4d9b-99fc-17545708e349,Emilor Medical Services
d123cd8b-1773-6552-2016-c48944742236,-739934314128,,a2bfabbc-162a-96b6-1593-8d5e5b0b8972,ambulatory,162673000,General examination of patient,1806c5db-0eb6-44bd-ad6c-ece256938710,Riro Maternity Home
da371e28-09ac-94b5-b209-d791d7f11749,-708376714128,,a2bfabbc-162a-96b6-1593-8d5e5b0b8972,ambulatory,185349003,Encounter for check up,1806c5db-0eb6-44bd-ad6c-ece256938710,Riro Maternity Home
c19f6748-e182-7f97-bb7e-0a49c6562542,-676819114128,,a2bfabbc-162a-96b6-1593-8d5e5b0b8972,ambulatory,185349003,Encounter for check up,1806c5db-0eb6-44bd-ad6c-ece256938710,Riro Maternity Home
18203dd5-7a1f-4d60-0930-b703cf0bd7b4,-676511713627,,a2bfabbc-162a-96b6-1593-8d5e5b0b8972,emergency,50849002,Emergency room admission,1806c5db-0eb6-44bd-ad6c-ece256938710,Riro Maternity Home
301b8029-740f-270f-064a-346b43616954,-644629605051,,a2bfabbc-162a-96b6-1593-8d5e5b0b8972,ambulatory,185349003,Encounter for check up,1806c5db-0eb6-44bd-ad6c-ece256938710,Riro Maternity Home
f40e03fc-001e-0d48-9be8-715aa906d196,-644098020137,,a2bfabbc-162a-96b6-1593-8d5e5b0b8972,ambulatory,185349003,Encounter for check up,1806c5db-0eb6-44bd-ad6c-ece256938710,Riro Maternity Home
ccb9f24a-1217-7f6e-7ec0-49313e59b0e8,-582146314128,,a2bfabbc-162a-96b6-1593-8d5e5b0b8972,ambulatory,162673000,General examination of patient,1806c5db-0eb6-44bd-ad6c-ece256938710,Riro Maternity Home
a261d390-1aec-719d-b3c2-46ebe7769b1f,-519031114128,,a2bfabbc-162a-96b6-1593-8d5e5b0b8972,ambulatory,162673000,General examination of patient,1806c5db-0eb6-44bd-ad6c-ece256938710,Riro Maternity Home
44afdf83-f9c2-cb8b-6b9c-dcb73ffba713,-487473514128,,a2bfabbc-162a-96b6-1593-8d5e5b0b8972,ambulatory,162673000,General examination of patient,1806c5db-0eb6-44bd-ad6c-ece256938710,Riro Maternity Home
39f3ccfb-4d27-ff40-378e-3a1f11024192,-455915914128,,a2bfabbc-162a-96b6-1593-8d5e5b0b8972,ambulatory,162673000,General examination of patient,1806c5db-0eb6-44bd-ad6c-ece256938710,Riro Maternity Home
80d418d8-1a0c-d4d3-b99a-fb486e49e361,-424358314128,,a2bfabbc-162a-96b6-1593-8d5e5b0b8972,ambulatory,162673000,General examination of patient,1806c5db-0eb6-44bd-ad6c-ece256938710,Riro Maternity Home
b7c8a381-fbb7-6815-4b9b-3b07f97969ce,-392800714128,,a2bfabbc-162a-96b6-1593-8d5e5b0b8972,ambulatory,162673000,General examination of patient,1806c5db-0eb6-44bd-ad6c-ece256938710,Riro Maternity Home
854aebbb-ce18-9f3b-b760-f5a7f84307c8,-329685514128,,a2bfabbc-162a-96b6-1593-8d5e5b0b8972,ambulatory,162673000,General examination of patient,1806c5db-0eb6-44bd-ad6c-ece256938710,Riro Maternity Home
b3f2a98d-bf88-fd9a-def8-d0ee47fe51f5,-203455114128,,a2bfabbc-162a-96b6-1593-8d5e5b0b8972,ambulatory,162673000,General examination of patient,1806c5db-0eb6-44bd-ad6c-ece256938710,Riro Maternity Home
22195d37-59d6-ea12-a1ef-1eabe7950ddd,-140339914128,,a2bfabbc-162a-96b6-1593-8d5e5b0b8972,ambulatory,162673000,General examination of patient,1806c5db-0eb6-44bd-ad6c-ece256938710,Riro Maternity Home
e611db8c-9838-6ea4-7037-722500545063,-14109514128,,a2bfabbc-162a-96b6-1593-8d5e5b0b8972,ambulatory,162673000,General examination of patient,1806c5db-0eb6-44bd-ad6c-ece256938710,Riro Maternity Home
e0f09561-de95-230c-bc54-de6bb2c33116,49005685872,,a2bfabbc-162a-96b6-1593-8d5e5b0b8972,ambulatory,162673000,General examination of patient,1806c5db-0eb6-44bd-ad6c-ece256938710,Riro Maternity Home
59af413c-3508-22db-1b27-3a62239731dd,80563285872,,a2bfabbc-162a-96b6-1593-8d5e5b0b8972,ambulatory,162673000,General examination of patient,1806c5db-0eb6-44bd-ad6c-ece256938710,Riro Maternity Home
75954211-11c6-d407-950b-0ee2501faefc,175236085872,,a2bfabbc-162a-96b6-1593-8d5e5b0b8972,ambulatory,162673000,General examination of patient,1806c5db-0eb6-44bd-ad6c-ece256938710,Riro Maternity Home
e792d23b-ff45-a632-a195-91c1c67649d6,206793685872,,a2bfabbc-162a-96b6-1593-8d5e5b0b8972,ambulatory,162673000,General examination of patient,1806c5db-0eb6-44bd-ad6c-ece256938710,Riro Maternity Home
f3290a0b-1e2e-55c0-1dd3-411a17ed109c,364581685872,,a2bfabbc-162a-96b6-1593-8d5e5b0b8972,ambulatory,162673000,General examination of patient,1806c5db-0eb6-44bd-ad6c-ece256938710,Riro Maternity Home
f2c201b3-e466-4c22-aa82-9492af340002,427696885872,,a2bfabbc-162a-96b6-1593-8d5e5b0b8972,ambulatory,162673000,General examination of patient,1806c5db-0eb6-44bd-ad6c-ece256938710,Riro Maternity Home
c5452c5e-c910-9813-6cdf-d4bb7a366032,490812085872,,a2bfabbc-162a-96b6-1593-8d5e5b0b8972,ambulatory,162673000,General examination of patient,1806c5db-0eb6-44bd-ad6c-ece256938710,Riro Maternity Home
e2ab42ec-158b-6c30-37f9-d69aef522eab,585484885872,,a2bfabbc-162a-96b6-1593-8d5e5b0b8972,ambulatory,162673000,General examination of patient,1806c5db-0eb6-44bd-ad6c-ece256938710,Riro Maternity Home
e436e084-1864-1ad5-7db9-b3627deea2c0,617042485872,,a2bfabbc-162a-96b6-1593-8d5e5b0b8972,ambulatory,162673000,General examination of patient,1806c5db-0eb6-44bd-ad6c-ece256938710,Riro Maternity Home
20203b94-4768-7c84-1948-3484807299d1,806388085872,,a2bfabbc-162a-96b6-1593-8d5e5b0b8972,ambulatory,162673000,General examination of patient,1806c5db-0eb6-44bd-ad6c-ece256938710,Riro Maternity Home
3052c4dc-95b9-50ca-f8a6-9a5238e83f89,901060885872,,a2bfabbc-162a-96b6-1593-8d5e5b0b8972,ambulatory,162673000,General examination of patient,1806c5db-0eb6-44bd-ad6c-ece256938710,Riro Maternity Home
bbc58fbe-0240-0002-ac12-9acb587bca90,932618485872,,a2bfabbc-162a-96b6-1593-8d5e5b0b8972,ambulatory,162673000,General examination of patient,1806c5db-0eb6-44bd-ad6c-ece256938710,Riro Maternity Home
32b70869-44c9-9a31-6f90-7ddc96530e45,964176085872,,a2bfabbc-162a-96b6-1593-8d5e5b0b8972,ambulatory,162673000,General examination of patient,1806c5db-0eb6-44bd-ad6c-ece256938710,Riro Maternity Home
19be5fe5-e4b6-e05c-86a7-b80c15b91dc0,1058848885872,,a2bfabbc-162a-96b6-1593-8d5e5b0b8972,ambulatory,162673000,General examination of patient,1806c5db-0eb6-44bd-ad6c-ece256938710,Riro Maternity Home
9618d436-9db6-3024-cc6d-f12f07c57c5a,1090406485872,,a2bfabbc-162a-96b6-1593-8d5e5b0b8972,ambulatory,162673000,General examination of patient,1806c5db-0eb6-44bd-ad6c-ece256938710,Riro Maternity Home
58fdf33a-2875-c05c-5aa0-82a6ced9399d,1216636885872,,a2bfabbc-162a-96b6-1593-8d5e5b0b8972,ambulatory,162673000,General examination of patient,1806c5db-0eb6-44bd-ad6c-ece256938710,Riro Maternity Home
c2937a71-a03d-cb42-fdc8-54c97f4a6eda,1248194485872,,a2bfabbc-162a-96b6-1593-8d5e5b0b8972,ambulatory,162673000,General examination of patient,1806c5db-0eb6-44bd-ad6c-ece256938710,Riro Maternity Home
203808a2-1fed-8bd6-2fde-a8e9362ab9dd,1279752085872,,a2bfabbc-162a-96b6-1593-8d5e5b0b8972,ambulatory,162673000,General examination of patient,1806c5db-0eb6-44bd-ad6c-ece256938710,Riro Maternity Home
d5226137-f8c1-7ea3-749d-9ba4f857835d,1437540085872,,a2bfabbc-162a-96b6-1593-8d5e5b0b8972,ambulatory,162673000,General examination of patient,1806c5db-0eb6-44bd-ad6c-ece256938710,Riro Maternity Home
f124c323-639e-1087-c35f-a8f05005477e,1469097685872,,a2bfabbc-162a-96b6-1593-8d5e5b0b8972,ambulatory,162673000,General examination of patient,1806c5db-0eb6-44bd-ad6c-ece256938710,Riro Maternity Home
91a2c93f-c507-cb08-6b8a-c4891a06f152,1500655285872,,a2bfabbc-162a-96b6-1593-8d5e5b0b8972,ambulatory,162673000,General examination of patient,1806c5db-0eb6-44bd-ad6c-ece256938710,Riro Maternity Home
57625606-f26b-a709-064c-f295a9f0e279,1500892885872,,a2bfabbc-162a-96b6-1593-8d5e5b0b8972,ambulatory,185349003,Encounter for check up,1806c5db-0eb6-44bd-ad6c-ece256938710,Riro Maternity Home
87e1054c-f691-9a97-9d25-21d7ec7bf67c,1500892885872,,a2bfabbc-162a-96b6-1593-8d5e5b0b8972,emergency,50849002,Emergency room admission,1806c5db-0eb6-44bd-ad6c-ece256938710,Riro Maternity Home
089d29f6-4113-8edc-5129-1006be06b9d4,1532212885872,,a2bfabbc-162a-96b6-1593-8d5e5b0b8972,ambulatory,162673000,General examination of patient,1806c5db-0eb6-44bd-ad6c-ece256938710,Riro Maternity Home
8f635ba2-fb82-04eb-d5a6-3f7bb02ba9f5,1563770485872,,a2bfabbc-162a-96b6-1593-8d5e5b0b8972,ambulatory,162673000,General examination of patient,1806c5db-0eb6-44bd-ad6c-ece256938710,Riro Maternity Home
7b112375-77cb-ac8c-f335-24060b11d464,1626885685872,,a2bfabbc-162a-96b6-1593-8d5e5b0b8972,ambulatory,162673000,General examination of patient,1806c5db-0eb6-44bd-ad6c-ece256938710,Riro Maternity Home
cb2a55a6-4d2a-0fd1-efcc-672a60c0e1d1,1658443285872,,a2bfabbc-162a-96b6-1593-8d5e5b0b8972,ambulatory,162673000,General examination of patient,1806c5db-0eb6-44bd-ad6c-ece256938710,Riro Maternity Home
0c94c918-8a95-c21f-9aea-614fc9735293,1753116085872,,a2bfabbc-162a-96b6-1593-8d5e5b0b8972,ambulatory,162673000,General examination of patient,1806c5db-0eb6-44bd-ad6c-ece256938710,Riro Maternity Home
aa5c2b16-9da9-b1ba-1e3e-9282a4c19859,1754480380313,,a2bfabbc-162a-96b6-1593-8d5e5b0b8972,emergency,50849002,Emergency room admission,1806c5db-0eb6-44bd-ad6c-ece256938710,Riro Maternity Home
73712c5d-eba9-85dd-d4df-8a858e08270c,1784673685872,,a2bfabbc-162a-96b6-1593-8d5e5b0b8972,ambulatory,162673000,General examination of patient,1806c5db-0eb6-44bd-ad6c-ece256938710,Riro Maternity Home
9872efda-2e54-a948-872a-161cd69b6125,-342199254690,,2b79557b-4e6c-694c-126d-afa4f5de1936,ambulatory,162673000,General examination of patient (procedure),1f107b29-456a-4e3b-bc52-fa0cae930e01,Omi Odo Primary Health Care
a4e6aeb9-095d-a1eb-8886-f5fc16c469b2,-342199254690,,2b79557b-4e6c-694c-126d-afa4f5de1936,inpatient,32485007,Hospital admission,1f107b29-456a-4e3b-bc52-fa0cae930e01,Omi Odo Primary Health Care
9f3b4740-c434-a2d1-3af5-a16b416ad6de,-310641654690,,2b79557b-4e6c-694c-126d-afa4f5de1936,ambulatory,185349003,Encounter for check up,1f107b29-456a-4e3b-bc52-fa0cae930e01,Omi Odo Primary Health Care
0278b3c5-92e2-2574-7c85-84b5adfeb11a,-310641654690,,2b79557b-4e6c-694c-126d-afa4f5de1936,ambulatory,185349003,Encounter for check up,1f107b29-456a-4e3b-bc52-fa0cae930e01,Omi Odo Primary Health Care
6ecb5a2c-da9e-b2c7-9ff3-339f1cf6f22d,-279084054690,,2b79557b-4e6c-694c-126d-afa4f5de1936,ambulatory,162673000,General examination of patient,1f107b29-456a-4e3b-bc52-fa0cae930e01,Omi Odo Primary Health Care
24555d02-c281-c9ed-ece4-ca7cc3943354,-247526454690,,2b79557b-4e6c-694c-126d-afa4f5de1936,ambulatory,162673000,General examination of patient,1f107b29-456a-4e3b-bc52-fa0cae930e01,Omi Odo Primary Health Care
eb7ba898-15a9-1e83-fb8a-9a8e3a876caf,-247220953082,,2b79557b-4e6c-694c-126d-afa4f5de1936,emergency,50849002,Emergency room admission,1f107b29-456a-4e3b-bc52-fa0cae930e01,Omi Odo Primary Health Care
7596fe02-a817-6738-7836-a21d279a9eae,-184411254690,,2b79557b-4e6c-694c-126d-afa4f5de1936,ambulatory,162673000,General examination of patient,1f107b29-456a-4e3b-bc52-fa0cae930e01,Omi Odo Primary Health Care
5aa2c385-d825-5dc7-3d5a-2aa4139e286f,-152853654690,,2b79557b-4e6c-694c-126d-afa4f5de1936,ambulatory,162673000,General examination of patient,1f107b29-456a-4e3b-bc52-fa0cae930e01,Omi Odo Primary Health Care
18f75730-9a9d-6a03-7ef4-0df8e5cc78cf,-121296054690,,2b79557b-4e6c-694c-126d-afa4f5de1936,ambulatory,162673000,General examination of patient,1f107b29-456a-4e3b-bc52-fa0cae930e01,Omi Odo Primary Health Care
4d0d41d3-d71a-0c11-d358-328cd5f41a29,-89738454690,,2b79557b-4e6c-694c-126d-afa4f5de1936,ambulatory,162673000,General examination of patient,1f107b29-456a-4e3b-bc52-fa0cae930e01,Omi Odo Primary Health Care
58f5fe66-50c8-cf59-0e61-9e99719b7008,-26623254690,,2b79557b-4e6c-694c-126d-afa4f5de1936,ambulatory,162673000,General examination of patient,1f107b29-456a-4e3b-bc52-fa0cae930e01,Omi Odo Primary Health Care
44985053-4508-e8e7-2202-704e3e21f30f,68049545310,,2b79557b-4e6c-694c-126d-afa4f5de1936,ambulatory,162673000,General examination of patient,1f107b29-456a-4e3b-bc52-fa0cae930e01,Omi Odo Primary Health Care
e0a1669d-4640-1cbe-2ec9-a240ed74ad9c,99607145310,,2b79557b-4e6c-694c-126d-afa4f5de1936,ambulatory,162673000,General examination of patient,1f107b29-456a-4e3b-bc52-fa0cae930e01,Omi Odo Primary Health Care
3b479f13-e9c4-b9a9-21b4-33b43c60ca33,131164745310,,2b79557b-4e6c-694c-126d-afa4f5de1936,ambulatory,162673000,General examination of patient,1f107b29-456a-4e3b-bc52-fa0cae930e01,Omi Odo Primary Health Care
5918fe1b-7279-1c74-d260-7ab757a622c4,225837545310,,2b79557b-4e6c-694c-126d-afa4f5de1936,ambulatory,162673000,General examination of patient,1f107b29-456a-4e3b-bc52-fa0cae930e01,Omi Odo Primary Health Care
4dcbcb7d-d0f9-f9a4-7afe-fcfb63640f9d,320510345310,,2b79557b-4e6c-694c-126d-afa4f5de1936,ambulatory,162673000,General examination of patient,1f107b29-456a-4e3b-bc52-fa0cae930e01,Omi Odo Primary Health Care
dd6cfa67-30a3-7d9c-93ad-ede08b64a6c3,352067945310,,2b79557b-4e6c-694c-126d-afa4f5de1936,ambulatory,162673000,General examination of patient,1f107b29-456a-4e3b-bc52-fa0cae930e01,Omi Odo Primary Health Care
37bd1c7c-f1d0-df78-5afd-2969ab0af773,415183145310,,2b79557b-4e6c-694c-126d-afa4f5de1936,ambulatory,162673000,General examination of patient,1f107b29-456a-4e3b-bc52-fa0cae930e01,Omi Odo Primary Health Care
3a4fc253-8d47-342f-8962-6b206cfc0388,446740745310,,2b79557b-4e6c-694c-126d-afa4f5de1936,ambulatory,162673000,General examination of patient,1f107b29-456a-4e3b-bc52-fa0cae930e01,Omi Odo Primary Health Care
4331ba54-e41f-4869-e79e-2f9504b2e573,478298345310,,2b79557b-4e6c-694c-126d-afa4f5de1936,ambulatory,162673000,General examination of patient,1f107b29-456a-4e3b-bc52-fa0cae930e01,Omi Odo Primary Health Care
c03468e8-efea-b197-2f70-a1f705159288,509855945310,,2b79557b-4e6c-694c-126d-afa4f5de1936,ambulatory,162673000,General examination of patient,1f107b29-456a-4e3b-bc52-fa0cae930e01,Omi Odo Primary Health Care
a4154520-43e1-d15a-de11-6f9ee19e4c7c,541413545310,,2b79557b-4e6c-694c-126d-afa4f5de1936,ambulatory,162673000,General examination of patient,1f107b29-456a-4e3b-bc52-fa0cae930e01,Omi Odo Primary Health Care
3cbca2e3-88c1-1f16-dd0c-59a0e2379104,730759145310,,2b79557b-4e6c-694c-126d-afa4f5de1936,ambulatory,162673000,General examination of patient,1f107b29-456a-4e3b-bc52-fa0cae930e01,Omi Odo Primary Health Care
ace812c3-569b-fd02-9497-062cd72bc067,762316745310,,2b79557b-4e6c-694c-126d-afa4f5de1936,ambulatory,162673000,General examination of patient,1f107b29-456a-4e3b-bc52-fa0cae930e01,Omi Odo Primary Health Care
8df10f8e-64ae-51bd-38f7-b1b7ea95645b,825431945310,,2b79557b-4e6c-694c-126d-afa4f5de1936,ambulatory,162673000,General examination of patient,1f107b29-456a-4e3b-bc52-fa0cae930e01,Omi Odo Primary Health Care
5e80801e-a688-b109-3307-913c8346d775,856989545310,,2b79557b-4e6c-694c-126d-afa4f5de1936,ambulatory,162673000,General examination of patient,1f107b29-456a-4e3b-bc52-fa0cae930e01,Omi Odo Primary Health Care
ed93ade6-987f-8218-35de-e83bebeba387,888547145310,,2b79557b-4e6c-694c-126d-afa4f5de1936,ambulatory,162673000,General examination of patient,1f107b29-456a-4e3b-bc52-fa0cae930e01,Omi Odo Primary Health Care
84c0c0e4-ea0f-d3fb-42e5-4e538717db43,983219945310,,2b79557b-4e6c-694c-126d-afa4f5de1936,ambulatory,162673000,General examination of patient,1f107b29-456a-4e3b-bc52-fa0cae930e01,Omi Odo Primary Health Care
7ce05bba-d5d8-47ec-aa7f-e718ace02d68,1014777545310,,2b79557b-4e6c-694c-126d-afa4f5de1936,ambulatory,162673000,General examination of patient,1f107b29-456a-4e3b-bc52-fa0cae930e01,Omi Odo Primary Health Care
72b2a098-6a28-c562-7270-d3a4fb59d89a,1046335145310,,2b79557b-4e6c-694c-126d-afa4f5de1936,ambulatory,162673000,General examination of patient,1f107b29-456a-4e3b-bc52-fa0cae930e01,Omi Odo Primary Health Care
4fdddff3-0b0f-b749-18d1-3c7f14c76f7a,1109450345310,,2b79557b-4e6c-694c-126d-afa4f5de1936,ambulatory,162673000,General examination of patient,1f107b29-456a-4e3b-bc52-fa0cae930e01,Omi Odo Primary Health Care
aaa62742-2018-0778-03d5-05631bb2d34b,1235680745310,,2b79557b-4e6c-694c-126d-afa4f5de1936,ambulatory,162673000,General examination of patient,1f107b29-456a-4e3b-bc52-fa0cae930e01,Omi Odo Primary Health Care
c1726865-7526-1e6f-bbd1-77e779cf868e,1267238345310,,2b79557b-4e6c-694c-126d-afa4f5de1936,ambulatory,162673000,General examination of patient,1f107b29-456a-4e3b-bc52-fa0cae930e01,Omi Odo Primary Health Care
06b33fbd-8af3-c858-c612-e9546f764057,1298795945310,,2b79557b-4e6c-694c-126d-afa4f5de1936,ambulatory,162673000,General examination of patient,1f107b29-456a-4e3b-bc52-fa0cae930e01,Omi Odo Primary Health Care
39be1d48-8803-7dee-44d4-614028223aea,1330353545310,,2b79557b-4e6c-694c-126d-afa4f5de1936,ambulatory,162673000,General examination of patient,1f107b29-456a-4e3b-bc52-fa0cae930e01,Omi Odo Primary Health Care
4e9786c8-1b30-3f55-3116-0900d3760f8e,1361911145310,,2b79557b-4e6c-694c-126d-afa4f5de1936,ambulatory,162673000,General examination of patient,1f107b29-456a-4e3b-bc52-fa0cae930e01,Omi Odo Primary Health Care
4994999b-c050-f8ec-ca79-aab441cf9992,1519699145310,,2b79557b-4e6c-694c-126d-afa4f5de1936,ambulatory,162673000,General examination of patient,1f107b29-456a-4e3b-bc52-fa0cae930e01,Omi Odo Primary Health Care
0edd4c35-3cc3-bbd7-7db9-764be0714c9a,1551256745310,,2b79557b-4e6c-694c-126d-afa4f5de1936,ambulatory,162673000,General examination of patient,1f107b29-456a-4e3b-bc52-fa0cae930e01,Omi Odo Primary Health Care
26f85215-67d5-c28a-f3f5-c9b9b8b0f383,1614371945310,,2b79557b-4e6c-694c-126d-afa4f5de1936,ambulatory,162673000,General examination of patient,1f107b29-456a-4e3b-bc52-fa0cae930e01,Omi Odo Primary Health Care
a792ffef-347b-7986-a3e1-3a69c4e18eec,1709044745310,,2b79557b-4e6c-694c-126d-afa4f5de1936,ambulatory,162673000,General examination of patient,1f107b29-456a-4e3b-bc52-fa0cae930e01,Omi Odo Primary Health Care
91a40dc5-c865-3ced-62c0-adcf5431891e,1772397545310,,2b79557b-4e6c-694c-126d-afa4f5de1936,ambulatory,185349003,Encounter for check up,1f107b29-456a-4e3b-bc52-fa0cae930e01,Omi Odo Primary Health Care
aa7f6c70-6d9a-def8-d47a-32813b5a1fd0,1605563548886,,0bbfb811-1f6c-234f-063e-260794881926,ambulatory,162673000,General examination of patient (procedure),8e7e32c7-2a02-4bc7-a08d-3517ec1e5d3d,Modakeke Comprehensive Health Center
ec470104-a094-7f43-6f41-d992b1918558,1605563548886,,0bbfb811-1f6c-234f-063e-260794881926,inpatient,32485007,Hospital admission,8e7e32c7-2a02-4bc7-a08d-3517ec1e5d3d,Modakeke Comprehensive Health Center
b9a7e658-59e3-fc1c-534c-50b96b2f1dc5,1637121148886,,0bbfb811-1f6c-234f-063e-260794881926,ambulatory,162673000,General examination of patient,8e7e32c7-2a02-4bc7-a08d-3517ec1e5d3d,Modakeke Comprehensive Health Center
3eec5a6c-39a6-5d3c-1568-5152ef64bc5d,1637121148886,,0bbfb811-1f6c-234f-063e-260794881926,ambulatory,185349003,Encounter for check up,8e7e32c7-2a02-4bc7-a08d-3517ec1e5d3d,Modakeke Comprehensive Health Center
d2ac7c07-74ce-10e7-32cd-f5480c776003,1637121148886,,0bbfb811-1f6c-234f-063e-260794881926,ambulatory,185349003,Encounter for check up,8e7e32c7-2a02-4bc7-a08d-3517ec1e5d3d,Modakeke Comprehensive Health Center
bcb3250f-36bb-8b8c-e397-0661c1f14461,1669108112231,,0bbfb811-1f6c-234f-063e-260794881926,ambulatory,185349003,Encounter for check up,8e7e32c7-2a02-4bc7-a08d-3517ec1e5d3d,Modakeke Comprehensive Health Center
4bc66966-f79e-5353-c56e-1f9020f38204,1731793948886,,0bbfb811-1f6c-234f-063e-260794881926,ambulatory,162673000,General examination of patient,8e7e32c7-2a02-4bc7-a08d-3517ec1e5d3d,Modakeke Comprehensive Health Center
2d749423-fb3f-6156-4618-fe6610874b42,1763351548886,,0bbfb811-1f6c-234f-063e-260794881926,ambulatory,162673000,General examination of patient,8e7e32c7-2a02-4bc7-a08d-3517ec1e5d3d,Modakeke Comprehensive Health Center
af2905da-7f18-cc92-db49-289db5cfda84,-1035073191927,,eb01fcf4-93a8-e0cc-1eea-0f4f8a760f7a,ambulatory,162673000,General examination of patient,9a542f2e-378c-48bb-a040-9328d818f6bf,Living Hope Hospital
fae6ef2b-9c93-84b3-a7d7-e4ac4ab038d4,-1035073191927,,eb01fcf4-93a8-e0cc-1eea-0f4f8a760f7a,ambulatory,185349003,Encounter for check up,9a542f2e-378c-48bb-a040-9328d818f6bf,Living Hope Hospital
844feb16-375e-0e39-0e71-2bfc7f0cd3de,-1035073191927,,eb01fcf4-93a8-e0cc-1eea-0f4f8a760f7a,emergency,50849002,Emergency room admission,9a542f2e-378c-48bb-a040-9328d818f6bf,Living Hope Hospital
6cd8bde1-7e02-c96b-2a13-6aae7a4591f4,-1003515591927,,eb01fcf4-93a8-e0cc-1eea-0f4f8a760f7a,ambulatory,162673000,General examination of patient,9a542f2e-378c-48bb-a040-9328d818f6bf,Living Hope Hospital
4bee5e10-6e57-5766-a8e8-f0bedd5e1ae0,-1003165493601,,eb01fcf4-93a8-e0cc-1eea-0f4f8a760f7a,ambulatory,185349003,Encounter for check up,9a542f2e-378c-48bb-a040-9328d818f6bf,Living Hope Hospital
e7285de1-8365-50cd-83f0-074b864e785d,-971957991927,,eb01fcf4-93a8-e0cc-1eea-0f4f8a760f7a,ambulatory,162673000,General examination of patient,9a542f2e-378c-48bb-a040-9328d818f6bf,Living Hope Hospital
67326db5-6df9-b414-02fa-e6e5d1bb1982,-970857538847,,eb01fcf4-93a8-e0cc-1eea-0f4f8a760f7a,emergency,50849002,Emergency room admission,9a542f2e-378c-48bb-a040-9328d818f6bf,Living Hope Hospital
19baf60a-10bb-6cd0-7ab4-e1babcade900,-940400391927,,eb01fcf4-93a8-e0cc-1eea-0f4f8a760f7a,ambulatory,162673000,General examination of patient,9a542f2e-378c-48bb-a040-9328d818f6bf,Living Hope Hospital
e551c86f-78a0-70d0-551b-34712ed67bcd,-939740369525,,eb01fcf4-93a8-e0cc-1eea-0f4f8a760f7a,ambulatory,185349003,Encounter for check up,9a542f2e-378c-48bb-a040-9328d818f6bf,Living Hope Hospital
1a7df165-5615-1813-d26f-b3daa09ff793,-908842791927,,eb01fcf4-93a8-e0cc-1eea-0f4f8a760f7a,ambulatory,162673000,General examination of patient,9a542f2e-378c-48bb-a040-9328d818f6bf,Living Hope Hospital
0caa2979-f651-1668-b7c3-4343b719749e,-845727591927,,eb01fcf4-93a8-e0cc-1eea-0f4f8a760f7a,ambulatory,162673000,General examination of patient,9a542f2e-378c-48bb-a040-9328d818f6bf,Living Hope Hospital
df1aa167-4dc2-2a5e-1122-04f5e29bbe54,-814169991927,,eb01fcf4-93a8-e0cc-1eea-0f4f8a760f7a,ambulatory,162673000,General examination of patient,9a542f2e-378c-48bb-a040-9328d818f6bf,Living Hope Hospital
3744fbb5-b053-9881-d9f5-5fdb4cd12b95,-751054791927,,eb01fcf4-93a8-e0cc-1eea-0f4f8a760f7a,ambulatory,162673000,General examination of patient,9a542f2e-378c-48bb-a040-9328d818f6bf,Living Hope Hospital
c25df25c-442a-3501-5c69-8393839ab7c8,-687939591927,,eb01fcf4-93a8-e0cc-1eea-0f4f8a760f7a,ambulatory,162673000,General examination of patient,9a542f2e-378c-48bb-a040-9328d818f6bf,Living Hope Hospital
37918e0c-e7f4-a118-a4db-457186aa0826,-624824391927,,eb01fcf4-93a8-e0cc-1eea-0f4f8a760f7a,ambulatory,162673000,General examination of patient,9a542f2e-378c-48bb-a040-9328d818f6bf,Living Hope Hospital
7117cd85-0201-9a9f-3ff3-e48493cdce2b,-561709191927,,eb01fcf4-93a8-e0cc-1eea-0f4f8a760f7a,ambulatory,162673000,General examination of patient,9a542f2e-378c-48bb-a040-9328d818f6bf,Living Hope Hospital
5a8628dd-6a63-3a35-ba8e-0d29f7d32b04,-530151591927,,eb01fcf4-93a8-e0cc-1eea-0f4f8a760f7a,ambulatory,162673000,General examination of patient,9a542f2e-378c-48bb-a040-9328d818f6bf,Living Hope Hospital
516395c9-d1cc-dce7-f453-8c64789d24b2,-435478791927,,eb01fcf4-93a8-e0cc-1eea-0f4f8a760f7a,ambulatory,162673000,General examination of patient,9a542f2e-378c-48bb-a040-9328d818f6bf,Living Hope Hospital
7da079ea-8d9a-36ef-5994-4e5b0a45dd74,-340805991927,,eb01fcf4-93a8-e0cc-1eea-0f4f8a760f7a,ambulatory,162673000,General examination of patient,9a542f2e-378c-48bb-a040-9328d818f6bf,Living Hope Hospital
029203b0-7f29-29d7-1bab-505602236611,-277690791927,,eb01fcf4-93a8-e0cc-1eea-0f4f8a760f7a,ambulatory,162673000,General examination of patient,9a542f2e-378c-48bb-a040-9328d818f6bf,Living Hope Hospital
9ed73660-00fe-7da7-6522-f3b0ace985b5,-214575591927,,eb01fcf4-93a8-e0cc-1eea-0f4f8a760f7a,ambulatory,162673000,General examination of patient,9a542f2e-378c-48bb-a040-9328d818f6bf,Living Hope Hospital
6ffad704-1637-fb4e-a096-4399131fc28a,-151460391927,,eb01fcf4-93a8-e0cc-1eea-0f4f8a760f7a,ambulatory,162673000,General examination of patient,9a542f2e-378c-48bb-a040-9328d818f6bf,Living Hope Hospital
fc8e2344-ad66-5e3a-4f2b-a3156676dda8,-25229991927,,eb01fcf4-93a8-e0cc-1eea-0f4f8a760f7a,ambulatory,162673000,General examination of patient,9a542f2e-378c-48bb-a040-9328d818f6bf,Living Hope Hospital
89315767-ddbc-0f67-0bb2-fb30d11d63f1,164115608073,,eb01fcf4-93a8-e0cc-1eea-0f4f8a760f7a,ambulatory,162673000,General examination of patient,9a542f2e-378c-48bb-a040-9328d818f6bf,Living Hope Hospital
b69e89f0-c19f-f3e8-f2e4-4dc5962587f7,321903608073,,eb01fcf4-93a8-e0cc-1eea-0f4f8a760f7a,ambulatory,162673000,General examination of patient,9a542f2e-378c-48bb-a040-9328d818f6bf,Living Hope Hospital
54f33193-41a5-f473-cee3-97dce5045d2d,353461208073,,eb01fcf4-93a8-e0cc-1eea-0f4f8a760f7a,ambulatory,162673000,General examination of patient,9a542f2e-378c-48bb-a040-9328d818f6bf,Living Hope Hospital
f49a3ff6-7068-4e7a-98f7-79f9c41734a0,416576408073,,eb01fcf4-93a8-e0cc-1eea-0f4f8a760f7a,ambulatory,162673000,General examination of patient,9a542f2e-378c-48bb-a040-9328d818f6bf,Living Hope Hospital
f6cd5ae8-b6e5-7306-56c8-9b8fe4d84a19,448134008073,,eb01fcf4-93a8-e0cc-1eea-0f4f8a760f7a,ambulatory,162673000,General examination of patient,9a542f2e-378c-48bb-a040-9328d818f6bf,Living Hope Hospital
c09cbf0f-b4ba-0f54-e0a4-a085e6b21716,479691608073,,eb01fcf4-93a8-e0cc-1eea-0f4f8a760f7a,ambulatory,162673000,General examination of patient,9a542f2e-378c-48bb-a040-9328d818f6bf,Living Hope Hospital
219c4f5c-1c6f-b8dd-c1dd-94ffbd6ac9e5,511249208073,,eb01fcf4-93a8-e0cc-1eea-0f4f8a760f7a,ambulatory,162673000,General examination of patient,9a542f2e-378c-48bb-a040-9328d818f6bf,Living Hope Hospital
e4f2d812-e605-2b43-38fe-ecf30e31e1dc,574364408073,,eb01fcf4-93a8-e0cc-1eea-0f4f8a760f7a,ambulatory,162673000,General examination of patient,9a542f2e-378c-48bb-a040-9328d818f6bf,Living Hope Hospital
514588e1-8bdb-fe70-c665-7ba64b259347,605922008073,,eb01fcf4-93a8-e0cc-1eea-0f4f8a760f7a,ambulatory,162673000,General examination of patient,9a542f2e-378c-48bb-a040-9328d818f6bf,Living Hope Hospital
f1795d28-126b-ccab-af76-e02545385c3f,700594808073,,eb01fcf4-93a8-e0cc-1eea-0f4f8a760f7a,ambulatory,162673000,General examination of patient,9a542f2e-378c-48bb-a040-9328d818f6bf,Living Hope Hospital
70eddd0c-fdba-4939-0f97-390b6ea1298c,732152408073,,eb01fcf4-93a8-e0cc-1eea-0f4f8a760f7a,ambulatory,162673000,General examination of patient,9a542f2e-378c-48bb-a040-9328d818f6bf,Living Hope Hospital
efa6605d-b163-94a6-6fe3-1844b27868a9,763710008073,,eb01fcf4-93a8-e0cc-1eea-0f4f8a760f7a,ambulatory,162673000,General examination of patient,9a542f2e-378c-48bb-a040-9328d818f6bf,Living Hope Hospital
7f3526cf-b1d1-5fae-9581-14faa30dd4e9,889940408073,,eb01fcf4-93a8-e0cc-1eea-0f4f8a760f7a,ambulatory,162673000,General examination of patient,9a542f2e-378c-48bb-a040-9328d818f6bf,Living Hope Hospital
89e69938-4efa-a43f-4d0d-5abb639738c1,921498008073,,eb01fcf4-93a8-e0cc-1eea-0f4f8a760f7a,ambulatory,162673000,General examination of patient,9a542f2e-378c-48bb-a040-9328d818f6bf,Living Hope Hospital
dca54469-a1d6-c4c3-ed30-1b41a954b3df,1016170808073,,eb01fcf4-93a8-e0cc-1eea-0f4f8a760f7a,ambulatory,162673000,General examination of patient,9a542f2e-378c-48bb-a040-9328d818f6bf,Living Hope Hospital
031dc98d-8e9e-479b-04f5-f05481ebc770,1047728408073,,eb01fcf4-93a8-e0cc-1eea-0f4f8a760f7a,ambulatory,162673000,General examination of patient,9a542f2e-378c-48bb-a040-9328d818f6bf,Living Hope Hospital
d238985a-9143-fba0-62b5-1b35e8895131,1173958808073,,eb01fcf4-93a8-e0cc-1eea-0f4f8a760f7a,ambulatory,162673000,General examination of patient,9a542f2e-378c-48bb-a040-9328d818f6bf,Living Hope Hospital
71eb4707-8709-ddcc-8615-118872b13bda,1174196408073,,eb01fcf4-93a8-e0cc-1eea-0f4f8a760f7a,ambulatory,185349003,Encounter for check up,9a542f2e-378c-48bb-a040-9328d818f6bf,Living Hope Hospital
52c7e481-e0a4-e26e-0616-97114b476bfa,1205516408073,,eb01fcf4-93a8-e0cc-1eea-0f4f8a760f7a,ambulatory,162673000,General examination of patient,9a542f2e-378c-48bb-a040-9328d818f6bf,Living Hope Hospital
02419ae8-f900-960a-b7c1-84c0ba7f2989,1237074008073,,eb01fcf4-93a8-e0cc-1eea-0f4f8a760f7a,ambulatory,162673000,General examination of patient,9a542f2e-378c-48bb-a040-9328d818f6bf,Living Hope Hospital
48b92122-c3b8-8ca3-ee93-24d65e72b3d2,1268869208073,,eb01fcf4-93a8-e0cc-1eea-0f4f8a760f7a,ambulatory,185349003,Encounter for check up,9a542f2e-378c-48bb-a040-9328d818f6bf,Living Hope Hospital
a4b628ff-ec10-22f9-3f83-4605b13727af,1300189208073,,eb01fcf4-93a8-e0cc-1eea-0f4f8a760f7a,ambulatory,162673000,General examination of patient,9a542f2e-378c-48bb-a040-9328d818f6bf,Living Hope Hospital
b0575326-1e5b-0815-9282-47ddde182834,1331746808073,,eb01fcf4-93a8-e0cc-1eea-0f4f8a760f7a,ambulatory,162673000,General examination of patient,9a542f2e-378c-48bb-a040-9328d818f6bf,Living Hope Hospital
e510d5b5-4aee-17a0-6bed-f0bbfa6bb571,1521092408073,,eb01fcf4-93a8-e0cc-1eea-0f4f8a760f7a,ambulatory,162673000,General examination of patient,9a542f2e-378c-48bb-a040-9328d818f6bf,Living Hope Hospital
527d98aa-fbfe-74c1-5436-5c4391086df9,1521330008073,,eb01fcf4-93a8-e0cc-1eea-0f4f8a760f7a,emergency,50849002,Emergency room admission,9a542f2e-378c-48bb-a040-9328d818f6bf,Living Hope Hospital
8fedc8d6-7bd1-99e4-06bb-19768e6d1542,1552650008073,,eb01fcf4-93a8-e0cc-1eea-0f4f8a760f7a,ambulatory,162673000,General examination of patient,9a542f2e-378c-48bb-a040-9328d818f6bf,Living Hope Hospital
c365042e-8618-6fb8-81b7-5d3cc3b63fdd,1615765208073,,eb01fcf4-93a8-e0cc-1eea-0f4f8a760f7a,ambulatory,162673000,General examination of patient,9a542f2e-378c-48bb-a040-9328d818f6bf,Living Hope Hospital
d11334fb-6788-57a4-99e0-b21f73a9e52d,1647322808073,,eb01fcf4-93a8-e0cc-1eea-0f4f8a760f7a,ambulatory,162673000,General examination of patient,9a542f2e-378c-48bb-a040-9328d818f6bf,Living Hope Hospital
e2a19d87-00aa-f67c-f8ba-a596c3d3e291,1648267286833,,eb01fcf4-93a8-e0cc-1eea-0f4f8a760f7a,ambulatory,185349003,Encounter for check up,9a542f2e-378c-48bb-a040-9328d818f6bf,Living Hope Hospital
8a42c310-168b-a93d-b78c-0a3bec7c6aa0,1678880408073,,eb01fcf4-93a8-e0cc-1eea-0f4f8a760f7a,ambulatory,162673000,General examination of patient,9a542f2e-378c-48bb-a040-9328d818f6bf,Living Hope Hospital
67fe982c-06c7-62a2-17c7-372fff89cc14,1679722808073,,eb01fcf4-93a8-e0cc-1eea-0f4f8a760f7a,emergency,50849002,Emergency room admission,9a542f2e-378c-48bb-a040-9328d818f6bf,Living Hope Hospital
9e0bf988-8464-7f2f-dcb7-bce6a4c5791f,1710438008073,,eb01fcf4-93a8-e0cc-1eea-0f4f8a760f7a,ambulatory,162673000,General examination of patient,9a542f2e-378c-48bb-a040-9328d818f6bf,Living Hope Hospital
a0e328f3-a310-cf6e-aa91-c5048245a73c,1009074275434,,33346f31-f400-b116-6117-72c6ead30dae,ambulatory,162673000,General examination of patient,ec6ed405-4f5f-480e-9d99-b5b2efb0e353,Al Mubarak Clinic and Maternity
7e87a803-1dc8-4cda-5c8b-b977c10678c9,1009074275434,,33346f31-f400-b116-6117-72c6ead30dae,ambulatory,185349003,Encounter for check up,ec6ed405-4f5f-480e-9d99-b5b2efb0e353,Al Mubarak Clinic and Maternity
41521d46-14e4-c080-4bc9-40247bf9c3d4,1040960202637,,33346f31-f400-b116-6117-72c6ead30dae,ambulatory,185349003,Encounter for check up,ec6ed405-4f5f-480e-9d99-b5b2efb0e353,Al Mubarak Clinic and Maternity
b54693e7-e674-94af-f90e-9cc87f5bcdb0,1072189475434,,33346f31-f400-b116-6117-72c6ead30dae,ambulatory,185349003,Encounter for check up,ec6ed405-4f5f-480e-9d99-b5b2efb0e353,Al Mubarak Clinic and Maternity
2fd13fc3-bb06-4465-9828-b1fcad160f7e,1072803594480,,33346f31-f400-b116-6117-72c6ead30dae,ambulatory,185349003,Encounter for check up,ec6ed405-4f5f-480e-9d99-b5b2efb0e353,Al Mubarak Clinic and Maternity
773c766b-f0ec-d8e3-b766-e532ab65a16f,1104626648475,,33346f31-f400-b116-6117-72c6ead30dae,ambulatory,185349003,Encounter for check up,ec6ed405-4f5f-480e-9d99-b5b2efb0e353,Al Mubarak Clinic and Maternity
8f930a05-706a-9a87-c270-89980e733129,1166862275434,,33346f31-f400-b116-6117-72c6ead30dae,ambulatory,162673000,General examination of patient,ec6ed405-4f5f-480e-9d99-b5b2efb0e353,Al Mubarak Clinic and Maternity
7419bd52-d477-61d2-ef41-0906bbf86369,1324650275434,,33346f31-f400-b116-6117-72c6ead30dae,ambulatory,162673000,General examination of patient,ec6ed405-4f5f-480e-9d99-b5b2efb0e353,Al Mubarak Clinic and Maternity
e69b8274-7425-5975-7c23-b2aa9fc1c238,1356207875434,,33346f31-f400-b116-6117-72c6ead30dae,ambulatory,162673000,General examination of patient,ec6ed405-4f5f-480e-9d99-b5b2efb0e353,Al Mubarak Clinic and Maternity
fdb3a504-83d9-63dc-5d0f-18324925dbc0,1387765475434,,33346f31-f400-b116-6117-72c6ead30dae,ambulatory,162673000,General examination of patient,ec6ed405-4f5f-480e-9d99-b5b2efb0e353,Al Mubarak Clinic and Maternity
f46e9136-4e9e-2a73-916e-cdfdd8156b93,1450880675434,,33346f31-f400-b116-6117-72c6ead30dae,ambulatory,162673000,General examination of patient,ec6ed405-4f5f-480e-9d99-b5b2efb0e353,Al Mubarak Clinic and Maternity
1f223302-baaf-3be1-dcdb-0a8aae942107,1545553475434,,33346f31-f400-b116-6117-72c6ead30dae,ambulatory,162673000,General examination of patient,ec6ed405-4f5f-480e-9d99-b5b2efb0e353,Al Mubarak Clinic and Maternity
9e6958e7-e55d-e7c7-c751-7656d7fb48ec,1577111075434,,33346f31-f400-b116-6117-72c6ead30dae,ambulatory,162673000,General examination of patient,ec6ed405-4f5f-480e-9d99-b5b2efb0e353,Al Mubarak Clinic and Maternity
666921ce-e954-9547-6185-4597f914a591,1640226275434,,33346f31-f400-b116-6117-72c6ead30dae,ambulatory,162673000,General examination of patient,ec6ed405-4f5f-480e-9d99-b5b2efb0e353,Al Mubarak Clinic and Maternity
e1f072f9-182b-f703-3528-158e76ed19ae,1671783875434,,33346f31-f400-b116-6117-72c6ead30dae,ambulatory,162673000,General examination of patient,ec6ed405-4f5f-480e-9d99-b5b2efb0e353,Al Mubarak Clinic and Maternity
531bf111-d8fc-c03b-edfc-d0271a00d938,1703341475434,,33346f31-f400-b116-6117-72c6ead30dae,ambulatory,162673000,General examination of patient,ec6ed405-4f5f-480e-9d99-b5b2efb0e353,Al Mubarak Clinic and Maternity
b4903322-d0bb-21e9-13b9-5b4c33a2d371,1734899075434,,33346f31-f400-b116-6117-72c6ead30dae,ambulatory,162673000,General examination of patient,ec6ed405-4f5f-480e-9d99-b5b2efb0e353,Al Mubarak Clinic and Maternity
04d3f5c1-6361-30a2-095d-6e7fe7bde832,1766456675434,,33346f31-f400-b116-6117-72c6ead30dae,ambulatory,162673000,General examination of patient,ec6ed405-4f5f-480e-9d99-b5b2efb0e353,Al Mubarak Clinic and Maternity
7de765a6-7fd8-1934-2e3e-91a3f0727425,771944914817,,433ca52b-230e-36bf-70a3-36f76e775643,ambulatory,162673000,General examination of patient,08661f54-328d-4407-8e0b-1e8687a3f6b7,Agbaje Primary Health Center
4e5caf7e-ed01-3189-bd79-543b51372415,771944914817,,433ca52b-230e-36bf-70a3-36f76e775643,ambulatory,185349003,Encounter for check up,08661f54-328d-4407-8e0b-1e8687a3f6b7,Agbaje Primary Health Center
b750f439-a3d6-cfd1-b9f5-d3ecbddfa41c,803845955458,,433ca52b-230e-36bf-70a3-36f76e775643,ambulatory,185349003,Encounter for check up,08661f54-328d-4407-8e0b-1e8687a3f6b7,Agbaje Primary Health Center
b264a3fa-7bbd-90e0-58ac-c9386f4f1a6a,835060114817,,433ca52b-230e-36bf-70a3-36f76e775643,ambulatory,162673000,General examination of patient,08661f54-328d-4407-8e0b-1e8687a3f6b7,Agbaje Primary Health Center
e5e7ab05-bcd1-feec-41f9-7204b31975dd,835973405077,,433ca52b-230e-36bf-70a3-36f76e775643,ambulatory,185349003,Encounter for check up,08661f54-328d-4407-8e0b-1e8687a3f6b7,Agbaje Primary Health Center
60b35293-33ec-160a-d2f3-05c1a3738f72,866617714817,,433ca52b-230e-36bf-70a3-36f76e775643,ambulatory,185349003,Encounter for check up,08661f54-328d-4407-8e0b-1e8687a3f6b7,Agbaje Primary Health Center
4be299de-8d95-bf21-fa42-dd44c38d53ba,867911772763,,433ca52b-230e-36bf-70a3-36f76e775643,emergency,50849002,Emergency room admission,08661f54-328d-4407-8e0b-1e8687a3f6b7,Agbaje Primary Health Center
7aa67711-7b96-44af-8946-7c7d9ed52d31,929732914817,,433ca52b-230e-36bf-70a3-36f76e775643,ambulatory,162673000,General examination of patient,08661f54-328d-4407-8e0b-1e8687a3f6b7,Agbaje Primary Health Center
422c8626-eb05-ab1b-5bf2-a295459d302f,961290514817,,433ca52b-230e-36bf-70a3-36f76e775643,ambulatory,162673000,General examination of patient,08661f54-328d-4407-8e0b-1e8687a3f6b7,Agbaje Primary Health Center
21cbd230-78da-da6d-b9d9-2c9906f1e931,1055963314817,,433ca52b-230e-36bf-70a3-36f76e775643,ambulatory,162673000,General examination of patient,08661f54-328d-4407-8e0b-1e8687a3f6b7,Agbaje Primary Health Center
391837cd-e5a5-2e72-0e39-fbc9c6828889,1087520914817,,433ca52b-230e-36bf-70a3-36f76e775643,ambulatory,162673000,General examination of patient,08661f54-328d-4407-8e0b-1e8687a3f6b7,Agbaje Primary Health Center
a180f073-cea5-5b7a-99d9-a451725c3f9b,1119078514817,,433ca52b-230e-36bf-70a3-36f76e775643,ambulatory,162673000,General examination of patient,08661f54-328d-4407-8e0b-1e8687a3f6b7,Agbaje Primary Health Center
1e5e6891-78dc-c873-aaf4-e933b0c8ed87,1182193714817,,433ca52b-230e-36bf-70a3-36f76e775643,ambulatory,162673000,General examination of patient,08661f54-328d-4407-8e0b-1e8687a3f6b7,Agbaje Primary Health Center
dc545e64-a1f5-6811-63d5-ff9f741856e2,1213751314817,,433ca52b-230e-36bf-70a3-36f76e775643,ambulatory,162673000,General examination of patient,08661f54-328d-4407-8e0b-1e8687a3f6b7,Agbaje Primary Health Center
553a2730-4dd4-803e-7ccd-0b02bd31da62,1371539314817,,433ca52b-230e-36bf-70a3-36f76e775643,ambulatory,162673000,General examination of patient,08661f54-328d-4407-8e0b-1e8687a3f6b7,Agbaje Primary Health Center
94fd2d95-b39f-7544-15bc-722b4358e8c0,1403096914817,,433ca52b-230e-36bf-70a3-36f76e775643,ambulatory,162673000,General examination of patient,08661f54-328d-4407-8e0b-1e8687a3f6b7,Agbaje Primary Health Center
7e6477b3-2f48-95af-8d5c-1be5959211c4,1529327314817,,433ca52b-230e-36bf-70a3-36f76e775643,ambulatory,162673000,General examination of patient,08661f54-328d-4407-8e0b-1e8687a3f6b7,Agbaje Primary Health Center
b23a891a-68c6-3315-b205-1b1faf719297,1624000114817,,433ca52b-230e-36bf-70a3-36f76e775643,ambulatory,162673000,General examination of patient,08661f54-328d-4407-8e0b-1e8687a3f6b7,Agbaje Primary Health Center
e3eb91e3-143b-3e2b-31e3-835a5ef5088c,1655557714817,,433ca52b-230e-36bf-70a3-36f76e775643,ambulatory,162673000,General examination of patient,08661f54-328d-4407-8e0b-1e8687a3f6b7,Agbaje Primary Health Center
c2b93ee3-5874-9a7a-5f75-69fd73515a21,1718672914817,,433ca52b-230e-36bf-70a3-36f76e775643,ambulatory,162673000,General examination of patient,08661f54-328d-4407-8e0b-1e8687a3f6b7,Agbaje Primary Health Center
25b57ad4-fa78-a1c1-9481-c2dd07b5bcd3,1750230514817,,433ca52b-230e-36bf-70a3-36f76e775643,ambulatory,162673000,General examination of patient,08661f54-328d-4407-8e0b-1e8687a3f6b7,Agbaje Primary Health Center
a97e7e99-d4aa-84d5-82ec-cddfa0990716,-762457246265,,cb1d812b-f7a6-e4a3-614e-ab4efbc66601,ambulatory,162673000,General examination of patient (procedure),50a3d8e5-4253-4aee-95ed-28e801fae059,Okoko Health Center
7c1d5f55-2ac7-7993-dc1d-958b215e5768,-751938046265,-751333246265,cb1d812b-f7a6-e4a3-614e-ab4efbc66601,emergency,50849002,Emergency room admission,50a3d8e5-4253-4aee-95ed-28e801fae059,Okoko Health Center
08557032-9c00-dde3-efdb-debe57112b3a,-730899646265,,cb1d812b-f7a6-e4a3-614e-ab4efbc66601,ambulatory,162673000,General examination of patient (procedure),50a3d8e5-4253-4aee-95ed-28e801fae059,Okoko Health Center
3da6e209-bb7d-8390-18ed-f8194ff786e4,-730899646265,,cb1d812b-f7a6-e4a3-614e-ab4efbc66601,ambulatory,185349003,Encounter for check up,50a3d8e5-4253-4aee-95ed-28e801fae059,Okoko Health Center
133f4744-7d7a-5bb6-5d41-fdbb2575ccca,-730899646265,,cb1d812b-f7a6-e4a3-614e-ab4efbc66601,ambulatory,185349003,Encounter for check up,50a3d8e5-4253-4aee-95ed-28e801fae059,Okoko Health Center
734d9696-0a11-1d7a-355d-daaf49b6859d,-722405446265,-721800646265,cb1d812b-f7a6-e4a3-614e-ab4efbc66601,emergency,50849002,Emergency room admission,50a3d8e5-4253-4aee-95ed-28e801fae059,Okoko Health Center
f11d6855-2931-d2cc-c81f-a91ccb064f84,-699342046265,,cb1d812b-f7a6-e4a3-614e-ab4efbc66601,ambulatory,162673000,General examination of patient,50a3d8e5-4253-4aee-95ed-28e801fae059,Okoko Health Center
9d7a5ca8-85cc-7128-3cd9-06b449bea054,-698966740003,,cb1d812b-f7a6-e4a3-614e-ab4efbc66601,ambulatory,185349003,Encounter for check up,50a3d8e5-4253-4aee-95ed-28e801fae059,Okoko Health Center
55806f2f-b0f9-835c-d283-913227535287,-674464246265,-673859446265,cb1d812b-f7a6-e4a3-614e-ab4efbc66601,emergency,50849002,Emergency room admission,50a3d8e5-4253-4aee-95ed-28e801fae059,Okoko Health Center
46d76fcd-7e59-ca15-7e25-4270fe7bc27d,-667128995082,,cb1d812b-f7a6-e4a3-614e-ab4efbc66601,ambulatory,162673000,General examination of patient (procedure),50a3d8e5-4253-4aee-95ed-28e801fae059,Okoko Health Center
04a472b7-08f5-ee6f-d7a0-6df1b5ad948f,-667128995082,,cb1d812b-f7a6-e4a3-614e-ab4efbc66601,ambulatory,185349003,Encounter for check up,50a3d8e5-4253-4aee-95ed-28e801fae059,Okoko Health Center
b66e63bf-359a-520f-023a-e5e2dede5933,-647561446265,-646956646265,cb1d812b-f7a6-e4a3-614e-ab4efbc66601,emergency,50849002,Emergency room admission,50a3d8e5-4253-4aee-95ed-28e801fae059,Okoko Health Center
c4e34988-655d-380d-28b6-b82457ea4999,-636226846265,,cb1d812b-f7a6-e4a3-614e-ab4efbc66601,ambulatory,162673000,General examination of patient,50a3d8e5-4253-4aee-95ed-28e801fae059,Okoko Health Center
fa8ee1fb-14cd-7230-7958-f64738cf5a76,-635144057229,,cb1d812b-f7a6-e4a3-614e-ab4efbc66601,ambulatory,185349003,Encounter for check up,50a3d8e5-4253-4aee-95ed-28e801fae059,Okoko Health Center
7295ade3-db66-eb51-a31e-e732bc2ef4ab,-628548046265,-627943246265,cb1d812b-f7a6-e4a3-614e-ab4efbc66601,emergency,50849002,Emergency room admission,50a3d8e5-4253-4aee-95ed-28e801fae059,Okoko Health Center
5930a43e-f515-6771-8c73-e75466e89064,-570087646265,-569482846265,cb1d812b-f7a6-e4a3-614e-ab4efbc66601,emergency,50849002,Emergency room admission,50a3d8e5-4253-4aee-95ed-28e801fae059,Okoko Health Center
c661dc6a-5621-ddfd-b8c1-298ce02a9bb8,-541554046265,,cb1d812b-f7a6-e4a3-614e-ab4efbc66601,ambulatory,162673000,General examination of patient,50a3d8e5-4253-4aee-95ed-28e801fae059,Okoko Health Center
3a0cdf33-c24c-9a44-4de1-bfd0f6888112,-477548939983,,cb1d812b-f7a6-e4a3-614e-ab4efbc66601,ambulatory,185349003,Encounter for check up,50a3d8e5-4253-4aee-95ed-28e801fae059,Okoko Health Center
b2a36820-b581-f15e-ca02-da171fc5bcf9,-459031246265,-458426446265,cb1d812b-f7a6-e4a3-614e-ab4efbc66601,emergency,50849002,Emergency room admission,50a3d8e5-4253-4aee-95ed-28e801fae059,Okoko Health Center
3c97d667-0546-f460-34f4-2a7d614c7ac8,-446881246265,,cb1d812b-f7a6-e4a3-614e-ab4efbc66601,ambulatory,162673000,General examination of patient,50a3d8e5-4253-4aee-95ed-28e801fae059,Okoko Health Center
7a6f0228-8d80-3f6c-8ed4-38411af75203,-440017846265,-439413046265,cb1d812b-f7a6-e4a3-614e-ab4efbc66601,emergency,50849002,Emergency room admission,50a3d8e5-4253-4aee-95ed-28e801fae059,Okoko Health Center
e632b82f-ab8b-eeb4-2ea4-674f11dd9b86,-421004446265,,cb1d812b-f7a6-e4a3-614e-ab4efbc66601,ambulatory,162673000,General examination of patient (procedure),50a3d8e5-4253-4aee-95ed-28e801fae059,Okoko Health Center
db184c57-eb10-c7a1-fafc-74ba7380dcbe,-421004446265,-419794846265,cb1d812b-f7a6-e4a3-614e-ab4efbc66601,inpatient,32485007,Hospital admission,50a3d8e5-4253-4aee-95ed-28e801fae059,Okoko Health Center
4e5b1c98-b63c-fa12-b852-ebe2b8de13a7,-417165046265,-416560246265,cb1d812b-f7a6-e4a3-614e-ab4efbc66601,emergency,50849002,Emergency room admission,50a3d8e5-4253-4aee-95ed-28e801fae059,Okoko Health Center
d87fa87f-5bd7-a766-b54d-89b9aa7d3aa4,-415323646265,,cb1d812b-f7a6-e4a3-614e-ab4efbc66601,ambulatory,162673000,General examination of patient,50a3d8e5-4253-4aee-95ed-28e801fae059,Okoko Health Center
e43048ef-9297-96cf-2b7c-f9a0ac02601f,-403411246265,-402806446265,cb1d812b-f7a6-e4a3-614e-ab4efbc66601,emergency,50849002,Emergency room admission,50a3d8e5-4253-4aee-95ed-28e801fae059,Okoko Health Center
9757ac2c-2a1e-d3ac-4bcb-60dc0dc642d3,-394917046265,-394312246265,cb1d812b-f7a6-e4a3-614e-ab4efbc66601,emergency,50849002,Emergency room admission,50a3d8e5-4253-4aee-95ed-28e801fae059,Okoko Health Center
78cc107b-7bf5-818f-fc61-462624406398,-354865246265,-354260446265,cb1d812b-f7a6-e4a3-614e-ab4efbc66601,emergency,50849002,Emergency room admission,50a3d8e5-4253-4aee-95ed-28e801fae059,Okoko Health Center
a5467744-78ae-0e7d-6469-7fab8df23bf0,-325332646265,-324727846265,cb1d812b-f7a6-e4a3-614e-ab4efbc66601,emergency,50849002,Emergency room admission,50a3d8e5-4253-4aee-95ed-28e801fae059,Okoko Health Center
5a3ce986-4abe-6452-da36-ebdb2f41b96f,-320650846265,,cb1d812b-f7a6-e4a3-614e-ab4efbc66601,ambulatory,162673000,General examination of patient,50a3d8e5-4253-4aee-95ed-28e801fae059,Okoko Health Center
b211a773-bd33-bbbf-22e4-8e21fa8b598f,-314208646265,-313603846265,cb1d812b-f7a6-e4a3-614e-ab4efbc66601,emergency,50849002,Emergency room admission,50a3d8e5-4253-4aee-95ed-28e801fae059,Okoko Health Center
1e45d9a2-76df-c314-e59a-cb62e3cea72c,-292565446265,-291960646265,cb1d812b-f7a6-e4a3-614e-ab4efbc66601,emergency,50849002,Emergency room admission,50a3d8e5-4253-4aee-95ed-28e801fae059,Okoko Health Center
60ed9904-53be-6794-4975-9e8b53beaf88,-289093246265,,cb1d812b-f7a6-e4a3-614e-ab4efbc66601,ambulatory,162673000,General examination of patient,50a3d8e5-4253-4aee-95ed-28e801fae059,Okoko Health Center
36132fd6-c75c-d3c8-0231-e97bfa48931c,-257535646265,,cb1d812b-f7a6-e4a3-614e-ab4efbc66601,ambulatory,162673000,General examination of patient,50a3d8e5-4253-4aee-95ed-28e801fae059,Okoko Health Center
ce6d7981-f3b6-a5e0-19bc-2269ab9c0e51,-252513646265,-251908846265,cb1d812b-f7a6-e4a3-614e-ab4efbc66601,emergency,50849002,Emergency room admission,50a3d8e5-4253-4aee-95ed-28e801fae059,Okoko Health Center
597b62ed-0fc4-8d10-3135-bb339d331d2b,-241389646265,-240784846265,cb1d812b-f7a6-e4a3-614e-ab4efbc66601,emergency,50849002,Emergency room admission,50a3d8e5-4253-4aee-95ed-28e801fae059,Okoko Health Center
e1f6cef0-9a79-d1a3-3717-0709f8fb49a7,-230265646265,-229660846265,cb1d812b-f7a6-e4a3-614e-ab4efbc66601,emergency,50849002,Emergency room admission,50a3d8e5-4253-4aee-95ed-28e801fae059,Okoko Health Center
88d1242f-a7f6-b4fd-04a4-5a3900110071,-198103246265,-197498446265,cb1d812b-f7a6-e4a3-614e-ab4efbc66601,emergency,50849002,Emergency room admission,50a3d8e5-4253-4aee-95ed-28e801fae059,Okoko Health Center
312e49fa-f277-38ca-defa-56e0b18119fb,-194420446265,,cb1d812b-f7a6-e4a3-614e-ab4efbc66601,ambulatory,162673000,General examination of patient,50a3d8e5-4253-4aee-95ed-28e801fae059,Okoko Health Center
a3ab53eb-9333-a80c-a367-0d79ba4b9e25,-171200446265,-170595646265,cb1d812b-f7a6-e4a3-614e-ab4efbc66601,emergency,50849002,Emergency room admission,50a3d8e5-4253-4aee-95ed-28e801fae059,Okoko Health Center
3103003a-e9aa-2483-83e5-343939b0c39b,-165336046265,-164731246265,cb1d812b-f7a6-e4a3-614e-ab4efbc66601,emergency,50849002,Emergency room admission,50a3d8e5-4253-4aee-95ed-28e801fae059,Okoko Health Center
ac537e6d-667e-6be9-3691-6cb0eee75dc9,-143692846265,-143088046265,cb1d812b-f7a6-e4a3-614e-ab4efbc66601,emergency,50849002,Emergency room admission,50a3d8e5-4253-4aee-95ed-28e801fae059,Okoko Health Center
5d995487-333c-e4b8-6a04-6a18504a942f,-129939046265,-129334246265,cb1d812b-f7a6-e4a3-614e-ab4efbc66601,emergency,50849002,Emergency room admission,50a3d8e5-4253-4aee-95ed-28e801fae059,Okoko Health Center
e0668147-ae40-9b85-bdc5-a7d66d3b2b74,-124074646265,-123469846265,cb1d812b-f7a6-e4a3-614e-ab4efbc66601,emergency,50849002,Emergency room admission,50a3d8e5-4253-4aee-95ed-28e801fae059,Okoko Health Center
08153156-3c0c-992e-e7a6-d1fdf9565916,-68190046265,,cb1d812b-f7a6-e4a3-614e-ab4efbc66601,ambulatory,162673000,General examination of patient,50a3d8e5-4253-4aee-95ed-28e801fae059,Okoko Health Center
eef6bebc-61ab-b846-8fb5-0159d3d64ca2,-60354646265,-59749846265,cb1d812b-f7a6-e4a3-614e-ab4efbc66601,emergency,50849002,Emergency room admission,50a3d8e5-4253-4aee-95ed-28e801fae059,Okoko Health Center
37f80b5d-78c1-193d-3dcc-6dfdf9dce5e6,-54490246265,,cb1d812b-f7a6-e4a3-614e-ab4efbc66601,ambulatory,162673000,General examination of patient (procedure),50a3d8e5-4253-4aee-95ed-28e801fae059,Okoko Health Center
0ca3900d-e208-541a-fdf5-fc1750f62ed8,-54490246265,-53280646265,cb1d812b-f7a6-e4a3-614e-ab4efbc66601,inpatient,32485007,Hospital admission,50a3d8e5-4253-4aee-95ed-28e801fae059,Okoko Health Center
4718e5ca-8ca5-efe1-fd8b-d5a787e147ae,-37501846265,-36897046265,cb1d812b-f7a6-e4a3-614e-ab4efbc66601,emergency,50849002,Emergency room admission,50a3d8e5-4253-4aee-95ed-28e801fae059,Okoko Health Center
31dc5330-b287-ea18-24bf-728c98d97794,-23748046265,-23143246265,cb1d812b-f7a6-e4a3-614e-ab4efbc66601,emergency,50849002,Emergency room admission,50a3d8e5-4253-4aee-95ed-28e801fae059,Okoko Health Center
689c2fba-05e1-354f-689f-1f26bc70c66f,11044153735,11648953735,cb1d812b-f7a6-e4a3-614e-ab4efbc66601,emergency,50849002,Emergency room admission,50a3d8e5-4253-4aee-95ed-28e801fae059,Okoko Health Center
59f52f0e-f7a3-7d94-0171-82810993905c,16908553735,17513353735,cb1d812b-f7a6-e4a3-614e-ab4efbc66601,emergency,50849002,Emergency room admission,50a3d8e5-4253-4aee-95ed-28e801fae059,Okoko Health Center
bc24ef70-453a-3cf6-75be-5f6554932c3e,26482753735,,cb1d812b-f7a6-e4a3-614e-ab4efbc66601,ambulatory,162673000,General examination of patient,50a3d8e5-4253-4aee-95ed-28e801fae059,Okoko Health Center
317f7e07-68d0-71d4-3499-35377b06f608,30662353735,31267153735,cb1d812b-f7a6-e4a3-614e-ab4efbc66601,emergency,50849002,Emergency room admission,50a3d8e5-4253-4aee-95ed-28e801fae059,Okoko Health Center
9d0d2813-060c-31bc-d61a-8188d1dabd5c,39156553735,39761353735,cb1d812b-f7a6-e4a3-614e-ab4efbc66601,emergency,50849002,Emergency room admission,50a3d8e5-4253-4aee-95ed-28e801fae059,Okoko Health Center
c828d670-6942-cf4d-a30e-ebc71f078e2f,42391153735,42995953735,cb1d812b-f7a6-e4a3-614e-ab4efbc66601,emergency,50849002,Emergency room admission,50a3d8e5-4253-4aee-95ed-28e801fae059,Okoko Health Center
9f1ccfa7-df6b-651c-3072-63d7aaf5d119,58040353735,,cb1d812b-f7a6-e4a3-614e-ab4efbc66601,ambulatory,162673000,General examination of patient,50a3d8e5-4253-4aee-95ed-28e801fae059,Okoko Health Center
0d62737c-9e28-96b3-cebd-79c8592a1c59,89597953735,,cb1d812b-f7a6-e4a3-614e-ab4efbc66601,ambulatory,162673000,General examination of patient,50a3d8e5-4253-4aee-95ed-28e801fae059,Okoko Health Center
e8fe9340-3832-61bc-107d-e9bdeb235e14,98221753735,98826553735,cb1d812b-f7a6-e4a3-614e-ab4efbc66601,emergency,50849002,Emergency room admission,50a3d8e5-4253-4aee-95ed-28e801fae059,Okoko Health Center
76649352-91b4-366b-6dda-94d9da05134e,121155553735,,cb1d812b-f7a6-e4a3-614e-ab4efbc66601,ambulatory,162673000,General examination of patient,50a3d8e5-4253-4aee-95ed-28e801fae059,Okoko Health Center
a08e7977-3955-0587-a60d-49d3fa0ce521,133013953735,133618753735,cb1d812b-f7a6-e4a3-614e-ab4efbc66601,emergency,50849002,Emergency room admission,50a3d8e5-4253-4aee-95ed-28e801fae059,Okoko Health Center
70511c1a-3ee4-f1bb-3379-bb9d55abcb1d,152713153735,,cb1d812b-f7a6-e4a3-614e-ab4efbc66601,ambulatory,162673000,General examination of patient,50a3d8e5-4253-4aee-95ed-28e801fae059,Okoko Health Center
e9b124fd-161d-20ac-250b-bc77c571a59a,157286953735,157891753735,cb1d812b-f7a6-e4a3-614e-ab4efbc66601,emergency,50849002,Emergency room admission,50a3d8e5-4253-4aee-95ed-28e801fae059,Okoko Health Center
be32f841-369f-eb75-5860-b131de7fb9c1,184270753735,,cb1d812b-f7a6-e4a3-614e-ab4efbc66601,ambulatory,162673000,General examination of patient,50a3d8e5-4253-4aee-95ed-28e801fae059,Okoko Health Center
5775e53a-eb97-ae69-87d7-9f5744f1da70,186819553735,187424353735,cb1d812b-f7a6-e4a3-614e-ab4efbc66601,emergency,50849002,Emergency room admission,50a3d8e5-4253-4aee-95ed-28e801fae059,Okoko Health Center
2b657963-32b1-b2f2-c8d7-e8daf0ae0fb5,208462753735,209067553735,cb1d812b-f7a6-e4a3-614e-ab4efbc66601,emergency,50849002,Emergency room admission,50a3d8e5-4253-4aee-95ed-28e801fae059,Okoko Health Center
3640a8b6-74c3-ce52-6566-1a15e10bffca,230105953735,230710753735,cb1d812b-f7a6-e4a3-614e-ab4efbc66601,emergency,50849002,Emergency room admission,50a3d8e5-4253-4aee-95ed-28e801fae059,Okoko Health Center
5fbda218-6c72-398d-b425-b3397a650892,235970353735,236575153735,cb1d812b-f7a6-e4a3-614e-ab4efbc66601,emergency,50849002,Emergency room admission,50a3d8e5-4253-4aee-95ed-28e801fae059,Okoko Health Center
a688d5dc-10d3-6357-a902-0d9d2c3c805b,249724153735,250328953735,cb1d812b-f7a6-e4a3-614e-ab4efbc66601,emergency,50849002,Emergency room admission,50a3d8e5-4253-4aee-95ed-28e801fae059,Okoko Health Center
b0a14ba0-fe84-b648-b8bc-f602f40b49ea,255588553735,256193353735,cb1d812b-f7a6-e4a3-614e-ab4efbc66601,emergency,50849002,Emergency room admission,50a3d8e5-4253-4aee-95ed-28e801fae059,Okoko Health Center
ca951e2b-bece-7130-5ad2-38fb2203352c,278943553735,,cb1d812b-f7a6-e4a3-614e-ab4efbc66601,ambulatory,162673000,General examination of patient,50a3d8e5-4253-4aee-95ed-28e801fae059,Okoko Health Center
aa9d9c9f-b0fa-9074-64bd-7cbf7510bfd5,342058753735,,cb1d812b-f7a6-e4a3-614e-ab4efbc66601,ambulatory,162673000,General examination of patient,50a3d8e5-4253-4aee-95ed-28e801fae059,Okoko Health Center
4a74cc81-0738-d2b8-030d-da68f0012a09,350866153735,351470953735,cb1d812b-f7a6-e4a3-614e-ab4efbc66601,emergency,50849002,Emergency room admission,50a3d8e5-4253-4aee-95ed-28e801fae059,Okoko Health Center
392f28a7-8d96-4d74-7842-b0dc728298b1,372509353735,373114153735,cb1d812b-f7a6-e4a3-614e-ab4efbc66601,emergency,50849002,Emergency room admission,50a3d8e5-4253-4aee-95ed-28e801fae059,Okoko Health Center
d4572df4-124c-38e2-6369-838beb147cbd,381003553735,381608353735,cb1d812b-f7a6-e4a3-614e-ab4efbc66601,emergency,50849002,Emergency room admission,50a3d8e5-4253-4aee-95ed-28e801fae059,Okoko Health Center
86fabb8b-30c2-bdae-3820-13651efffa5d,384238153735,384842953735,cb1d812b-f7a6-e4a3-614e-ab4efbc66601,emergency,50849002,Emergency room admission,50a3d8e5-4253-4aee-95ed-28e801fae059,Okoko Health Center
99e12e71-b33f-dba0-cbab-e6df7ed53da3,405173953735,,cb1d812b-f7a6-e4a3-614e-ab4efbc66601,ambulatory,162673000,General examination of patient,50a3d8e5-4253-4aee-95ed-28e801fae059,Okoko Health Center
94dc7182-861b-3852-a288-53249364606c,413770753735,414375553735,cb1d812b-f7a6-e4a3-614e-ab4efbc66601,emergency,50849002,Emergency room admission,50a3d8e5-4253-4aee-95ed-28e801fae059,Okoko Health Center
6b731bd0-0a09-8fc4-e300-c793b0907b4d,436731553735,,cb1d812b-f7a6-e4a3-614e-ab4efbc66601,ambulatory,162673000,General examination of patient,50a3d8e5-4253-4aee-95ed-28e801fae059,Okoko Health Center
f7ffb4d9-2adf-829d-e1f1-e67220cd0509,466971553735,467576353735,cb1d812b-f7a6-e4a3-614e-ab4efbc66601,emergency,50849002,Emergency room admission,50a3d8e5-4253-4aee-95ed-28e801fae059,Okoko Health Center
992d84c1-374e-591e-0d92-b9dd52b2a723,468289153735,,cb1d812b-f7a6-e4a3-614e-ab4efbc66601,ambulatory,162673000,General examination of patient,50a3d8e5-4253-4aee-95ed-28e801fae059,Okoko Health Center
30ca62dd-a05e-039d-e132-5e9c4e4559e6,480725353735,481330153735,cb1d812b-f7a6-e4a3-614e-ab4efbc66601,emergency,50849002,Emergency room admission,50a3d8e5-4253-4aee-95ed-28e801fae059,Okoko Health Center
f12693ce-7cdb-990f-fe23-15a2f917d679,510257953735,510862753735,cb1d812b-f7a6-e4a3-614e-ab4efbc66601,emergency,50849002,Emergency room admission,50a3d8e5-4253-4aee-95ed-28e801fae059,Okoko Health Center
9d4b9219-6cca-0a1a-e243-ad6078eefc43,521381953735,521986753735,cb1d812b-f7a6-e4a3-614e-ab4efbc66601,emergency,50849002,Emergency room admission,50a3d8e5-4253-4aee-95ed-28e801fae059,Okoko Health Center
2edb05f2-fe0a-1705-8d80-3456fdef0e9f,543025153735,,cb1d812b-f7a6-e4a3-614e-ab4efbc66601,ambulatory,162673000,General examination of patient (procedure),50a3d8e5-4253-4aee-95ed-28e801fae059,Okoko Health Center
531a508a-83e0-81f8-afa2-68ed6a2f4b3f,543025153735,544234753735,cb1d812b-f7a6-e4a3-614e-ab4efbc66601,inpatient,32485007,Hospital admission,50a3d8e5-4253-4aee-95ed-28e801fae059,Okoko Health Center
920dd418-bcef-74c4-0cb2-c94b0be222c5,546864553735,547469353735,cb1d812b-f7a6-e4a3-614e-ab4efbc66601,emergency,50849002,Emergency room admission,50a3d8e5-4253-4aee-95ed-28e801fae059,Okoko Health Center
24407ba8-1dcd-bf51-7bf2-da69286ad99b,563248153735,563852953735,cb1d812b-f7a6-e4a3-614e-ab4efbc66601,emergency,50849002,Emergency room admission,50a3d8e5-4253-4aee-95ed-28e801fae059,Okoko Health Center
2b57b618-ca3f-5fc3-5ed4-be0139b4581c,571742353735,572347153735,cb1d812b-f7a6-e4a3-614e-ab4efbc66601,emergency,50849002,Emergency room admission,50a3d8e5-4253-4aee-95ed-28e801fae059,Okoko Health Center
0b922c96-985f-62ef-c734-ea028efaf360,585496153735,586100953735,cb1d812b-f7a6-e4a3-614e-ab4efbc66601,emergency,50849002,Emergency room admission,50a3d8e5-4253-4aee-95ed-28e801fae059,Okoko Health Center
b12a7790-5c5e-ff00-e6f8-c78ae60f382d,599249953735,599854753735,cb1d812b-f7a6-e4a3-614e-ab4efbc66601,emergency,50849002,Emergency room admission,50a3d8e5-4253-4aee-95ed-28e801fae059,Okoko Health Center
f868ddf2-11ef-128b-0660-b51265913f0e,610373953735,610978753735,cb1d812b-f7a6-e4a3-614e-ab4efbc66601,emergency,50849002,Emergency room admission,50a3d8e5-4253-4aee-95ed-28e801fae059,Okoko Health Center
91ded7a8-6e6e-ea1e-2d2d-c8166275ca06,626077153735,,cb1d812b-f7a6-e4a3-614e-ab4efbc66601,ambulatory,162673000,General examination of patient,50a3d8e5-4253-4aee-95ed-28e801fae059,Okoko Health Center
691e7eb8-6a56-27fa-064d-cc52f8759438,629387353735,629992153735,cb1d812b-f7a6-e4a3-614e-ab4efbc66601,emergency,50849002,Emergency room admission,50a3d8e5-4253-4aee-95ed-28e801fae059,Okoko Health Center
52751db1-68d6-3e58-87fb-1abe07ea418c,640511353735,641116153735,cb1d812b-f7a6-e4a3-614e-ab4efbc66601,emergency,50849002,Emergency room admission,50a3d8e5-4253-4aee-95ed-28e801fae059,Okoko Health Center
2fdcd780-0855-6e86-9787-e0cb3dfdea62,657634753735,,cb1d812b-f7a6-e4a3-614e-ab4efbc66601,ambulatory,162673000,General examination of patient,50a3d8e5-4253-4aee-95ed-28e801fae059,Okoko Health Center
20dc5abc-f01e-b746-4734-dbff3b124950,667414153735,668018953735,cb1d812b-f7a6-e4a3-614e-ab4efbc66601,emergency,50849002,Emergency room admission,50a3d8e5-4253-4aee-95ed-28e801fae059,Okoko Health Center
6e1bca11-c80a-b94d-f485-d9c51d456627,678538153735,679142953735,cb1d812b-f7a6-e4a3-614e-ab4efbc66601,emergency,50849002,Emergency room admission,50a3d8e5-4253-4aee-95ed-28e801fae059,Okoko Health Center
be32f1e7-e201-79d5-16a7-4f416af94d7a,687032353735,687637153735,cb1d812b-f7a6-e4a3-614e-ab4efbc66601,emergency,50849002,Emergency room admission,50a3d8e5-4253-4aee-95ed-28e801fae059,Okoko Health Center
b70657a8-824b-8e77-6c73-864c7784a6a2,720749953735,,cb1d812b-f7a6-e4a3-614e-ab4efbc66601,ambulatory,162673000,General examination of patient,50a3d8e5-4253-4aee-95ed-28e801fae059,Okoko Health Center
082f0f6b-683e-a26b-5434-716c1bf7c4d2,729713953735,730318753735,cb1d812b-f7a6-e4a3-614e-ab4efbc66601,emergency,50849002,Emergency room admission,50a3d8e5-4253-4aee-95ed-28e801fae059,Okoko Health Center
7d88394e-0254-12b9-17e4-4c493b5322fa,772395553735,773000353735,cb1d812b-f7a6-e4a3-614e-ab4efbc66601,emergency,50849002,Emergency room admission,50a3d8e5-4253-4aee-95ed-28e801fae059,Okoko Health Center
6f61367a-a6ca-3e38-47f2-1197b625b823,783865153735,,cb1d812b-f7a6-e4a3-614e-ab4efbc66601,ambulatory,162673000,General examination of patient,50a3d8e5-4253-4aee-95ed-28e801fae059,Okoko Health Center
1b9c94ad-4b7c-0c28-2aa2-4c4c12c8dd47,846980353735,,cb1d812b-f7a6-e4a3-614e-ab4efbc66601,ambulatory,162673000,General examination of patient,50a3d8e5-4253-4aee-95ed-28e801fae059,Okoko Health Center
862e6872-7480-a9b0-fa9f-970f388260af,849264553735,850474153735,cb1d812b-f7a6-e4a3-614e-ab4efbc66601,inpatient,32485007,Hospital admission,50a3d8e5-4253-4aee-95ed-28e801fae059,Okoko Health Center
d9c4932e-b103-d824-9b9a-6c05a88bfe20,863623153735,864227953735,cb1d812b-f7a6-e4a3-614e-ab4efbc66601,emergency,50849002,Emergency room admission,50a3d8e5-4253-4aee-95ed-28e801fae059,Okoko Health Center
06edebe6-8f75-4a23-a0d5-c1c0eb71cc36,866857753735,867462553735,cb1d812b-f7a6-e4a3-614e-ab4efbc66601,emergency,50849002,Emergency room admission,50a3d8e5-4253-4aee-95ed-28e801fae059,Okoko Health Center
0d2f5db9-148d-4c3c-bf29-4a27c4958df8,901649953735,902254753735,cb1d812b-f7a6-e4a3-614e-ab4efbc66601,emergency,50849002,Emergency room admission,50a3d8e5-4253-4aee-95ed-28e801fae059,Okoko Health Center
a6155481-082a-2219-6007-c9be1c9e7c4f,928552753735,929157553735,cb1d812b-f7a6-e4a3-614e-ab4efbc66601,emergency,50849002,Emergency room admission,50a3d8e5-4253-4aee-95ed-28e801fae059,Okoko Health Center
9b7d3859-c805-283d-1d4b-e4ccffef8c9c,944936353735,945541153735,cb1d812b-f7a6-e4a3-614e-ab4efbc66601,emergency,50849002,Emergency room admission,50a3d8e5-4253-4aee-95ed-28e801fae059,Okoko Health Center
50352dfb-04c6-1a3c-f714-e1eaac6d400f,973210753735,,cb1d812b-f7a6-e4a3-614e-ab4efbc66601,ambulatory,162673000,General examination of patient,50a3d8e5-4253-4aee-95ed-28e801fae059,Okoko Health Center
44125121-111a-880a-3d34-334bfa6f46b7,987617953735,988222753735,cb1d812b-f7a6-e4a3-614e-ab4efbc66601,emergency,50849002,Emergency room admission,50a3d8e5-4253-4aee-95ed-28e801fae059,Okoko Health Center
b62e1764-92f6-c71b-9c8e-0d8816886dff,1001371753735,1001976553735,cb1d812b-f7a6-e4a3-614e-ab4efbc66601,emergency,50849002,Emergency room admission,50a3d8e5-4253-4aee-95ed-28e801fae059,Okoko Health Center
aa16242f-0797-8538-d5d9-5fe389325fdf,1004768353735,,cb1d812b-f7a6-e4a3-614e-ab4efbc66601,ambulatory,162673000,General examination of patient,50a3d8e5-4253-4aee-95ed-28e801fae059,Okoko Health Center
d77f2ea7-e07d-73f0-3751-cba6130d3451,1004606353735,1005211153735,cb1d812b-f7a6-e4a3-614e-ab4efbc66601,emergency,50849002,Emergency room admission,50a3d8e5-4253-4aee-95ed-28e801fae059,Okoko Health Center
e2389c12-9cbf-302b-d536-e4e38fe3d42f,1036325953735,,cb1d812b-f7a6-e4a3-614e-ab4efbc66601,ambulatory,162673000,General examination of patient,50a3d8e5-4253-4aee-95ed-28e801fae059,Okoko Health Center
d08065bb-d5cc-8446-c68a-a07b3fe4e35d,1068326353735,1069535953735,cb1d812b-f7a6-e4a3-614e-ab4efbc66601,inpatient,32485007,Hospital admission,50a3d8e5-4253-4aee-95ed-28e801fae059,Okoko Health Center
9cbcad8c-40ef-400d-207e-1cc406f23710,1077425353735,1078030153735,cb1d812b-f7a6-e4a3-614e-ab4efbc66601,emergency,50849002,Emergency room admission,50a3d8e5-4253-4aee-95ed-28e801fae059,Okoko Health Center
43f09695-9f2d-5f6d-4cd9-5d089f65877e,1099441153735,,cb1d812b-f7a6-e4a3-614e-ab4efbc66601,ambulatory,162673000,General examination of patient,50a3d8e5-4253-4aee-95ed-28e801fae059,Okoko Health Center
93428ff8-5e8b-8d61-d329-b71c9894662c,1112217553735,1112822353735,cb1d812b-f7a6-e4a3-614e-ab4efbc66601,emergency,50849002,Emergency room admission,50a3d8e5-4253-4aee-95ed-28e801fae059,Okoko Health Center
9d904898-3d61-600c-6b62-a807a9a84a67,1118081953735,1118686753735,cb1d812b-f7a6-e4a3-614e-ab4efbc66601,emergency,50849002,Emergency room admission,50a3d8e5-4253-4aee-95ed-28e801fae059,Okoko Health Center
9d99aef1-53b8-105f-0616-99d577190c2d,1162556353735,,cb1d812b-f7a6-e4a3-614e-ab4efbc66601,ambulatory,162673000,General examination of patient,50a3d8e5-4253-4aee-95ed-28e801fae059,Okoko Health Center
ab56ac1f-7fc7-2b38-9028-c172744e6843,1189691353735,1190900953735,cb1d812b-f7a6-e4a3-614e-ab4efbc66601,inpatient,32485007,Hospital admission,50a3d8e5-4253-4aee-95ed-28e801fae059,Okoko Health Center
6f803528-f370-39ce-37aa-d31547a3cf76,1204049953735,1204654753735,cb1d812b-f7a6-e4a3-614e-ab4efbc66601,emergency,50849002,Emergency room admission,50a3d8e5-4253-4aee-95ed-28e801fae059,Okoko Health Center
6f835a3f-86f4-9373-ba8a-cf0022a84769,1207284553735,1207889353735,cb1d812b-f7a6-e4a3-614e-ab4efbc66601,emergency,50849002,Emergency room admission,50a3d8e5-4253-4aee-95ed-28e801fae059,Okoko Health Center
e543cb35-2afb-e2fb-59f6-5ae3839d5bbd,1225671553735,,cb1d812b-f7a6-e4a3-614e-ab4efbc66601,ambulatory,162673000,General examination of patient,50a3d8e5-4253-4aee-95ed-28e801fae059,Okoko Health Center
88e7e998-e306-b761-9b76-b65b462f12ef,1257855553735,1258460353735,cb1d812b-f7a6-e4a3-614e-ab4efbc66601,emergency,50849002,Emergency room admission,50a3d8e5-4253-4aee-95ed-28e801fae059,Okoko Health Center
54af4b72-2e31-afb8-b9ee-496dd81195c8,1308426553735,1309031353735,cb1d812b-f7a6-e4a3-614e-ab4efbc66601,emergency,50849002,Emergency room admission,50a3d8e5-4253-4aee-95ed-28e801fae059,Okoko Health Center
fd18a5c5-bdb6-9751-0504-e664151b45f4,1324810153735,1325414953735,cb1d812b-f7a6-e4a3-614e-ab4efbc66601,emergency,50849002,Emergency room admission,50a3d8e5-4253-4aee-95ed-28e801fae059,Okoko Health Center
3b0a3f01-299e-293b-0d44-6966f84544fe,1370121553735,1370726353735,cb1d812b-f7a6-e4a3-614e-ab4efbc66601,emergency,50849002,Emergency room admission,50a3d8e5-4253-4aee-95ed-28e801fae059,Okoko Health Center
2dcdf796-1c45-c7fe-c870-51271db12a83,1386505153735,1387109953735,cb1d812b-f7a6-e4a3-614e-ab4efbc66601,emergency,50849002,Emergency room admission,50a3d8e5-4253-4aee-95ed-28e801fae059,Okoko Health Center
3a0d7acc-476f-d3a2-7da3-24d6f0dd82de,1455484753735,1456089553735,cb1d812b-f7a6-e4a3-614e-ab4efbc66601,emergency,50849002,Emergency room admission,50a3d8e5-4253-4aee-95ed-28e801fae059,Okoko Health Center
dadfd2d6-728a-433e-9317-1c9a33514834,1463978953735,1464583753735,cb1d812b-f7a6-e4a3-614e-ab4efbc66601,emergency,50849002,Emergency room admission,50a3d8e5-4253-4aee-95ed-28e801fae059,Okoko Health Center
e8efade3-d5d3-4475-b68f-cb9f691f5fdd,1501400953735,1502005753735,cb1d812b-f7a6-e4a3-614e-ab4efbc66601,emergency,50849002,Emergency room admission,50a3d8e5-4253-4aee-95ed-28e801fae059,Okoko Health Center
e76b2826-723b-e992-2ac7-d70a1e8bfae5,1509927553735,,cb1d812b-f7a6-e4a3-614e-ab4efbc66601,ambulatory,162673000,General examination of patient (procedure),50a3d8e5-4253-4aee-95ed-28e801fae059,Okoko Health Center
102490f3-7905-08cd-d2e9-285ffeaff886,1509927553735,,cb1d812b-f7a6-e4a3-614e-ab4efbc66601,ambulatory,185349003,Encounter for check up,50a3d8e5-4253-4aee-95ed-28e801fae059,Okoko Health Center
265c076f-d191-4802-7f65-65bf03b1fbf8,1533563353735,1534168153735,cb1d812b-f7a6-e4a3-614e-ab4efbc66601,emergency,50849002,Emergency room admission,50a3d8e5-4253-4aee-95ed-28e801fae059,Okoko Health Center
4833e1a2-1c27-a243-2305-7d90918e391e,1570985353735,1571590153735,cb1d812b-f7a6-e4a3-614e-ab4efbc66601,emergency,50849002,Emergency room admission,50a3d8e5-4253-4aee-95ed-28e801fae059,Okoko Health Center
b6c9ef32-4439-9db4-591e-8ebc26c0044c,1576849753735,1577454553735,cb1d812b-f7a6-e4a3-614e-ab4efbc66601,emergency,50849002,Emergency room admission,50a3d8e5-4253-4aee-95ed-28e801fae059,Okoko Health Center
f2a0218b-bd95-a50c-cbd9-0385568ec64a,1604362753735,,cb1d812b-f7a6-e4a3-614e-ab4efbc66601,ambulatory,162673000,General examination of patient,50a3d8e5-4253-4aee-95ed-28e801fae059,Okoko Health Center
352b0615-f928-7d4a-036e-bf2a2d765f1b,1619531353735,1620136153735,cb1d812b-f7a6-e4a3-614e-ab4efbc66601,emergency,50849002,Emergency room admission,50a3d8e5-4253-4aee-95ed-28e801fae059,Okoko Health Center
6e17721b-8b7f-fb1b-528c-224d7c78e332,1635920353735,,cb1d812b-f7a6-e4a3-614e-ab4efbc66601,ambulatory,162673000,General examination of patient,50a3d8e5-4253-4aee-95ed-28e801fae059,Okoko Health Center
6fda609a-3f5a-17f6-b6fd-d9815b6b5e50,1638544753735,1639149553735,cb1d812b-f7a6-e4a3-614e-ab4efbc66601,emergency,50849002,Emergency room admission,50a3d8e5-4253-4aee-95ed-28e801fae059,Okoko Health Center
d5723b66-fff0-e94c-76bb-e58567387b1a,1649668753735,1650273553735,cb1d812b-f7a6-e4a3-614e-ab4efbc66601,emergency,50849002,Emergency room admission,50a3d8e5-4253-4aee-95ed-28e801fae059,Okoko Health Center
a268a002-5ad5-295b-c206-64b3b9efef61,1660792753735,1661397553735,cb1d812b-f7a6-e4a3-614e-ab4efbc66601,emergency,50849002,Emergency room admission,50a3d8e5-4253-4aee-95ed-28e801fae059,Okoko Health Center
7df795b6-338b-942b-b765-7b99986d113b,535338593643,,4f03b017-a6e4-a466-f048-6a609f628293,ambulatory,162673000,General examination of patient (procedure),a729ea31-80de-4efd-ab50-5c552b8fd816,Oluwaniye Maternity Home
b7a982d1-66d2-75b5-c938-d0aa6374b72e,535338593643,,4f03b017-a6e4-a466-f048-6a609f628293,inpatient,32485007,Hospital admission,a729ea31-80de-4efd-ab50-5c552b8fd816,Oluwaniye Maternity Home
79d5c5cc-ab21-3c4d-12e9-fbaf416c2ea4,566896193643,,4f03b017-a6e4-a466-f048-6a609f628293,ambulatory,162673000,General examination of patient,a729ea31-80de-4efd-ab50-5c552b8fd816,Oluwaniye Maternity Home
db992aeb-259e-86f1-35ff-f7dd6b958159,598453793643,,4f03b017-a6e4-a466-f048-6a609f628293,ambulatory,185349003,Encounter for check up,a729ea31-80de-4efd-ab50-5c552b8fd816,Oluwaniye Maternity Home
db47dbab-92a2-2e27-aac7-b8231f46cb6e,630011393643,,4f03b017-a6e4-a466-f048-6a609f628293,ambulatory,162673000,General examination of patient,a729ea31-80de-4efd-ab50-5c552b8fd816,Oluwaniye Maternity Home
5737535c-4d6b-0b43-b599-ddcd5bd0468b,630011393643,,4f03b017-a6e4-a466-f048-6a609f628293,ambulatory,185349003,Encounter for check up,a729ea31-80de-4efd-ab50-5c552b8fd816,Oluwaniye Maternity Home
4f9ddeea-2ab6-e269-535d-ad145f959ff8,630478045288,,4f03b017-a6e4-a466-f048-6a609f628293,ambulatory,185349003,Encounter for check up,a729ea31-80de-4efd-ab50-5c552b8fd816,Oluwaniye Maternity Home
9f8688c4-4e96-b68e-4c5f-aa9aa44ebe8d,661568993643,,4f03b017-a6e4-a466-f048-6a609f628293,ambulatory,162673000,General examination of patient,a729ea31-80de-4efd-ab50-5c552b8fd816,Oluwaniye Maternity Home
988ac9ff-9718-6f65-bd51-795df7446f41,662415152974,,4f03b017-a6e4-a466-f048-6a609f628293,ambulatory,185349003,Encounter for check up,a729ea31-80de-4efd-ab50-5c552b8fd816,Oluwaniye Maternity Home
7aa6794c-70b1-48f7-1cb7-46b4b992ac92,693126593643,,4f03b017-a6e4-a466-f048-6a609f628293,ambulatory,162673000,General examination of patient,a729ea31-80de-4efd-ab50-5c552b8fd816,Oluwaniye Maternity Home
a7110136-102a-af65-e1cf-ea61191bfb11,756241793643,,4f03b017-a6e4-a466-f048-6a609f628293,ambulatory,162673000,General examination of patient,a729ea31-80de-4efd-ab50-5c552b8fd816,Oluwaniye Maternity Home
f03dac7d-4272-3161-5449-90258e61c803,819356993643,,4f03b017-a6e4-a466-f048-6a609f628293,ambulatory,162673000,General examination of patient,a729ea31-80de-4efd-ab50-5c552b8fd816,Oluwaniye Maternity Home
e046a1d2-e81d-6525-0760-bc5a9f95ccfc,882472193643,,4f03b017-a6e4-a466-f048-6a609f628293,ambulatory,162673000,General examination of patient,a729ea31-80de-4efd-ab50-5c552b8fd816,Oluwaniye Maternity Home
a0a94bc4-1857-88ad-3b05-fbf925f8745d,945587393643,,4f03b017-a6e4-a466-f048-6a609f628293,ambulatory,162673000,General examination of patient,a729ea31-80de-4efd-ab50-5c552b8fd816,Oluwaniye Maternity Home
6f389579-bd84-7e39-9f8f-af0a94f99a38,1103375393643,,4f03b017-a6e4-a466-f048-6a609f628293,ambulatory,162673000,General examination of patient,a729ea31-80de-4efd-ab50-5c552b8fd816,Oluwaniye Maternity Home
399dc276-7f64-6798-6f72-2399db7d98a9,1166490593643,,4f03b017-a6e4-a466-f048-6a609f628293,ambulatory,162673000,General examination of patient,a729ea31-80de-4efd-ab50-5c552b8fd816,Oluwaniye Maternity Home
e924fe24-17f7-9ed7-48b4-68b53edf33a2,1229605793643,,4f03b017-a6e4-a466-f048-6a609f628293,ambulatory,162673000,General examination of patient,a729ea31-80de-4efd-ab50-5c552b8fd816,Oluwaniye Maternity Home
dc0ed550-b1bd-bc33-ff04-7e91983703d8,1513624193643,,4f03b017-a6e4-a466-f048-6a609f628293,ambulatory,162673000,General examination of patient,a729ea31-80de-4efd-ab50-5c552b8fd816,Oluwaniye Maternity Home
49af6074-8f38-65a8-9b94-ec4da86c64ed,1639854593643,,4f03b017-a6e4-a466-f048-6a609f628293,ambulatory,162673000,General examination of patient,a729ea31-80de-4efd-ab50-5c552b8fd816,Oluwaniye Maternity Home
0e4d18ff-cf5b-8b7f-6112-5fc3df5e5869,1671412193643,,4f03b017-a6e4-a466-f048-6a609f628293,ambulatory,162673000,General examination of patient,a729ea31-80de-4efd-ab50-5c552b8fd816,Oluwaniye Maternity Home
9b0c1d30-df57-a4e7-d5f5-cc2e6d7eeb6d,1702969793643,,4f03b017-a6e4-a466-f048-6a609f628293,ambulatory,162673000,General examination of patient,a729ea31-80de-4efd-ab50-5c552b8fd816,Oluwaniye Maternity Home
a87ce492-6515-987f-756f-01eac2e2e715,1734527393643,,4f03b017-a6e4-a466-f048-6a609f628293,ambulatory,162673000,General examination of patient,a729ea31-80de-4efd-ab50-5c552b8fd816,Oluwaniye Maternity Home
cbf9f300-9179-23bd-049f-2c21fe991c82,933790467620,,3931e664-4ae2-05a2-ed80-cfc69776c844,ambulatory,162673000,General examination of patient,204eff28-988c-4e0a-b8af-03c0a3fe227d,Alphat Omega Medical Center
ffcb6a9c-5487-6c66-e45a-43b5460cd0a5,933790467620,,3931e664-4ae2-05a2-ed80-cfc69776c844,ambulatory,185349003,Encounter for check up,204eff28-988c-4e0a-b8af-03c0a3fe227d,Alphat Omega Medical Center
9d4e9ab1-cb66-b6f1-a13d-c9befdb8d3d1,965951812353,,3931e664-4ae2-05a2-ed80-cfc69776c844,ambulatory,185349003,Encounter for check up,204eff28-988c-4e0a-b8af-03c0a3fe227d,Alphat Omega Medical Center
e2bc20f0-799b-659f-2705-9bed369bd5ff,1029340376979,,3931e664-4ae2-05a2-ed80-cfc69776c844,ambulatory,185349003,Encounter for check up,204eff28-988c-4e0a-b8af-03c0a3fe227d,Alphat Omega Medical Center
e3dcdad3-313c-2810-48a7-cdad8432d440,1091578467620,,3931e664-4ae2-05a2-ed80-cfc69776c844,ambulatory,162673000,General examination of patient,204eff28-988c-4e0a-b8af-03c0a3fe227d,Alphat Omega Medical Center
b797f601-8247-64cb-3d5e-3aedf44c5a90,1123136067620,,3931e664-4ae2-05a2-ed80-cfc69776c844,ambulatory,162673000,General examination of patient,204eff28-988c-4e0a-b8af-03c0a3fe227d,Alphat Omega Medical Center
3aae0800-bb01-d65f-09a1-f644bb267758,1154693667620,,3931e664-4ae2-05a2-ed80-cfc69776c844,ambulatory,162673000,General examination of patient,204eff28-988c-4e0a-b8af-03c0a3fe227d,Alphat Omega Medical Center
fc49e993-91a7-e69b-6204-b999c2738042,1217808867620,,3931e664-4ae2-05a2-ed80-cfc69776c844,ambulatory,162673000,General examination of patient,204eff28-988c-4e0a-b8af-03c0a3fe227d,Alphat Omega Medical Center
9488efb9-7f81-7e6e-87ca-d0d21cd693eb,1249366467620,,3931e664-4ae2-05a2-ed80-cfc69776c844,ambulatory,162673000,General examination of patient,204eff28-988c-4e0a-b8af-03c0a3fe227d,Alphat Omega Medical Center
6151ce11-73fe-b94a-ccff-aad23534c58c,1312481667620,,3931e664-4ae2-05a2-ed80-cfc69776c844,ambulatory,162673000,General examination of patient,204eff28-988c-4e0a-b8af-03c0a3fe227d,Alphat Omega Medical Center
0e23c471-36e8-1acd-223c-53b2f6a08673,1344039267620,,3931e664-4ae2-05a2-ed80-cfc69776c844,ambulatory,162673000,General examination of patient,204eff28-988c-4e0a-b8af-03c0a3fe227d,Alphat Omega Medical Center
23314208-4778-b928-58f3-6fff7d5e0239,1533384867620,,3931e664-4ae2-05a2-ed80-cfc69776c844,ambulatory,162673000,General examination of patient,204eff28-988c-4e0a-b8af-03c0a3fe227d,Alphat Omega Medical Center
92c2fb78-e704-1efe-400b-897fc9720d32,1564942467620,,3931e664-4ae2-05a2-ed80-cfc69776c844,ambulatory,162673000,General examination of patient,204eff28-988c-4e0a-b8af-03c0a3fe227d,Alphat Omega Medical Center
9a9e7d32-0a1a-6c3c-2fa4-884103a4dc60,1659615267620,,3931e664-4ae2-05a2-ed80-cfc69776c844,ambulatory,162673000,General examination of patient,204eff28-988c-4e0a-b8af-03c0a3fe227d,Alphat Omega Medical Center
3825116f-508d-ce4f-6b59-d3f2fe6fc7c6,1754288067620,,3931e664-4ae2-05a2-ed80-cfc69776c844,ambulatory,162673000,General examination of patient,204eff28-988c-4e0a-b8af-03c0a3fe227d,Alphat Omega Medical Center
eca441fa-5d29-1def-7639-77a08bea35c6,1785845667620,,3931e664-4ae2-05a2-ed80-cfc69776c844,ambulatory,162673000,General examination of patient,204eff28-988c-4e0a-b8af-03c0a3fe227d,Alphat Omega Medical Center
e3447ee6-d01f-db6d-88c8-daf2e8fdcfc9,-365749858087,,f73e3bf9-385f-b009-7a98-0bb0572a4c1b,ambulatory,162673000,General examination of patient (procedure),2b422715-d1c4-4753-b3c4-c1bfdff4d92e,Ayetoro Primary Health Center
219204b4-f0e4-6591-5c32-4f01511396cd,-365749858087,,f73e3bf9-385f-b009-7a98-0bb0572a4c1b,inpatient,32485007,Hospital admission,2b422715-d1c4-4753-b3c4-c1bfdff4d92e,Ayetoro Primary Health Center
b55ee46a-47fe-804e-525c-22c14e77ef2f,-334192258087,,f73e3bf9-385f-b009-7a98-0bb0572a4c1b,ambulatory,185349003,Encounter for check up,2b422715-d1c4-4753-b3c4-c1bfdff4d92e,Ayetoro Primary Health Center
82f94ca5-ec78-f987-f186-a6d122e4e3d9,-302634658087,,f73e3bf9-385f-b009-7a98-0bb0572a4c1b,ambulatory,162673000,General examination of patient,2b422715-d1c4-4753-b3c4-c1bfdff4d92e,Ayetoro Primary Health Center
440ad68e-1b1f-a6bc-ae45-f68149223128,-302634658087,,f73e3bf9-385f-b009-7a98-0bb0572a4c1b,ambulatory,185349003,Encounter for check up,2b422715-d1c4-4753-b3c4-c1bfdff4d92e,Ayetoro Primary Health Center
651cfc9b-c1c3-b379-718e-d02ec2c3f5da,-302104786277,,f73e3bf9-385f-b009-7a98-0bb0572a4c1b,ambulatory,185349003,Encounter for check up,2b422715-d1c4-4753-b3c4-c1bfdff4d92e,Ayetoro Primary Health Center
4aa59477-26b5-86c8-f994-ddf311e5d0b6,-271077058087,,f73e3bf9-385f-b009-7a98-0bb0572a4c1b,ambulatory,162673000,General examination of patient,2b422715-d1c4-4753-b3c4-c1bfdff4d92e,Ayetoro Primary Health Center
77d1c34b-8e45-21b6-94ae-f6ff6192bca2,-270432961805,,f73e3bf9-385f-b009-7a98-0bb0572a4c1b,ambulatory,185349003,Encounter for check up,2b422715-d1c4-4753-b3c4-c1bfdff4d92e,Ayetoro Primary Health Center
a31e0c0e-0635-1a4f-f7b3-f4385629a64d,-270098625045,,f73e3bf9-385f-b009-7a98-0bb0572a4c1b,ambulatory,185349003,Encounter for check up,2b422715-d1c4-4753-b3c4-c1bfdff4d92e,Ayetoro Primary Health Center
c819a3b7-7b97-ab2e-2729-22311f6ac2fb,-239519458087,,f73e3bf9-385f-b009-7a98-0bb0572a4c1b,ambulatory,162673000,General examination of patient,2b422715-d1c4-4753-b3c4-c1bfdff4d92e,Ayetoro Primary Health Center
a6d77ab0-abc0-ca21-15a4-5dedc7336c87,-176404258087,,f73e3bf9-385f-b009-7a98-0bb0572a4c1b,ambulatory,162673000,General examination of patient,2b422715-d1c4-4753-b3c4-c1bfdff4d92e,Ayetoro Primary Health Center
abdd88d7-6e68-15f7-d2f0-3355a9dff8a9,-144846658087,,f73e3bf9-385f-b009-7a98-0bb0572a4c1b,ambulatory,162673000,General examination of patient,2b422715-d1c4-4753-b3c4-c1bfdff4d92e,Ayetoro Primary Health Center
d22d955c-28db-22e4-76b9-fd19dcab1eb4,-113289058087,,f73e3bf9-385f-b009-7a98-0bb0572a4c1b,ambulatory,162673000,General examination of patient,2b422715-d1c4-4753-b3c4-c1bfdff4d92e,Ayetoro Primary Health Center
9c5a2934-90fe-ca5a-f888-5be222d0cf19,-112006708535,,f73e3bf9-385f-b009-7a98-0bb0572a4c1b,ambulatory,185349003,Encounter for check up,2b422715-d1c4-4753-b3c4-c1bfdff4d92e,Ayetoro Primary Health Center
360b634c-e1a6-950a-4c3d-17a91b9f94b3,-79454963862,,f73e3bf9-385f-b009-7a98-0bb0572a4c1b,emergency,50849002,Emergency room admission,2b422715-d1c4-4753-b3c4-c1bfdff4d92e,Ayetoro Primary Health Center
95f40e3c-b31e-2904-3d89-5900d7f9ead9,-50173858087,,f73e3bf9-385f-b009-7a98-0bb0572a4c1b,ambulatory,162673000,General examination of patient,2b422715-d1c4-4753-b3c4-c1bfdff4d92e,Ayetoro Primary Health Center
69d60daf-4457-315f-c5d5-48bdf5182bda,-18616258087,,f73e3bf9-385f-b009-7a98-0bb0572a4c1b,ambulatory,162673000,General examination of patient,2b422715-d1c4-4753-b3c4-c1bfdff4d92e,Ayetoro Primary Health Center
1a52b2cc-6e19-25de-c33b-85a6417878da,16124264808,,f73e3bf9-385f-b009-7a98-0bb0572a4c1b,emergency,50849002,Emergency room admission,2b422715-d1c4-4753-b3c4-c1bfdff4d92e,Ayetoro Primary Health Center
9c2e6ac7-ec15-c193-cd22-e0839b02eec5,202286941913,,f73e3bf9-385f-b009-7a98-0bb0572a4c1b,ambulatory,162673000,General examination of patient,2b422715-d1c4-4753-b3c4-c1bfdff4d92e,Ayetoro Primary Health Center
7cab3725-e343-a892-84d3-50e917f5d895,233844541913,,f73e3bf9-385f-b009-7a98-0bb0572a4c1b,ambulatory,162673000,General examination of patient,2b422715-d1c4-4753-b3c4-c1bfdff4d92e,Ayetoro Primary Health Center
a0a98942-46be-02ac-9d35-b1b51ea20e12,296959741913,,f73e3bf9-385f-b009-7a98-0bb0572a4c1b,ambulatory,162673000,General examination of patient,2b422715-d1c4-4753-b3c4-c1bfdff4d92e,Ayetoro Primary Health Center
c074a8fc-3968-a0f6-9c26-403ff32cfbec,328517341913,,f73e3bf9-385f-b009-7a98-0bb0572a4c1b,ambulatory,162673000,General examination of patient,2b422715-d1c4-4753-b3c4-c1bfdff4d92e,Ayetoro Primary Health Center
78babf69-e8ae-c64d-5bf1-63b3b0628874,360074941913,,f73e3bf9-385f-b009-7a98-0bb0572a4c1b,ambulatory,162673000,General examination of patient,2b422715-d1c4-4753-b3c4-c1bfdff4d92e,Ayetoro Primary Health Center
edf72ec4-3f65-ae01-6975-79464818a558,423190141913,,f73e3bf9-385f-b009-7a98-0bb0572a4c1b,ambulatory,162673000,General examination of patient,2b422715-d1c4-4753-b3c4-c1bfdff4d92e,Ayetoro Primary Health Center
f72448c6-ebbd-1e80-adaa-573af2091bff,454747741913,,f73e3bf9-385f-b009-7a98-0bb0572a4c1b,ambulatory,162673000,General examination of patient,2b422715-d1c4-4753-b3c4-c1bfdff4d92e,Ayetoro Primary Health Center
a3c81a19-fd29-e87e-c2ff-9319d8e37101,580978141913,,f73e3bf9-385f-b009-7a98-0bb0572a4c1b,ambulatory,162673000,General examination of patient,2b422715-d1c4-4753-b3c4-c1bfdff4d92e,Ayetoro Primary Health Center
09abc2d3-1fe4-6449-33d3-0f132da0a065,612535741913,,f73e3bf9-385f-b009-7a98-0bb0572a4c1b,ambulatory,162673000,General examination of patient,2b422715-d1c4-4753-b3c4-c1bfdff4d92e,Ayetoro Primary Health Center
31163df8-ae9c-9867-c9f9-916359ada28e,644093341913,,f73e3bf9-385f-b009-7a98-0bb0572a4c1b,ambulatory,162673000,General examination of patient,2b422715-d1c4-4753-b3c4-c1bfdff4d92e,Ayetoro Primary Health Center
4600d006-10a2-2319-43eb-282b99521bdd,738766141913,,f73e3bf9-385f-b009-7a98-0bb0572a4c1b,ambulatory,162673000,General examination of patient,2b422715-d1c4-4753-b3c4-c1bfdff4d92e,Ayetoro Primary Health Center
813fd5ff-f3ca-c950-9871-36cc9127d147,770323741913,,f73e3bf9-385f-b009-7a98-0bb0572a4c1b,ambulatory,162673000,General examination of patient,2b422715-d1c4-4753-b3c4-c1bfdff4d92e,Ayetoro Primary Health Center
2e905efb-ce8e-f43c-eb4b-850a02bdd0b0,833438941913,,f73e3bf9-385f-b009-7a98-0bb0572a4c1b,ambulatory,162673000,General examination of patient,2b422715-d1c4-4753-b3c4-c1bfdff4d92e,Ayetoro Primary Health Center
aa7464f7-da1d-2ad9-0b42-64c8686da02d,928111741913,,f73e3bf9-385f-b009-7a98-0bb0572a4c1b,ambulatory,162673000,General examination of patient,2b422715-d1c4-4753-b3c4-c1bfdff4d92e,Ayetoro Primary Health Center
9973207d-2755-0d67-9423-52ea83b06562,1022784541913,,f73e3bf9-385f-b009-7a98-0bb0572a4c1b,ambulatory,162673000,General examination of patient,2b422715-d1c4-4753-b3c4-c1bfdff4d92e,Ayetoro Primary Health Center
efa74528-2157-78f0-8dbe-6c191889002f,1149014941913,,f73e3bf9-385f-b009-7a98-0bb0572a4c1b,ambulatory,162673000,General examination of patient,2b422715-d1c4-4753-b3c4-c1bfdff4d92e,Ayetoro Primary Health Center
0479972b-fcb1-b093-5056-411ef48fdde5,1243687741913,,f73e3bf9-385f-b009-7a98-0bb0572a4c1b,ambulatory,162673000,General examination of patient,2b422715-d1c4-4753-b3c4-c1bfdff4d92e,Ayetoro Primary Health Center
712d8571-8019-e37e-3c5d-a3920a09f6fb,1275245341913,,f73e3bf9-385f-b009-7a98-0bb0572a4c1b,ambulatory,162673000,General examination of patient,2b422715-d1c4-4753-b3c4-c1bfdff4d92e,Ayetoro Primary Health Center
20d2206d-36de-bae6-6a8d-6a244535c258,1401475741913,,f73e3bf9-385f-b009-7a98-0bb0572a4c1b,ambulatory,162673000,General examination of patient,2b422715-d1c4-4753-b3c4-c1bfdff4d92e,Ayetoro Primary Health Center
4f697ad7-39b2-4449-ac9a-a969940dfbab,1496148541913,,f73e3bf9-385f-b009-7a98-0bb0572a4c1b,ambulatory,162673000,General examination of patient,2b422715-d1c4-4753-b3c4-c1bfdff4d92e,Ayetoro Primary Health Center
fca308ce-ebb2-76f8-9c7e-52941bd35895,1559263741913,,f73e3bf9-385f-b009-7a98-0bb0572a4c1b,ambulatory,162673000,General examination of patient,2b422715-d1c4-4753-b3c4-c1bfdff4d92e,Ayetoro Primary Health Center
0aaa64cd-452b-d327-d88d-0880654b0d88,1590821341913,,f73e3bf9-385f-b009-7a98-0bb0572a4c1b,ambulatory,162673000,General examination of patient,2b422715-d1c4-4753-b3c4-c1bfdff4d92e,Ayetoro Primary Health Center
53d47087-6d2a-7539-8ddc-aa12f50aec9f,1622378941913,,f73e3bf9-385f-b009-7a98-0bb0572a4c1b,ambulatory,162673000,General examination of patient,2b422715-d1c4-4753-b3c4-c1bfdff4d92e,Ayetoro Primary Health Center
00252614-29f8-02ae-6e82-6467ce583f08,1653936541913,,f73e3bf9-385f-b009-7a98-0bb0572a4c1b,ambulatory,162673000,General examination of patient,2b422715-d1c4-4753-b3c4-c1bfdff4d92e,Ayetoro Primary Health Center
e8fd03d5-3679-da99-0b86-518a6fa3bf2d,1685494141913,,f73e3bf9-385f-b009-7a98-0bb0572a4c1b,ambulatory,162673000,General examination of patient,2b422715-d1c4-4753-b3c4-c1bfdff4d92e,Ayetoro Primary Health Center
5cbe3a9d-b8c8-c10b-36c8-2b3ac6467f4e,1748609341913,,f73e3bf9-385f-b009-7a98-0bb0572a4c1b,ambulatory,162673000,General examination of patient,2b422715-d1c4-4753-b3c4-c1bfdff4d92e,Ayetoro Primary Health Center
e870303e-6c45-1b6b-d3ee-f6f604e8d657,1322458542927,,1eedea7f-8ea2-6457-8e97-3e1f81c1eba2,ambulatory,162673000,General examination of patient,aacaa289-f237-4ea3-a6c6-45d6036d0973,Idi Odan Basic Health Center
aea0b72f-697c-8ed2-ed6b-fa4b73377db7,1322458542927,,1eedea7f-8ea2-6457-8e97-3e1f81c1eba2,ambulatory,185349003,Encounter for check up,aacaa289-f237-4ea3-a6c6-45d6036d0973,Idi Odan Basic Health Center
41da90b5-324e-7815-9574-5313b64cbaf3,1354016142927,,1eedea7f-8ea2-6457-8e97-3e1f81c1eba2,ambulatory,162673000,General examination of patient,aacaa289-f237-4ea3-a6c6-45d6036d0973,Idi Odan Basic Health Center
a4fca623-52d4-aa17-cee0-f15a26c787a9,1354381119794,,1eedea7f-8ea2-6457-8e97-3e1f81c1eba2,ambulatory,185349003,Encounter for check up,aacaa289-f237-4ea3-a6c6-45d6036d0973,Idi Odan Basic Health Center
3c819823-6400-1d66-3404-98bd37fa6c68,1417131342927,,1eedea7f-8ea2-6457-8e97-3e1f81c1eba2,ambulatory,162673000,General examination of patient,aacaa289-f237-4ea3-a6c6-45d6036d0973,Idi Odan Basic Health Center
16bee200-1885-f820-abd5-a6aee0bd6696,1448688942927,,1eedea7f-8ea2-6457-8e97-3e1f81c1eba2,ambulatory,185349003,Encounter for check up,aacaa289-f237-4ea3-a6c6-45d6036d0973,Idi Odan Basic Health Center
90b4aaac-0cbc-2a51-a562-47edee5169c6,1480246542927,,1eedea7f-8ea2-6457-8e97-3e1f81c1eba2,ambulatory,162673000,General examination of patient,aacaa289-f237-4ea3-a6c6-45d6036d0973,Idi Odan Basic Health Center
6e3703f9-4da9-584c-f40a-b35977c6c3c4,1511804142927,,1eedea7f-8ea2-6457-8e97-3e1f81c1eba2,ambulatory,162673000,General examination of patient,aacaa289-f237-4ea3-a6c6-45d6036d0973,Idi Odan Basic Health Center
f0af30f1-b0dc-fc50-424a-d1df31a6a652,1543361742927,,1eedea7f-8ea2-6457-8e97-3e1f81c1eba2,ambulatory,162673000,General examination of patient,aacaa289-f237-4ea3-a6c6-45d6036d0973,Idi Odan Basic Health Center
ac276643-f244-94d6-3ad7-98fb55d05d80,1574919342927,,1eedea7f-8ea2-6457-8e97-3e1f81c1eba2,ambulatory,162673000,General examination of patient,aacaa289-f237-4ea3-a6c6-45d6036d0973,Idi Odan Basic Health Center
1478b8be-868d-a5ba-d8ac-e874027df009,1764264942927,,1eedea7f-8ea2-6457-8e97-3e1f81c1eba2,ambulatory,162673000,General examination of patient,aacaa289-f237-4ea3-a6c6-45d6036d0973,Idi Odan Basic Health Center
e6d2f1d6-a47c-1b2a-65df-ca04f10bbce8,1710072934590,,05ff4048-a40e-61fc-412f-6e12b5a99e2a,ambulatory,162673000,General examination of patient (procedure),851ab166-0f96-422c-b6df-b977290a01cd,Yide Oba Maternity Center
57f0dd4a-4fef-a24c-93b1-e64ea54fe194,1710072934590,,05ff4048-a40e-61fc-412f-6e12b5a99e2a,inpatient,32485007,Hospital admission,851ab166-0f96-422c-b6df-b977290a01cd,Yide Oba Maternity Center
122ff71d-9d97-17a3-8708-a23989f7e400,1741630534590,,05ff4048-a40e-61fc-412f-6e12b5a99e2a,ambulatory,185349003,Encounter for check up,851ab166-0f96-422c-b6df-b977290a01cd,Yide Oba Maternity Center
4f0090c8-1188-0634-2ba5-baa39ed5190d,1773188134590,,05ff4048-a40e-61fc-412f-6e12b5a99e2a,ambulatory,162673000,General examination of patient,851ab166-0f96-422c-b6df-b977290a01cd,Yide Oba Maternity Center
550adc65-3d0e-6945-e849-15b7a92bba12,1773458399873,,05ff4048-a40e-61fc-412f-6e12b5a99e2a,ambulatory,185349003,Encounter for check up,851ab166-0f96-422c-b6df-b977290a01cd,Yide Oba Maternity Center
f36b24ac-94ca-40f5-8734-69d3f7984956,1773188134590,,05ff4048-a40e-61fc-412f-6e12b5a99e2a,ambulatory,185349003,Encounter for check up,851ab166-0f96-422c-b6df-b977290a01cd,Yide Oba Maternity Center
8427ace7-4555-fd6e-9260-ec55c33dccf1,1548758438325,,1125f60c-2056-fb39-24f5-b5868b62b7e7,ambulatory,162673000,General examination of patient,cd8a74cc-ed45-4516-b6aa-48531b5ac40e,Ojatuntun Primary Health Center
9e25784b-bfd0-bec6-d795-644a04e0ebe2,1548758438325,,1125f60c-2056-fb39-24f5-b5868b62b7e7,ambulatory,185349003,Encounter for check up,cd8a74cc-ed45-4516-b6aa-48531b5ac40e,Ojatuntun Primary Health Center
612ace5f-ac7e-b564-58d6-d946809355f5,1580316038325,,1125f60c-2056-fb39-24f5-b5868b62b7e7,ambulatory,162673000,General examination of patient,cd8a74cc-ed45-4516-b6aa-48531b5ac40e,Ojatuntun Primary Health Center
1bcfaf9d-6e58-7e3f-acbc-e21b5cf97b06,1580594638914,,1125f60c-2056-fb39-24f5-b5868b62b7e7,emergency,50849002,Emergency room admission,cd8a74cc-ed45-4516-b6aa-48531b5ac40e,Ojatuntun Primary Health Center
c717fa14-7684-524f-d287-16e078c178b7,1611873638325,,1125f60c-2056-fb39-24f5-b5868b62b7e7,ambulatory,162673000,General examination of patient,cd8a74cc-ed45-4516-b6aa-48531b5ac40e,Ojatuntun Primary Health Center
fb5b439f-9692-7f33-0d5d-3fbbee89eb00,1612434245768,,1125f60c-2056-fb39-24f5-b5868b62b7e7,ambulatory,185349003,Encounter for check up,cd8a74cc-ed45-4516-b6aa-48531b5ac40e,Ojatuntun Primary Health Center
d15642dc-6c1e-9ccf-a7a9-b1fda57ec38e,1643431238325,,1125f60c-2056-fb39-24f5-b5868b62b7e7,ambulatory,162673000,General examination of patient,cd8a74cc-ed45-4516-b6aa-48531b5ac40e,Ojatuntun Primary Health Center
cc3a8cd5-60cd-fb37-d131-56e0a330449d,1644393298379,,1125f60c-2056-fb39-24f5-b5868b62b7e7,ambulatory,185349003,Encounter for check up,cd8a74cc-ed45-4516-b6aa-48531b5ac40e,Ojatuntun Primary Health Center
68d9a76b-09ce-b7fa-46ab-cf50788b3365,1674988838325,,1125f60c-2056-fb39-24f5-b5868b62b7e7,ambulatory,162673000,General examination of patient,cd8a74cc-ed45-4516-b6aa-48531b5ac40e,Ojatuntun Primary Health Center
c203fc61-119a-150b-1167-63a0d0eb64ae,1706546438325,,1125f60c-2056-fb39-24f5-b5868b62b7e7,ambulatory,162673000,General examination of patient,cd8a74cc-ed45-4516-b6aa-48531b5ac40e,Ojatuntun Primary Health Center
d9db1e98-a5dc-f89e-5179-8afca6d55c87,1738104038325,,1125f60c-2056-fb39-24f5-b5868b62b7e7,ambulatory,162673000,General examination of patient,cd8a74cc-ed45-4516-b6aa-48531b5ac40e,Ojatuntun Primary Health Center
5a47857f-4509-a0b5-c7be-820eaf1e401d,1769661638325,,1125f60c-2056-fb39-24f5-b5868b62b7e7,ambulatory,162673000,General examination of patient,cd8a74cc-ed45-4516-b6aa-48531b5ac40e,Ojatuntun Primary Health Center
83d6755f-21eb-c0d0-3179-46bd53f3f3e2,458994450884,,56b8f4e6-2bcf-7939-0207-7c67bdbd5b81,ambulatory,162673000,General examination of patient,c27cc5c3-9bdc-4214-a0d2-ce93d3b19ab8,Imesi Ile Community Comprehensive Health Center
a5f0b0ab-5922-efa5-f2ee-7739adc0bb9f,490552050884,,56b8f4e6-2bcf-7939-0207-7c67bdbd5b81,ambulatory,162673000,General examination of patient,c27cc5c3-9bdc-4214-a0d2-ce93d3b19ab8,Imesi Ile Community Comprehensive Health Center
0863bcf0-7080-61bd-ed9a-e5119d84effc,490552050884,,56b8f4e6-2bcf-7939-0207-7c67bdbd5b81,ambulatory,185349003,Encounter for check up,c27cc5c3-9bdc-4214-a0d2-ce93d3b19ab8,Imesi Ile Community Comprehensive Health Center
c80b5a2e-b9e5-28ca-af68-017731d7f2a2,522109650884,,56b8f4e6-2bcf-7939-0207-7c67bdbd5b81,ambulatory,162673000,General examination of patient,c27cc5c3-9bdc-4214-a0d2-ce93d3b19ab8,Imesi Ile Community Comprehensive Health Center
d296a74c-c252-ef41-53b3-c38dac287184,522397143533,,56b8f4e6-2bcf-7939-0207-7c67bdbd5b81,ambulatory,185349003,Encounter for check up,c27cc5c3-9bdc-4214-a0d2-ce93d3b19ab8,Imesi Ile Community Comprehensive Health Center
6de8f09b-1faa-785b-91ec-e9d5f1b01ead,553667250884,,56b8f4e6-2bcf-7939-0207-7c67bdbd5b81,ambulatory,162673000,General examination of patient,c27cc5c3-9bdc-4214-a0d2-ce93d3b19ab8,Imesi Ile Community Comprehensive Health Center
8bb1f219-240e-6d08-036d-26085d6f099e,585224850884,,56b8f4e6-2bcf-7939-0207-7c67bdbd5b81,ambulatory,162673000,General examination of patient,c27cc5c3-9bdc-4214-a0d2-ce93d3b19ab8,Imesi Ile Community Comprehensive Health Center
6d807672-6ff3-4d34-117e-1a7634a7c844,711455250884,,56b8f4e6-2bcf-7939-0207-7c67bdbd5b81,ambulatory,162673000,General examination of patient,c27cc5c3-9bdc-4214-a0d2-ce93d3b19ab8,Imesi Ile Community Comprehensive Health Center
3fc62930-29dc-e086-311a-bfde4bb783d0,743012850884,,56b8f4e6-2bcf-7939-0207-7c67bdbd5b81,ambulatory,162673000,General examination of patient,c27cc5c3-9bdc-4214-a0d2-ce93d3b19ab8,Imesi Ile Community Comprehensive Health Center
287b03ba-d8ae-3f14-412e-7500363dad3f,806128050884,,56b8f4e6-2bcf-7939-0207-7c67bdbd5b81,ambulatory,162673000,General examination of patient,c27cc5c3-9bdc-4214-a0d2-ce93d3b19ab8,Imesi Ile Community Comprehensive Health Center
6214f3e2-01b4-0a9e-5769-688337841511,869243250884,,56b8f4e6-2bcf-7939-0207-7c67bdbd5b81,ambulatory,162673000,General examination of patient,c27cc5c3-9bdc-4214-a0d2-ce93d3b19ab8,Imesi Ile Community Comprehensive Health Center
e43cf122-4acd-b038-5903-169c2f6ccc84,932358450884,,56b8f4e6-2bcf-7939-0207-7c67bdbd5b81,ambulatory,162673000,General examination of patient,c27cc5c3-9bdc-4214-a0d2-ce93d3b19ab8,Imesi Ile Community Comprehensive Health Center
06d255bf-1166-b652-5804-8cbed30e7e7f,963916050884,,56b8f4e6-2bcf-7939-0207-7c67bdbd5b81,ambulatory,162673000,General examination of patient,c27cc5c3-9bdc-4214-a0d2-ce93d3b19ab8,Imesi Ile Community Comprehensive Health Center
3c6d33ba-2d33-91a1-503b-04f8f11e89dc,1027031250884,,56b8f4e6-2bcf-7939-0207-7c67bdbd5b81,ambulatory,162673000,General examination of patient,c27cc5c3-9bdc-4214-a0d2-ce93d3b19ab8,Imesi Ile Community Comprehensive Health Center
8bbfe827-287a-838d-dc9d-ea0bf4497c22,1090146450884,,56b8f4e6-2bcf-7939-0207-7c67bdbd5b81,ambulatory,162673000,General examination of patient,c27cc5c3-9bdc-4214-a0d2-ce93d3b19ab8,Imesi Ile Community Comprehensive Health Center
87c39686-3408-7217-259b-fe7b36d155d2,1121704050884,,56b8f4e6-2bcf-7939-0207-7c67bdbd5b81,ambulatory,162673000,General examination of patient,c27cc5c3-9bdc-4214-a0d2-ce93d3b19ab8,Imesi Ile Community Comprehensive Health Center
dd24bbf0-2fe5-d056-5791-a67872f29fec,1184819250884,,56b8f4e6-2bcf-7939-0207-7c67bdbd5b81,ambulatory,162673000,General examination of patient,c27cc5c3-9bdc-4214-a0d2-ce93d3b19ab8,Imesi Ile Community Comprehensive Health Center
f717a1b1-a2ed-c8da-b4dc-0097533cbd52,1247934450884,,56b8f4e6-2bcf-7939-0207-7c67bdbd5b81,ambulatory,162673000,General examination of patient,c27cc5c3-9bdc-4214-a0d2-ce93d3b19ab8,Imesi Ile Community Comprehensive Health Center
a4de3881-f0a8-365d-9699-d67b854fa866,1279492050884,,56b8f4e6-2bcf-7939-0207-7c67bdbd5b81,ambulatory,162673000,General examination of patient,c27cc5c3-9bdc-4214-a0d2-ce93d3b19ab8,Imesi Ile Community Comprehensive Health Center
13b1ec32-191a-5351-ca39-ea514818bdc3,1311049650884,,56b8f4e6-2bcf-7939-0207-7c67bdbd5b81,ambulatory,162673000,General examination of patient,c27cc5c3-9bdc-4214-a0d2-ce93d3b19ab8,Imesi Ile Community Comprehensive Health Center
b6ad48b8-9af0-4329-c297-7a038827d7ce,1342607250884,,56b8f4e6-2bcf-7939-0207-7c67bdbd5b81,ambulatory,162673000,General examination of patient,c27cc5c3-9bdc-4214-a0d2-ce93d3b19ab8,Imesi Ile Community Comprehensive Health Center
505ac0b2-6700-778b-10b5-7a79da23dada,1374164850884,,56b8f4e6-2bcf-7939-0207-7c67bdbd5b81,ambulatory,162673000,General examination of patient,c27cc5c3-9bdc-4214-a0d2-ce93d3b19ab8,Imesi Ile Community Comprehensive Health Center
6a389b07-8590-9a6e-775d-3889adf3103b,1437280050884,,56b8f4e6-2bcf-7939-0207-7c67bdbd5b81,ambulatory,162673000,General examination of patient,c27cc5c3-9bdc-4214-a0d2-ce93d3b19ab8,Imesi Ile Community Comprehensive Health Center
493c0895-962c-9ae9-d167-442672c67083,1468837650884,,56b8f4e6-2bcf-7939-0207-7c67bdbd5b81,ambulatory,162673000,General examination of patient,c27cc5c3-9bdc-4214-a0d2-ce93d3b19ab8,Imesi Ile Community Comprehensive Health Center
57d18a78-a9d0-ad67-be7e-0dbf1df865e0,1500395250884,,56b8f4e6-2bcf-7939-0207-7c67bdbd5b81,ambulatory,162673000,General examination of patient,c27cc5c3-9bdc-4214-a0d2-ce93d3b19ab8,Imesi Ile Community Comprehensive Health Center
bf3f6f8e-7a78-6601-b2e0-38ce04a87c2e,1563510450884,,56b8f4e6-2bcf-7939-0207-7c67bdbd5b81,ambulatory,162673000,General examination of patient,c27cc5c3-9bdc-4214-a0d2-ce93d3b19ab8,Imesi Ile Community Comprehensive Health Center
29ea3fd0-2acc-ba54-9747-2d945befa3eb,1626625650884,,56b8f4e6-2bcf-7939-0207-7c67bdbd5b81,ambulatory,162673000,General examination of patient,c27cc5c3-9bdc-4214-a0d2-ce93d3b19ab8,Imesi Ile Community Comprehensive Health Center
4999ce67-bf91-6c8f-2282-909865ee6e71,1689740850884,,56b8f4e6-2bcf-7939-0207-7c67bdbd5b81,ambulatory,162673000,General examination of patient,c27cc5c3-9bdc-4214-a0d2-ce93d3b19ab8,Imesi Ile Community Comprehensive Health Center
1143d2fb-9649-4795-9262-d318e717b01c,1752856050884,,56b8f4e6-2bcf-7939-0207-7c67bdbd5b81,ambulatory,162673000,General examination of patient,c27cc5c3-9bdc-4214-a0d2-ce93d3b19ab8,Imesi Ile Community Comprehensive Health Center
04014654-12d7-0b03-384c-4d886db8cb8f,363889320215,,5c8c3cc8-401a-d92e-e796-bc076d8fb021,ambulatory,162673000,General examination of patient,e6c524bc-7e49-4ea7-99f3-c4495040552c,Ogudu Health Center
322b5e8d-6f2d-e04f-dd13-2af33b8c38ac,395446920215,,5c8c3cc8-401a-d92e-e796-bc076d8fb021,ambulatory,185349003,Encounter for check up,e6c524bc-7e49-4ea7-99f3-c4495040552c,Ogudu Health Center
e9c7fdc8-5a90-be9f-4ea7-b6e910a3c0d5,427281730220,,5c8c3cc8-401a-d92e-e796-bc076d8fb021,ambulatory,185349003,Encounter for check up,e6c524bc-7e49-4ea7-99f3-c4495040552c,Ogudu Health Center
b2c19afc-7dae-961a-26f3-0d387403350c,459148594306,,5c8c3cc8-401a-d92e-e796-bc076d8fb021,ambulatory,185349003,Encounter for check up,e6c524bc-7e49-4ea7-99f3-c4495040552c,Ogudu Health Center
62e1d246-035a-860e-4e16-8799539301a2,553234920215,,5c8c3cc8-401a-d92e-e796-bc076d8fb021,ambulatory,162673000,General examination of patient,e6c524bc-7e49-4ea7-99f3-c4495040552c,Ogudu Health Center
9e3952ff-4942-e54f-5146-8fdcd4a2ea00,553234920215,,5c8c3cc8-401a-d92e-e796-bc076d8fb021,ambulatory,185349003,Encounter for check up,e6c524bc-7e49-4ea7-99f3-c4495040552c,Ogudu Health Center
2e705e12-041b-18f2-bea3-7512116055ae,584792520215,,5c8c3cc8-401a-d92e-e796-bc076d8fb021,ambulatory,162673000,General examination of patient,e6c524bc-7e49-4ea7-99f3-c4495040552c,Ogudu Health Center
7f6604de-0ab8-01b4-067b-0358f08910cf,616350120215,,5c8c3cc8-401a-d92e-e796-bc076d8fb021,ambulatory,162673000,General examination of patient,e6c524bc-7e49-4ea7-99f3-c4495040552c,Ogudu Health Center
ae252451-9942-9ced-b6d4-7104b42f1b2d,647907720215,,5c8c3cc8-401a-d92e-e796-bc076d8fb021,ambulatory,162673000,General examination of patient,e6c524bc-7e49-4ea7-99f3-c4495040552c,Ogudu Health Center
990a74d6-567f-30c3-6702-30d80e2cf7ce,680478687396,,5c8c3cc8-401a-d92e-e796-bc076d8fb021,ambulatory,185349003,Encounter for check up,e6c524bc-7e49-4ea7-99f3-c4495040552c,Ogudu Health Center
8c975cfd-4571-2c6f-4ae5-9c89e8bf6acf,711022920215,,5c8c3cc8-401a-d92e-e796-bc076d8fb021,ambulatory,162673000,General examination of patient,e6c524bc-7e49-4ea7-99f3-c4495040552c,Ogudu Health Center
fac6d7c0-14ed-11c8-8a5e-c3565d07f7dd,805695720215,,5c8c3cc8-401a-d92e-e796-bc076d8fb021,ambulatory,162673000,General examination of patient,e6c524bc-7e49-4ea7-99f3-c4495040552c,Ogudu Health Center
25cbc2e8-a9a0-16b7-65cc-b34e7753ecac,837253320215,,5c8c3cc8-401a-d92e-e796-bc076d8fb021,ambulatory,162673000,General examination of patient,e6c524bc-7e49-4ea7-99f3-c4495040552c,Ogudu Health Center
70346591-ba1a-d90c-adc3-cc2485b21c78,868810920215,,5c8c3cc8-401a-d92e-e796-bc076d8fb021,ambulatory,162673000,General examination of patient,e6c524bc-7e49-4ea7-99f3-c4495040552c,Ogudu Health Center
b82db081-9b1b-33ba-96b0-dbc2c3ea87ae,900368520215,,5c8c3cc8-401a-d92e-e796-bc076d8fb021,ambulatory,162673000,General examination of patient,e6c524bc-7e49-4ea7-99f3-c4495040552c,Ogudu Health Center
fc4c4b1b-c4fa-27da-5c1e-54d8d6dd1dac,931926120215,,5c8c3cc8-401a-d92e-e796-bc076d8fb021,ambulatory,162673000,General examination of patient,e6c524bc-7e49-4ea7-99f3-c4495040552c,Ogudu Health Center
ba5183a4-34c0-3ba3-bcb8-3de17713dfc6,995041320215,,5c8c3cc8-401a-d92e-e796-bc076d8fb021,ambulatory,162673000,General examination of patient,e6c524bc-7e49-4ea7-99f3-c4495040552c,Ogudu Health Center
25d90796-b3ac-90b1-a9e7-87bfe58661a3,1026598920215,,5c8c3cc8-401a-d92e-e796-bc076d8fb021,ambulatory,162673000,General examination of patient,e6c524bc-7e49-4ea7-99f3-c4495040552c,Ogudu Health Center
5661eb5e-6eb1-8ae0-eb01-c7557f37e697,1058156520215,,5c8c3cc8-401a-d92e-e796-bc076d8fb021,ambulatory,162673000,General examination of patient,e6c524bc-7e49-4ea7-99f3-c4495040552c,Ogudu Health Center
e1b09da4-b679-54c5-b9c5-5c5a0caa9499,1089714120215,,5c8c3cc8-401a-d92e-e796-bc076d8fb021,ambulatory,162673000,General examination of patient,e6c524bc-7e49-4ea7-99f3-c4495040552c,Ogudu Health Center
1eca21be-d2d0-ea15-3cac-5bf8512058e6,1121271720215,,5c8c3cc8-401a-d92e-e796-bc076d8fb021,ambulatory,162673000,General examination of patient,e6c524bc-7e49-4ea7-99f3-c4495040552c,Ogudu Health Center
ec7ff38d-f013-d54a-1175-9081ee818ee8,1184386920215,,5c8c3cc8-401a-d92e-e796-bc076d8fb021,ambulatory,162673000,General examination of patient,e6c524bc-7e49-4ea7-99f3-c4495040552c,Ogudu Health Center
c308f3db-e34e-dfad-fa6c-4f5fb5cfc22d,1247502120215,,5c8c3cc8-401a-d92e-e796-bc076d8fb021,ambulatory,162673000,General examination of patient,e6c524bc-7e49-4ea7-99f3-c4495040552c,Ogudu Health Center
a632b569-830e-20a7-04d6-2f3b7d80cda9,1279059720215,,5c8c3cc8-401a-d92e-e796-bc076d8fb021,ambulatory,162673000,General examination of patient,e6c524bc-7e49-4ea7-99f3-c4495040552c,Ogudu Health Center
1aae7625-09ea-f238-5284-c93fc7eb68a6,1310617320215,,5c8c3cc8-401a-d92e-e796-bc076d8fb021,ambulatory,162673000,General examination of patient,e6c524bc-7e49-4ea7-99f3-c4495040552c,Ogudu Health Center
fc679052-a269-f6e9-beaf-333536c5bab5,1405290120215,,5c8c3cc8-401a-d92e-e796-bc076d8fb021,ambulatory,162673000,General examination of patient,e6c524bc-7e49-4ea7-99f3-c4495040552c,Ogudu Health Center
3852db1d-bc65-01e4-59b0-796ecc8dbc4c,1499962920215,,5c8c3cc8-401a-d92e-e796-bc076d8fb021,ambulatory,162673000,General examination of patient,e6c524bc-7e49-4ea7-99f3-c4495040552c,Ogudu Health Center
64c70708-c9a0-9c59-6388-c2c0670c9caf,1531520520215,,5c8c3cc8-401a-d92e-e796-bc076d8fb021,ambulatory,162673000,General examination of patient,e6c524bc-7e49-4ea7-99f3-c4495040552c,Ogudu Health Center
4008d479-cf17-6dac-1b7f-8a3a04f882ea,1563078120215,,5c8c3cc8-401a-d92e-e796-bc076d8fb021,ambulatory,162673000,General examination of patient,e6c524bc-7e49-4ea7-99f3-c4495040552c,Ogudu Health Center
c370ba89-4a79-a50f-f0ee-0a71dacc03a5,1626193320215,,5c8c3cc8-401a-d92e-e796-bc076d8fb021,ambulatory,162673000,General examination of patient,e6c524bc-7e49-4ea7-99f3-c4495040552c,Ogudu Health Center
1cb85132-91aa-af20-f8ed-4eb42ebf3658,1657750920215,,5c8c3cc8-401a-d92e-e796-bc076d8fb021,ambulatory,162673000,General examination of patient,e6c524bc-7e49-4ea7-99f3-c4495040552c,Ogudu Health Center
2151697d-556f-9b01-1141-49e5338b178b,1689308520215,,5c8c3cc8-401a-d92e-e796-bc076d8fb021,ambulatory,162673000,General examination of patient,e6c524bc-7e49-4ea7-99f3-c4495040552c,Ogudu Health Center
30881a13-f694-ffd9-9823-77fb9a7e3fbd,1720866120215,,5c8c3cc8-401a-d92e-e796-bc076d8fb021,ambulatory,162673000,General examination of patient,e6c524bc-7e49-4ea7-99f3-c4495040552c,Ogudu Health Center
9dbdd74c-c458-cc57-78a2-92590526512a,-1126153384324,,bac25534-a9dc-cf4d-c90f-bb1013c51123,ambulatory,162673000,General examination of patient,588bc94d-3158-45e6-9ec1-155eb2684346,Amuye Toba Health Post
f27d5f5b-ce68-0743-0abb-b51f398f33ba,-1126153384324,,bac25534-a9dc-cf4d-c90f-bb1013c51123,ambulatory,185349003,Encounter for check up,588bc94d-3158-45e6-9ec1-155eb2684346,Amuye Toba Health Post
13627087-bdc8-d7fb-9a0c-94500cf0ad42,-1094184999530,,bac25534-a9dc-cf4d-c90f-bb1013c51123,ambulatory,185349003,Encounter for check up,588bc94d-3158-45e6-9ec1-155eb2684346,Amuye Toba Health Post
0a33f5cb-723d-f174-366a-b13ba1a78693,-1063038184324,,bac25534-a9dc-cf4d-c90f-bb1013c51123,ambulatory,162673000,General examination of patient,588bc94d-3158-45e6-9ec1-155eb2684346,Amuye Toba Health Post
948230f0-ff82-9bbf-6ef3-7cfe98c99b95,-1062298139123,,bac25534-a9dc-cf4d-c90f-bb1013c51123,ambulatory,185349003,Encounter for check up,588bc94d-3158-45e6-9ec1-155eb2684346,Amuye Toba Health Post
484b93a2-87a3-0e09-2224-933efb12e453,-1031480584324,,bac25534-a9dc-cf4d-c90f-bb1013c51123,ambulatory,162673000,General examination of patient,588bc94d-3158-45e6-9ec1-155eb2684346,Amuye Toba Health Post
b9d3273e-642b-c9f2-f333-f2153aacc801,-1031480584324,,bac25534-a9dc-cf4d-c90f-bb1013c51123,ambulatory,185349003,Encounter for check up,588bc94d-3158-45e6-9ec1-155eb2684346,Amuye Toba Health Post
47fcd49a-3017-0b6d-da3f-75122f4e774e,-1030411251976,,bac25534-a9dc-cf4d-c90f-bb1013c51123,ambulatory,185349003,Encounter for check up,588bc94d-3158-45e6-9ec1-155eb2684346,Amuye Toba Health Post
b3376392-15f3-6867-7342-d03d0555d2a7,-999922984324,,bac25534-a9dc-cf4d-c90f-bb1013c51123,ambulatory,162673000,General examination of patient,588bc94d-3158-45e6-9ec1-155eb2684346,Amuye Toba Health Post
928a663a-d63a-58cf-6fa9-a90f92cd0d2b,-997603458656,,bac25534-a9dc-cf4d-c90f-bb1013c51123,ambulatory,185349003,Encounter for check up (procedure),588bc94d-3158-45e6-9ec1-155eb2684346,Amuye Toba Health Post
915d7440-eb36-9726-fd37-49e6082466e3,-968365384324,,bac25534-a9dc-cf4d-c90f-bb1013c51123,ambulatory,162673000,General examination of patient,588bc94d-3158-45e6-9ec1-155eb2684346,Amuye Toba Health Post
089724b9-ac35-0b8a-92be-b32fa14f8e23,-905250184324,,bac25534-a9dc-cf4d-c90f-bb1013c51123,ambulatory,162673000,General examination of patient,588bc94d-3158-45e6-9ec1-155eb2684346,Amuye Toba Health Post
b2369ef3-9f6d-0e06-c148-d757eea95b3b,-810577384324,,bac25534-a9dc-cf4d-c90f-bb1013c51123,ambulatory,162673000,General examination of patient,588bc94d-3158-45e6-9ec1-155eb2684346,Amuye Toba Health Post
e091efff-cbe9-54ea-e8fa-223f42dc9031,-589674184324,,bac25534-a9dc-cf4d-c90f-bb1013c51123,ambulatory,162673000,General examination of patient,588bc94d-3158-45e6-9ec1-155eb2684346,Amuye Toba Health Post
4bb8028a-b7f7-6c49-a158-0a6a1951516c,-526558984324,,bac25534-a9dc-cf4d-c90f-bb1013c51123,ambulatory,162673000,General examination of patient,588bc94d-3158-45e6-9ec1-155eb2684346,Amuye Toba Health Post
ddcdd3e0-5e90-440b-ab67-03d93ae44887,-400328584324,,bac25534-a9dc-cf4d-c90f-bb1013c51123,ambulatory,162673000,General examination of patient,588bc94d-3158-45e6-9ec1-155eb2684346,Amuye Toba Health Post
a073f011-1bc7-4bf0-c9be-168869469faa,-368770984324,,bac25534-a9dc-cf4d-c90f-bb1013c51123,ambulatory,162673000,General examination of patient,588bc94d-3158-45e6-9ec1-155eb2684346,Amuye Toba Health Post
5531b161-13c4-c0b8-a53e-871c08c19699,-242540584324,,bac25534-a9dc-cf4d-c90f-bb1013c51123,ambulatory,162673000,General examination of patient,588bc94d-3158-45e6-9ec1-155eb2684346,Amuye Toba Health Post
9ca19e53-321a-5f54-9290-1ee0ce6a7a38,-210982984324,,bac25534-a9dc-cf4d-c90f-bb1013c51123,ambulatory,162673000,General examination of patient,588bc94d-3158-45e6-9ec1-155eb2684346,Amuye Toba Health Post
8613173a-afa2-7f34-0dac-e56e710518a0,-179425384324,,bac25534-a9dc-cf4d-c90f-bb1013c51123,ambulatory,162673000,General examination of patient,588bc94d-3158-45e6-9ec1-155eb2684346,Amuye Toba Health Post
05d91da2-b2b3-b3c1-13c9-6eb047d70fae,-147867784324,,bac25534-a9dc-cf4d-c90f-bb1013c51123,ambulatory,162673000,General examination of patient,588bc94d-3158-45e6-9ec1-155eb2684346,Amuye Toba Health Post
e17f5868-46e9-7e05-76f5-256ae4b030f7,-84752584324,,bac25534-a9dc-cf4d-c90f-bb1013c51123,ambulatory,162673000,General examination of patient,588bc94d-3158-45e6-9ec1-155eb2684346,Amuye Toba Health Post
6297cbca-94d5-5a8f-d07b-c6b0f0155cb7,9920215676,,bac25534-a9dc-cf4d-c90f-bb1013c51123,ambulatory,162673000,General examination of patient,588bc94d-3158-45e6-9ec1-155eb2684346,Amuye Toba Health Post
fb51e4ba-0d06-8e17-885d-05f1b3ecf983,41477815676,,bac25534-a9dc-cf4d-c90f-bb1013c51123,ambulatory,162673000,General examination of patient,588bc94d-3158-45e6-9ec1-155eb2684346,Amuye Toba Health Post
eccee6fe-fa63-b5e6-348b-7e6f801ccec9,104593015676,,bac25534-a9dc-cf4d-c90f-bb1013c51123,ambulatory,162673000,General examination of patient,588bc94d-3158-45e6-9ec1-155eb2684346,Amuye Toba Health Post
0234c673-6663-9467-a9ab-44f3cf155c73,136150615676,,bac25534-a9dc-cf4d-c90f-bb1013c51123,ambulatory,162673000,General examination of patient,588bc94d-3158-45e6-9ec1-155eb2684346,Amuye Toba Health Post
9fe01199-727e-ef3b-fb2e-06c22e4fe708,262381015676,,bac25534-a9dc-cf4d-c90f-bb1013c51123,ambulatory,162673000,General examination of patient,588bc94d-3158-45e6-9ec1-155eb2684346,Amuye Toba Health Post
ac33eb59-24de-b3eb-4761-09283f069d9a,293938615676,,bac25534-a9dc-cf4d-c90f-bb1013c51123,ambulatory,162673000,General examination of patient,588bc94d-3158-45e6-9ec1-155eb2684346,Amuye Toba Health Post
ba321570-4652-a55d-ffe5-cc15621bb489,357053815676,,bac25534-a9dc-cf4d-c90f-bb1013c51123,ambulatory,162673000,General examination of patient,588bc94d-3158-45e6-9ec1-155eb2684346,Amuye Toba Health Post
e7df9503-549e-03f7-67cb-0ee65d86674a,514841815676,,bac25534-a9dc-cf4d-c90f-bb1013c51123,ambulatory,162673000,General examination of patient,588bc94d-3158-45e6-9ec1-155eb2684346,Amuye Toba Health Post
d7a66eff-68f7-2341-4379-5723009adc73,546399415676,,bac25534-a9dc-cf4d-c90f-bb1013c51123,ambulatory,162673000,General examination of patient,588bc94d-3158-45e6-9ec1-155eb2684346,Amuye Toba Health Post
b81f7d20-4788-0f49-e3d1-3f77e82e2ba6,577957015676,,bac25534-a9dc-cf4d-c90f-bb1013c51123,ambulatory,162673000,General examination of patient,588bc94d-3158-45e6-9ec1-155eb2684346,Amuye Toba Health Post
724ba265-863b-0af0-6ba0-61bdd3bf60af,609514615676,,bac25534-a9dc-cf4d-c90f-bb1013c51123,ambulatory,162673000,General examination of patient,588bc94d-3158-45e6-9ec1-155eb2684346,Amuye Toba Health Post
00e7016b-1cba-b96c-9a6b-937491c740ee,704187415676,,bac25534-a9dc-cf4d-c90f-bb1013c51123,ambulatory,162673000,General examination of patient,588bc94d-3158-45e6-9ec1-155eb2684346,Amuye Toba Health Post
18846111-3838-5a60-7bae-91282eed4409,735745015676,,bac25534-a9dc-cf4d-c90f-bb1013c51123,ambulatory,162673000,General examination of patient,588bc94d-3158-45e6-9ec1-155eb2684346,Amuye Toba Health Post
10858bd7-6f47-0a07-3767-77cb594b97cd,767302615676,,bac25534-a9dc-cf4d-c90f-bb1013c51123,ambulatory,162673000,General examination of patient,588bc94d-3158-45e6-9ec1-155eb2684346,Amuye Toba Health Post
7308780e-01f5-1296-5f72-da610cb4aabe,925328215676,,bac25534-a9dc-cf4d-c90f-bb1013c51123,ambulatory,185349003,Encounter for check up,588bc94d-3158-45e6-9ec1-155eb2684346,Amuye Toba Health Post
b96f2970-49c0-d144-4a1e-bae117d1e413,925328215676,,bac25534-a9dc-cf4d-c90f-bb1013c51123,emergency,50849002,Emergency room admission,588bc94d-3158-45e6-9ec1-155eb2684346,Amuye Toba Health Post
e4c1d5e1-bf25-4edf-dd73-179102004c33,956648215676,,bac25534-a9dc-cf4d-c90f-bb1013c51123,ambulatory,162673000,General examination of patient,588bc94d-3158-45e6-9ec1-155eb2684346,Amuye Toba Health Post
d7c4d310-c915-9c1f-eae7-9d0d30f35802,1145993815676,,bac25534-a9dc-cf4d-c90f-bb1013c51123,ambulatory,162673000,General examination of patient,588bc94d-3158-45e6-9ec1-155eb2684346,Amuye Toba Health Post
bb15933d-2ddc-cdc5-5ca6-d9fbef0a7899,1240666615676,,bac25534-a9dc-cf4d-c90f-bb1013c51123,ambulatory,162673000,General examination of patient,588bc94d-3158-45e6-9ec1-155eb2684346,Amuye Toba Health Post
1ca0355c-258c-e186-a995-99129355cff6,1303781815676,,bac25534-a9dc-cf4d-c90f-bb1013c51123,ambulatory,162673000,General examination of patient,588bc94d-3158-45e6-9ec1-155eb2684346,Amuye Toba Health Post
260d2835-eae2-4008-59a9-b64906acc1d1,1335339415676,,bac25534-a9dc-cf4d-c90f-bb1013c51123,ambulatory,162673000,General examination of patient,588bc94d-3158-45e6-9ec1-155eb2684346,Amuye Toba Health Post
8fba54dd-ba9e-aa55-67d5-3315504e64a9,1366897015676,,bac25534-a9dc-cf4d-c90f-bb1013c51123,ambulatory,162673000,General examination of patient,588bc94d-3158-45e6-9ec1-155eb2684346,Amuye Toba Health Post
5123368d-1ca3-4a09-334e-b3f6a5e2cf70,1398454615676,,bac25534-a9dc-cf4d-c90f-bb1013c51123,ambulatory,162673000,General examination of patient,588bc94d-3158-45e6-9ec1-155eb2684346,Amuye Toba Health Post
61012f8f-0c8a-8afe-0213-ee5cb58d89f9,1430012215676,,bac25534-a9dc-cf4d-c90f-bb1013c51123,ambulatory,162673000,General examination of patient,588bc94d-3158-45e6-9ec1-155eb2684346,Amuye Toba Health Post
1bb6553c-af12-52a9-32f1-9cd202543136,1493127415676,,bac25534-a9dc-cf4d-c90f-bb1013c51123,ambulatory,162673000,General examination of patient,588bc94d-3158-45e6-9ec1-155eb2684346,Amuye Toba Health Post
3e78a6b8-2887-0fb7-a990-e7a40bab0c5d,1494225126287,,bac25534-a9dc-cf4d-c90f-bb1013c51123,ambulatory,185349003,Encounter for check up,588bc94d-3158-45e6-9ec1-155eb2684346,Amuye Toba Health Post
4a870010-5b9f-d650-8fa7-140bb85682d2,1524685015676,,bac25534-a9dc-cf4d-c90f-bb1013c51123,ambulatory,162673000,General examination of patient,588bc94d-3158-45e6-9ec1-155eb2684346,Amuye Toba Health Post
b98b5903-4b00-a621-58aa-898b9cf283ed,1556242615676,,bac25534-a9dc-cf4d-c90f-bb1013c51123,ambulatory,162673000,General examination of patient,588bc94d-3158-45e6-9ec1-155eb2684346,Amuye Toba Health Post
17603f25-2e07-221d-4c44-9b83882c8571,1587800215676,,bac25534-a9dc-cf4d-c90f-bb1013c51123,ambulatory,162673000,General examination of patient,588bc94d-3158-45e6-9ec1-155eb2684346,Amuye Toba Health Post
6d09e463-bfa6-9753-2d61-b607d9f55fe9,1619357815676,,bac25534-a9dc-cf4d-c90f-bb1013c51123,ambulatory,162673000,General examination of patient,588bc94d-3158-45e6-9ec1-155eb2684346,Amuye Toba Health Post
1d10ed67-a443-3f38-6789-54f436b8caad,1650915415676,,bac25534-a9dc-cf4d-c90f-bb1013c51123,ambulatory,162673000,General examination of patient,588bc94d-3158-45e6-9ec1-155eb2684346,Amuye Toba Health Post
228b3df6-b4cc-03db-2681-60a23e9c58ee,-1276315486280,,c4379a43-2955-1d72-7241-bbcfb5bdd244,ambulatory,162673000,General examination of patient,1efb555f-e9f5-47a2-acec-5c9d02750dda,Aduni Model Clinic
f7ecf372-5b2e-8fa4-2d12-ec0cd7c8839e,-1276315486280,,c4379a43-2955-1d72-7241-bbcfb5bdd244,ambulatory,185349003,Encounter for check up,1efb555f-e9f5-47a2-acec-5c9d02750dda,Aduni Model Clinic
49d8b701-2e56-b2e0-058d-ecf435f1e8a3,-1244757886280,,c4379a43-2955-1d72-7241-bbcfb5bdd244,ambulatory,162673000,General examination of patient,1efb555f-e9f5-47a2-acec-5c9d02750dda,Aduni Model Clinic
ffb7b48b-d6ce-c273-b925-768a6afff8c5,-1244757886280,,c4379a43-2955-1d72-7241-bbcfb5bdd244,ambulatory,185349003,Encounter for check up,1efb555f-e9f5-47a2-acec-5c9d02750dda,Aduni Model Clinic
18c56f07-4f9d-b3d7-a396-0e731cde90b4,-1213200286280,,c4379a43-2955-1d72-7241-bbcfb5bdd244,ambulatory,162673000,General examination of patient,1efb555f-e9f5-47a2-acec-5c9d02750dda,Aduni Model Clinic
38212e7c-49c1-07b9-8272-a07470c40ad8,-1212609489085,,c4379a43-2955-1d72-7241-bbcfb5bdd244,ambulatory,185349003,Encounter for check up,1efb555f-e9f5-47a2-acec-5c9d02750dda,Aduni Model Clinic
2a919040-72ae-996f-2b45-df35ccf4ae96,-1181642686280,,c4379a43-2955-1d72-7241-bbcfb5bdd244,ambulatory,162673000,General examination of patient,1efb555f-e9f5-47a2-acec-5c9d02750dda,Aduni Model Clinic
65d25c3c-b5e4-4a9c-1583-3154c2bc0571,-1180737208569,,c4379a43-2955-1d72-7241-bbcfb5bdd244,emergency,50849002,Emergency room admission,1efb555f-e9f5-47a2-acec-5c9d02750dda,Aduni Model Clinic
38fc97d9-2a02-94b4-60f6-e3078fc19eff,-1150085086280,,c4379a43-2955-1d72-7241-bbcfb5bdd244,ambulatory,162673000,General examination of patient,1efb555f-e9f5-47a2-acec-5c9d02750dda,Aduni Model Clinic
17e03775-94a7-4397-00ed-ea799d93cb2c,-1149132097700,,c4379a43-2955-1d72-7241-bbcfb5bdd244,emergency,50849002,Emergency room admission,1efb555f-e9f5-47a2-acec-5c9d02750dda,Aduni Model Clinic
364af1fb-73bf-57d7-4ce9-127d7d264ef9,-1118527486280,,c4379a43-2955-1d72-7241-bbcfb5bdd244,ambulatory,162673000,General examination of patient,1efb555f-e9f5-47a2-acec-5c9d02750dda,Aduni Model Clinic
2e6c214c-8804-7d89-db30-7e67fa33e16f,-1055412286280,,c4379a43-2955-1d72-7241-bbcfb5bdd244,ambulatory,162673000,General examination of patient,1efb555f-e9f5-47a2-acec-5c9d02750dda,Aduni Model Clinic
fbd7fc67-5ec9-470b-d6fe-bebdca631285,-1023854686280,,c4379a43-2955-1d72-7241-bbcfb5bdd244,ambulatory,162673000,General examination of patient,1efb555f-e9f5-47a2-acec-5c9d02750dda,Aduni Model Clinic
eb414e94-4180-c148-b536-7a7c8041ad7a,-992297086280,,c4379a43-2955-1d72-7241-bbcfb5bdd244,ambulatory,162673000,General examination of patient,1efb555f-e9f5-47a2-acec-5c9d02750dda,Aduni Model Clinic
bdc7d235-d893-e9e5-eed5-9dc240ac1c28,-960739486280,,c4379a43-2955-1d72-7241-bbcfb5bdd244,ambulatory,162673000,General examination of patient,1efb555f-e9f5-47a2-acec-5c9d02750dda,Aduni Model Clinic
03475167-4aa7-f574-8e52-cc6009f33a71,-802951486280,,c4379a43-2955-1d72-7241-bbcfb5bdd244,ambulatory,162673000,General examination of patient,1efb555f-e9f5-47a2-acec-5c9d02750dda,Aduni Model Clinic
00c68e17-570e-8937-d6e6-c960aa6da6b8,-771393886280,,c4379a43-2955-1d72-7241-bbcfb5bdd244,ambulatory,162673000,General examination of patient,1efb555f-e9f5-47a2-acec-5c9d02750dda,Aduni Model Clinic
2286af59-c70f-ebfc-ce1c-8cb34d2986e8,-739836286280,,c4379a43-2955-1d72-7241-bbcfb5bdd244,ambulatory,162673000,General examination of patient,1efb555f-e9f5-47a2-acec-5c9d02750dda,Aduni Model Clinic
660e1cb4-9079-63c0-aa7a-7968296de8e8,-676721086280,,c4379a43-2955-1d72-7241-bbcfb5bdd244,ambulatory,162673000,General examination of patient,1efb555f-e9f5-47a2-acec-5c9d02750dda,Aduni Model Clinic
9272e125-f8d9-623e-92b7-ef485334ded2,-645163486280,,c4379a43-2955-1d72-7241-bbcfb5bdd244,ambulatory,162673000,General examination of patient,1efb555f-e9f5-47a2-acec-5c9d02750dda,Aduni Model Clinic
12996e23-9786-8cab-c7a1-ae352f2e3e3c,-613605886280,,c4379a43-2955-1d72-7241-bbcfb5bdd244,ambulatory,162673000,General examination of patient,1efb555f-e9f5-47a2-acec-5c9d02750dda,Aduni Model Clinic
c7ec04c6-d7e5-468a-c523-4bf78b6b8563,-582048286280,,c4379a43-2955-1d72-7241-bbcfb5bdd244,ambulatory,162673000,General examination of patient,1efb555f-e9f5-47a2-acec-5c9d02750dda,Aduni Model Clinic
47d13429-f4eb-f65c-1d83-c8c5ac0c777b,-550490686280,,c4379a43-2955-1d72-7241-bbcfb5bdd244,ambulatory,162673000,General examination of patient,1efb555f-e9f5-47a2-acec-5c9d02750dda,Aduni Model Clinic
7fdd612b-eea3-3a4a-ae68-dc1733fe829e,-518933086280,,c4379a43-2955-1d72-7241-bbcfb5bdd244,ambulatory,162673000,General examination of patient,1efb555f-e9f5-47a2-acec-5c9d02750dda,Aduni Model Clinic
cc93524e-f5eb-8c96-15ae-743fa9488ba8,-487375486280,,c4379a43-2955-1d72-7241-bbcfb5bdd244,ambulatory,162673000,General examination of patient,1efb555f-e9f5-47a2-acec-5c9d02750dda,Aduni Model Clinic
d1ab7dc7-fe85-80bd-e7fc-80c50ae7cf55,-455817886280,,c4379a43-2955-1d72-7241-bbcfb5bdd244,ambulatory,162673000,General examination of patient,1efb555f-e9f5-47a2-acec-5c9d02750dda,Aduni Model Clinic
f775a869-0990-c599-da62-8985639ee83f,-392702686280,,c4379a43-2955-1d72-7241-bbcfb5bdd244,ambulatory,162673000,General examination of patient,1efb555f-e9f5-47a2-acec-5c9d02750dda,Aduni Model Clinic
2eeceae6-ab21-4f5a-0242-2f3999a85669,-361145086280,,c4379a43-2955-1d72-7241-bbcfb5bdd244,ambulatory,162673000,General examination of patient,1efb555f-e9f5-47a2-acec-5c9d02750dda,Aduni Model Clinic
10d4de05-7f56-434f-5be3-5f79902f2bdd,-298029886280,,c4379a43-2955-1d72-7241-bbcfb5bdd244,ambulatory,162673000,General examination of patient,1efb555f-e9f5-47a2-acec-5c9d02750dda,Aduni Model Clinic
9361a400-d615-a29c-fb71-0435e6d39330,-234914686280,,c4379a43-2955-1d72-7241-bbcfb5bdd244,ambulatory,162673000,General examination of patient,1efb555f-e9f5-47a2-acec-5c9d02750dda,Aduni Model Clinic
86d2a21d-6fe8-91ce-b2db-279479f5fbad,-140241886280,,c4379a43-2955-1d72-7241-bbcfb5bdd244,ambulatory,162673000,General examination of patient,1efb555f-e9f5-47a2-acec-5c9d02750dda,Aduni Model Clinic
f53fa6a9-57ee-8fc2-7a40-3f92157754b6,-108684286280,,c4379a43-2955-1d72-7241-bbcfb5bdd244,ambulatory,162673000,General examination of patient,1efb555f-e9f5-47a2-acec-5c9d02750dda,Aduni Model Clinic
140b5179-9c78-759a-183a-6e10425d2187,-77126686280,,c4379a43-2955-1d72-7241-bbcfb5bdd244,ambulatory,162673000,General examination of patient,1efb555f-e9f5-47a2-acec-5c9d02750dda,Aduni Model Clinic
5218838f-47b2-e676-8b9a-ac9cf9d6c816,-45569086280,,c4379a43-2955-1d72-7241-bbcfb5bdd244,ambulatory,162673000,General examination of patient,1efb555f-e9f5-47a2-acec-5c9d02750dda,Aduni Model Clinic
30a6edb4-9105-5397-8b41-125f105027f5,-14011486280,,c4379a43-2955-1d72-7241-bbcfb5bdd244,ambulatory,162673000,General examination of patient,1efb555f-e9f5-47a2-acec-5c9d02750dda,Aduni Model Clinic
16c66a47-acd2-8b8c-ea6f-3f9c6b4df871,49103713720,,c4379a43-2955-1d72-7241-bbcfb5bdd244,ambulatory,162673000,General examination of patient,1efb555f-e9f5-47a2-acec-5c9d02750dda,Aduni Model Clinic
99050807-6439-1143-aad4-9d9f89209f70,80661313720,,c4379a43-2955-1d72-7241-bbcfb5bdd244,ambulatory,162673000,General examination of patient,1efb555f-e9f5-47a2-acec-5c9d02750dda,Aduni Model Clinic
3122fa16-f0e6-2272-e038-34c31ed03333,112218913720,,c4379a43-2955-1d72-7241-bbcfb5bdd244,ambulatory,162673000,General examination of patient,1efb555f-e9f5-47a2-acec-5c9d02750dda,Aduni Model Clinic
b3376e57-46d1-66ba-c324-c2be41f38626,301564513720,,c4379a43-2955-1d72-7241-bbcfb5bdd244,ambulatory,162673000,General examination of patient,1efb555f-e9f5-47a2-acec-5c9d02750dda,Aduni Model Clinic
a4273385-eb6a-1e39-8bc8-efa56ea20ea4,333122113720,,c4379a43-2955-1d72-7241-bbcfb5bdd244,ambulatory,162673000,General examination of patient,1efb555f-e9f5-47a2-acec-5c9d02750dda,Aduni Model Clinic
7a50fdf3-fa25-26b6-c043-e84178e08632,459352513720,,c4379a43-2955-1d72-7241-bbcfb5bdd244,ambulatory,162673000,General examination of patient,1efb555f-e9f5-47a2-acec-5c9d02750dda,Aduni Model Clinic
ace5df52-b7f1-78c3-6e51-3b3660a97e84,490910113720,,c4379a43-2955-1d72-7241-bbcfb5bdd244,ambulatory,162673000,General examination of patient,1efb555f-e9f5-47a2-acec-5c9d02750dda,Aduni Model Clinic
49559b8d-3b18-24ff-8253-4d579f4f6d3a,522467713720,,c4379a43-2955-1d72-7241-bbcfb5bdd244,ambulatory,162673000,General examination of patient,1efb555f-e9f5-47a2-acec-5c9d02750dda,Aduni Model Clinic
1ea4d75f-f4b5-52af-667b-bfc0dc8d056a,617140513720,,c4379a43-2955-1d72-7241-bbcfb5bdd244,ambulatory,162673000,General examination of patient,1efb555f-e9f5-47a2-acec-5c9d02750dda,Aduni Model Clinic
52317ff0-3afd-5682-3c47-83a17511208e,648698113720,,c4379a43-2955-1d72-7241-bbcfb5bdd244,ambulatory,162673000,General examination of patient,1efb555f-e9f5-47a2-acec-5c9d02750dda,Aduni Model Clinic
10c818ad-9a20-78fe-c96b-bd9a11bea720,743370913720,,c4379a43-2955-1d72-7241-bbcfb5bdd244,ambulatory,162673000,General examination of patient,1efb555f-e9f5-47a2-acec-5c9d02750dda,Aduni Model Clinic
e87d729e-56c9-46fb-1620-fbc65b786812,806486113720,,c4379a43-2955-1d72-7241-bbcfb5bdd244,ambulatory,162673000,General examination of patient,1efb555f-e9f5-47a2-acec-5c9d02750dda,Aduni Model Clinic
a425fb12-5771-7586-9a71-0b56bc5bedee,838043713720,,c4379a43-2955-1d72-7241-bbcfb5bdd244,ambulatory,162673000,General examination of patient,1efb555f-e9f5-47a2-acec-5c9d02750dda,Aduni Model Clinic
a9ddd865-d33f-8387-f45b-035b8079656d,869601313720,,c4379a43-2955-1d72-7241-bbcfb5bdd244,ambulatory,162673000,General examination of patient,1efb555f-e9f5-47a2-acec-5c9d02750dda,Aduni Model Clinic
5786f758-84cb-d756-9f63-3fc5f393d11b,901158913720,,c4379a43-2955-1d72-7241-bbcfb5bdd244,ambulatory,162673000,General examination of patient,1efb555f-e9f5-47a2-acec-5c9d02750dda,Aduni Model Clinic
6ca38c5a-a918-8fea-17c3-174e1fc7987d,932716513720,,c4379a43-2955-1d72-7241-bbcfb5bdd244,ambulatory,162673000,General examination of patient,1efb555f-e9f5-47a2-acec-5c9d02750dda,Aduni Model Clinic
7f964edf-7394-1c79-09bb-1ca95781adba,964274113720,,c4379a43-2955-1d72-7241-bbcfb5bdd244,ambulatory,162673000,General examination of patient,1efb555f-e9f5-47a2-acec-5c9d02750dda,Aduni Model Clinic
75bd90e2-1e97-4c1d-cfa0-bd0049f279cc,996069313720,,c4379a43-2955-1d72-7241-bbcfb5bdd244,ambulatory,185349003,Encounter for check up,1efb555f-e9f5-47a2-acec-5c9d02750dda,Aduni Model Clinic
d32747b4-98b8-8f28-2234-423e2f73fe36,1090504513720,,c4379a43-2955-1d72-7241-bbcfb5bdd244,ambulatory,162673000,General examination of patient,1efb555f-e9f5-47a2-acec-5c9d02750dda,Aduni Model Clinic
f9147c37-0a0b-66e0-2dda-17bd9ac9d575,1185177313720,,c4379a43-2955-1d72-7241-bbcfb5bdd244,ambulatory,162673000,General examination of patient,1efb555f-e9f5-47a2-acec-5c9d02750dda,Aduni Model Clinic
0ececdfa-e8d5-e488-5f6a-37735a5df1c9,1279850113720,,c4379a43-2955-1d72-7241-bbcfb5bdd244,ambulatory,162673000,General examination of patient,1efb555f-e9f5-47a2-acec-5c9d02750dda,Aduni Model Clinic
fb867ace-6199-6f55-2bce-6726738dc700,1374522913720,,c4379a43-2955-1d72-7241-bbcfb5bdd244,ambulatory,162673000,General examination of patient,1efb555f-e9f5-47a2-acec-5c9d02750dda,Aduni Model Clinic
6be77bad-5361-5496-ab77-ea7022d77910,1375464866147,,c4379a43-2955-1d72-7241-bbcfb5bdd244,ambulatory,185349003,Encounter for check up,1efb555f-e9f5-47a2-acec-5c9d02750dda,Aduni Model Clinic
bb637284-ccd6-12c1-e5f8-c419d246eb63,1406080513720,,c4379a43-2955-1d72-7241-bbcfb5bdd244,ambulatory,162673000,General examination of patient,1efb555f-e9f5-47a2-acec-5c9d02750dda,Aduni Model Clinic
65097db5-0578-1871-70bf-067834386dc5,1437638113720,,c4379a43-2955-1d72-7241-bbcfb5bdd244,ambulatory,162673000,General examination of patient,1efb555f-e9f5-47a2-acec-5c9d02750dda,Aduni Model Clinic
23f27d9f-ae97-56d8-f730-f86e885c872a,1469195713720,,c4379a43-2955-1d72-7241-bbcfb5bdd244,ambulatory,162673000,General examination of patient,1efb555f-e9f5-47a2-acec-5c9d02750dda,Aduni Model Clinic
3a450579-29f2-e1e7-67a5-2c47d09c7d67,1626983713720,,c4379a43-2955-1d72-7241-bbcfb5bdd244,ambulatory,162673000,General examination of patient,1efb555f-e9f5-47a2-acec-5c9d02750dda,Aduni Model Clinic
734cd1c7-389d-227e-02b6-f38562c57fa6,1721656513720,,c4379a43-2955-1d72-7241-bbcfb5bdd244,ambulatory,162673000,General examination of patient,1efb555f-e9f5-47a2-acec-5c9d02750dda,Aduni Model Clinic
1cb2a392-5291-e689-2ea9-c195df67148d,1753214113720,,c4379a43-2955-1d72-7241-bbcfb5bdd244,ambulatory,162673000,General examination of patient,1efb555f-e9f5-47a2-acec-5c9d02750dda,Aduni Model Clinic
12de031b-7985-e74b-2946-222760401a7c,1753451713720,,c4379a43-2955-1d72-7241-bbcfb5bdd244,emergency,50849002,Emergency room admission,1efb555f-e9f5-47a2-acec-5c9d02750dda,Aduni Model Clinic
5dec0da7-dc64-ed4c-46ca-edb2a93512e3,1784771713720,,c4379a43-2955-1d72-7241-bbcfb5bdd244,ambulatory,162673000,General examination of patient,1efb555f-e9f5-47a2-acec-5c9d02750dda,Aduni Model Clinic
f5b8b1db-2821-a356-c379-315d8b6c3847,1667335385695,,09b6ebeb-dd13-6087-0842-9f025ed94ece,ambulatory,162673000,General examination of patient,7c03c63e-1d7b-4c8c-9289-e6add780c103,Adrian Primary Health Center
877ab41b-f671-96f1-9052-2bba8c5662a6,1667335385695,,09b6ebeb-dd13-6087-0842-9f025ed94ece,ambulatory,185349003,Encounter for check up,7c03c63e-1d7b-4c8c-9289-e6add780c103,Adrian Primary Health Center
bea52099-a88a-7af5-bc03-dc6d1b60f4ea,1698892985695,,09b6ebeb-dd13-6087-0842-9f025ed94ece,ambulatory,162673000,General examination of patient,7c03c63e-1d7b-4c8c-9289-e6add780c103,Adrian Primary Health Center
e1b13217-9e53-2388-fff7-d2d48c01ce6a,1699210522377,,09b6ebeb-dd13-6087-0842-9f025ed94ece,ambulatory,185349003,Encounter for check up,7c03c63e-1d7b-4c8c-9289-e6add780c103,Adrian Primary Health Center
74ee57a3-b8ed-ddce-ab16-3b844e093c1a,1730450585695,,09b6ebeb-dd13-6087-0842-9f025ed94ece,ambulatory,185349003,Encounter for check up,7c03c63e-1d7b-4c8c-9289-e6add780c103,Adrian Primary Health Center
624b424b-8395-6f8e-4b24-3d185379e771,1731303196431,,09b6ebeb-dd13-6087-0842-9f025ed94ece,ambulatory,185349003,Encounter for check up,7c03c63e-1d7b-4c8c-9289-e6add780c103,Adrian Primary Health Center
30cd4802-6f1d-c50c-11cc-160651ca0590,1763166001476,,09b6ebeb-dd13-6087-0842-9f025ed94ece,ambulatory,185349003,Encounter for check up,7c03c63e-1d7b-4c8c-9289-e6add780c103,Adrian Primary Health Center
37fc4c50-5ff5-b07f-26ee-39f75468dc48,1762962573709,,09b6ebeb-dd13-6087-0842-9f025ed94ece,emergency,50849002,Emergency room admission,7c03c63e-1d7b-4c8c-9289-e6add780c103,Adrian Primary Health Center
b524b36c-c389-97cc-2bda-9f7617dd3770,1416477963056,,e2f85b0e-fe22-c08d-acae-76ae0d0e7c5c,ambulatory,162673000,General examination of patient (procedure),00bbd9db-5188-402c-a67c-764cc4353865,Emiloju Medical Center
ea5a2f9d-2e03-1232-57e4-943286db4284,1416477963056,,e2f85b0e-fe22-c08d-acae-76ae0d0e7c5c,inpatient,32485007,Hospital admission,00bbd9db-5188-402c-a67c-764cc4353865,Emiloju Medical Center
8d48d3ed-a2fd-045d-59dd-19b7bc4e36e2,1448035563056,,e2f85b0e-fe22-c08d-acae-76ae0d0e7c5c,ambulatory,185349003,Encounter for check up,00bbd9db-5188-402c-a67c-764cc4353865,Emiloju Medical Center
16670497-25c5-55ea-2585-4008a4fc5229,1479928550649,,e2f85b0e-fe22-c08d-acae-76ae0d0e7c5c,ambulatory,185349003,Encounter for check up,00bbd9db-5188-402c-a67c-764cc4353865,Emiloju Medical Center
ce8d7746-3f20-2078-58cc-e178040a0143,1542708363056,,e2f85b0e-fe22-c08d-acae-76ae0d0e7c5c,ambulatory,185349003,Encounter for check up,00bbd9db-5188-402c-a67c-764cc4353865,Emiloju Medical Center
f428ce80-7d18-bcba-93c3-f6d502a02020,1543305796722,,e2f85b0e-fe22-c08d-acae-76ae0d0e7c5c,ambulatory,185349003,Encounter for check up,00bbd9db-5188-402c-a67c-764cc4353865,Emiloju Medical Center
445fd8a6-2b7d-03fa-d549-5ff7557fe71e,1763611563056,,e2f85b0e-fe22-c08d-acae-76ae0d0e7c5c,ambulatory,162673000,General examination of patient,00bbd9db-5188-402c-a67c-764cc4353865,Emiloju Medical Center
87f006bc-d56c-44b9-320b-2948a7d4af39,-867831986067,,aa9628d2-9e4a-fb40-2b99-c1368d48e9ae,ambulatory,162673000,General examination of patient,f3b08af9-7f7f-4921-833b-fb4402d8eb8d,Faith Specialist Hospital
b3331f14-1cc1-460e-6154-014615106d10,-867831986067,,aa9628d2-9e4a-fb40-2b99-c1368d48e9ae,ambulatory,185349003,Encounter for check up,f3b08af9-7f7f-4921-833b-fb4402d8eb8d,Faith Specialist Hospital
09318796-9894-facc-e6e7-619d2f5a9419,-836274386067,,aa9628d2-9e4a-fb40-2b99-c1368d48e9ae,ambulatory,185349003,Encounter for check up,f3b08af9-7f7f-4921-833b-fb4402d8eb8d,Faith Specialist Hospital
7e9f0467-0002-ce32-df63-32b5411a8770,-804716786067,,aa9628d2-9e4a-fb40-2b99-c1368d48e9ae,ambulatory,162673000,General examination of patient,f3b08af9-7f7f-4921-833b-fb4402d8eb8d,Faith Specialist Hospital
5af20e1c-1580-c830-bd7f-dda13088e9de,-804449357115,,aa9628d2-9e4a-fb40-2b99-c1368d48e9ae,ambulatory,185349003,Encounter for check up,f3b08af9-7f7f-4921-833b-fb4402d8eb8d,Faith Specialist Hospital
6348f2b3-d788-c69c-b681-fa2cad7a06c9,-772357667743,,aa9628d2-9e4a-fb40-2b99-c1368d48e9ae,ambulatory,185349003,Encounter for check up,f3b08af9-7f7f-4921-833b-fb4402d8eb8d,Faith Specialist Hospital
ca3e0a51-06e1-6db3-70ac-0ea8e08f588d,-710043986067,,aa9628d2-9e4a-fb40-2b99-c1368d48e9ae,ambulatory,162673000,General examination of patient,f3b08af9-7f7f-4921-833b-fb4402d8eb8d,Faith Specialist Hospital
8c2291f4-3378-7dde-b2ef-af079e6ecdc8,-678486386067,,aa9628d2-9e4a-fb40-2b99-c1368d48e9ae,ambulatory,162673000,General examination of patient,f3b08af9-7f7f-4921-833b-fb4402d8eb8d,Faith Specialist Hospital
87b4124b-9138-0b47-e840-6a6d4aa3cda0,-615371186067,,aa9628d2-9e4a-fb40-2b99-c1368d48e9ae,ambulatory,162673000,General examination of patient,f3b08af9-7f7f-4921-833b-fb4402d8eb8d,Faith Specialist Hospital
12424d1c-4ba8-6c72-419c-67bae3392933,-552255986067,,aa9628d2-9e4a-fb40-2b99-c1368d48e9ae,ambulatory,162673000,General examination of patient,f3b08af9-7f7f-4921-833b-fb4402d8eb8d,Faith Specialist Hospital
67770be1-47a4-6478-df51-d720d4ee201c,-520698386067,,aa9628d2-9e4a-fb40-2b99-c1368d48e9ae,ambulatory,162673000,General examination of patient,f3b08af9-7f7f-4921-833b-fb4402d8eb8d,Faith Specialist Hospital
d63ea116-1255-712d-f579-41ca6ddcdf8a,-489140786067,,aa9628d2-9e4a-fb40-2b99-c1368d48e9ae,ambulatory,162673000,General examination of patient,f3b08af9-7f7f-4921-833b-fb4402d8eb8d,Faith Specialist Hospital
ed800f2d-b85f-4744-6cb6-c421548dc005,-488486900210,,aa9628d2-9e4a-fb40-2b99-c1368d48e9ae,ambulatory,185349003,Encounter for check up,f3b08af9-7f7f-4921-833b-fb4402d8eb8d,Faith Specialist Hospital
b83ca224-41b5-f958-132e-dc0c4f94da8e,-426025586067,,aa9628d2-9e4a-fb40-2b99-c1368d48e9ae,ambulatory,162673000,General examination of patient,f3b08af9-7f7f-4921-833b-fb4402d8eb8d,Faith Specialist Hospital
dbfefc7a-4c61-041a-04ef-b6a4205563f9,-299795186067,,aa9628d2-9e4a-fb40-2b99-c1368d48e9ae,ambulatory,162673000,General examination of patient,f3b08af9-7f7f-4921-833b-fb4402d8eb8d,Faith Specialist Hospital
bbd1a1ed-f45b-2a80-14c6-eecb69ce9067,-173564786067,,aa9628d2-9e4a-fb40-2b99-c1368d48e9ae,ambulatory,162673000,General examination of patient,f3b08af9-7f7f-4921-833b-fb4402d8eb8d,Faith Specialist Hospital
2762f323-fbd7-38e3-9d5c-762912f168b2,-78891986067,,aa9628d2-9e4a-fb40-2b99-c1368d48e9ae,ambulatory,162673000,General examination of patient,f3b08af9-7f7f-4921-833b-fb4402d8eb8d,Faith Specialist Hospital
1c16305b-e672-44ff-df13-a28e95ebf037,-47334386067,,aa9628d2-9e4a-fb40-2b99-c1368d48e9ae,ambulatory,162673000,General examination of patient,f3b08af9-7f7f-4921-833b-fb4402d8eb8d,Faith Specialist Hospital
c3199353-a967-4a28-2464-2389bb72db1c,-15776786067,,aa9628d2-9e4a-fb40-2b99-c1368d48e9ae,ambulatory,162673000,General examination of patient,f3b08af9-7f7f-4921-833b-fb4402d8eb8d,Faith Specialist Hospital
ea00b235-cecb-e962-8f2a-f24cf47c5b55,78896013933,,aa9628d2-9e4a-fb40-2b99-c1368d48e9ae,ambulatory,162673000,General examination of patient,f3b08af9-7f7f-4921-833b-fb4402d8eb8d,Faith Specialist Hospital
3c47edca-1e79-5c3b-11a3-6ce922e39e9a,110453613933,,aa9628d2-9e4a-fb40-2b99-c1368d48e9ae,ambulatory,162673000,General examination of patient,f3b08af9-7f7f-4921-833b-fb4402d8eb8d,Faith Specialist Hospital
d4d1e7e2-5152-e2cc-1e40-67f74c16b4a7,173568813933,,aa9628d2-9e4a-fb40-2b99-c1368d48e9ae,ambulatory,162673000,General examination of patient,f3b08af9-7f7f-4921-833b-fb4402d8eb8d,Faith Specialist Hospital
714ef9ee-9541-fd39-deb8-621176ef62bf,205126413933,,aa9628d2-9e4a-fb40-2b99-c1368d48e9ae,ambulatory,162673000,General examination of patient,f3b08af9-7f7f-4921-833b-fb4402d8eb8d,Faith Specialist Hospital
205bc186-dbc0-1cf1-f2dd-26933f3ebc8e,268241613933,,aa9628d2-9e4a-fb40-2b99-c1368d48e9ae,ambulatory,162673000,General examination of patient,f3b08af9-7f7f-4921-833b-fb4402d8eb8d,Faith Specialist Hospital
1b2975f3-3595-6c3a-72b2-8050c8863281,331356813933,,aa9628d2-9e4a-fb40-2b99-c1368d48e9ae,ambulatory,162673000,General examination of patient,f3b08af9-7f7f-4921-833b-fb4402d8eb8d,Faith Specialist Hospital
0c30e801-d617-f87d-bedf-dc14089d79bb,394472013933,,aa9628d2-9e4a-fb40-2b99-c1368d48e9ae,ambulatory,162673000,General examination of patient,f3b08af9-7f7f-4921-833b-fb4402d8eb8d,Faith Specialist Hospital
0a0ba4ea-8447-02b3-f696-f825212a1d8c,457587213933,,aa9628d2-9e4a-fb40-2b99-c1368d48e9ae,ambulatory,162673000,General examination of patient,f3b08af9-7f7f-4921-833b-fb4402d8eb8d,Faith Specialist Hospital
cfe9e4a9-19a4-e922-59ce-098413dbd729,489144813933,,aa9628d2-9e4a-fb40-2b99-c1368d48e9ae,ambulatory,162673000,General examination of patient,f3b08af9-7f7f-4921-833b-fb4402d8eb8d,Faith Specialist Hospital
5303c09c-a7a3-22e2-a617-1b820fe56d12,520702413933,,aa9628d2-9e4a-fb40-2b99-c1368d48e9ae,ambulatory,162673000,General examination of patient,f3b08af9-7f7f-4921-833b-fb4402d8eb8d,Faith Specialist Hospital
3e0f885c-a40e-97c8-ab79-91986f6817ce,552260013933,,aa9628d2-9e4a-fb40-2b99-c1368d48e9ae,ambulatory,162673000,General examination of patient,f3b08af9-7f7f-4921-833b-fb4402d8eb8d,Faith Specialist Hospital
4371299f-0244-ebf3-9e3c-72c56437e4b9,583817613933,,aa9628d2-9e4a-fb40-2b99-c1368d48e9ae,ambulatory,162673000,General examination of patient,f3b08af9-7f7f-4921-833b-fb4402d8eb8d,Faith Specialist Hospital
dacd63cb-909c-7c4e-b273-0669f5bd0545,615375213933,,aa9628d2-9e4a-fb40-2b99-c1368d48e9ae,ambulatory,162673000,General examination of patient,f3b08af9-7f7f-4921-833b-fb4402d8eb8d,Faith Specialist Hospital
eacdf0fa-c304-b02c-7de2-5860791ba65f,773163213933,,aa9628d2-9e4a-fb40-2b99-c1368d48e9ae,ambulatory,162673000,General examination of patient,f3b08af9-7f7f-4921-833b-fb4402d8eb8d,Faith Specialist Hospital
8499b3fa-ea98-9444-6609-d87813d3b8e3,867836013933,,aa9628d2-9e4a-fb40-2b99-c1368d48e9ae,ambulatory,162673000,General examination of patient,f3b08af9-7f7f-4921-833b-fb4402d8eb8d,Faith Specialist Hospital
94d5124b-6a79-9799-bee2-e25f7c8de71e,899393613933,,aa9628d2-9e4a-fb40-2b99-c1368d48e9ae,ambulatory,162673000,General examination of patient,f3b08af9-7f7f-4921-833b-fb4402d8eb8d,Faith Specialist Hospital
6e2f2a41-13ca-4427-eaf4-cb1709ae610b,930951213933,,aa9628d2-9e4a-fb40-2b99-c1368d48e9ae,ambulatory,162673000,General examination of patient,f3b08af9-7f7f-4921-833b-fb4402d8eb8d,Faith Specialist Hospital
a29f3733-7251-16ae-18a1-b02a8089a411,994066413933,,aa9628d2-9e4a-fb40-2b99-c1368d48e9ae,ambulatory,162673000,General examination of patient,f3b08af9-7f7f-4921-833b-fb4402d8eb8d,Faith Specialist Hospital
4d30db06-6833-edce-5853-396d5f0884de,1025624013933,,aa9628d2-9e4a-fb40-2b99-c1368d48e9ae,ambulatory,162673000,General examination of patient,f3b08af9-7f7f-4921-833b-fb4402d8eb8d,Faith Specialist Hospital
a8fc42ee-8cbf-808b-abc0-78418130ca28,1057181613933,,aa9628d2-9e4a-fb40-2b99-c1368d48e9ae,ambulatory,162673000,General examination of patient,f3b08af9-7f7f-4921-833b-fb4402d8eb8d,Faith Specialist Hospital
a3814179-4437-0c52-ebb3-d33373ab6416,1088739213933,,aa9628d2-9e4a-fb40-2b99-c1368d48e9ae,ambulatory,162673000,General examination of patient,f3b08af9-7f7f-4921-833b-fb4402d8eb8d,Faith Specialist Hospital
973e56fa-c4cb-985d-446f-e038e67f6f69,1120296813933,,aa9628d2-9e4a-fb40-2b99-c1368d48e9ae,ambulatory,162673000,General examination of patient,f3b08af9-7f7f-4921-833b-fb4402d8eb8d,Faith Specialist Hospital
27f91f1d-950f-3f1e-c30e-1f2089efabb8,1151854413933,,aa9628d2-9e4a-fb40-2b99-c1368d48e9ae,ambulatory,162673000,General examination of patient,f3b08af9-7f7f-4921-833b-fb4402d8eb8d,Faith Specialist Hospital
ff9632df-4083-d8b9-f529-aa3ff2d2a7b2,1183412013933,,aa9628d2-9e4a-fb40-2b99-c1368d48e9ae,ambulatory,162673000,General examination of patient,f3b08af9-7f7f-4921-833b-fb4402d8eb8d,Faith Specialist Hospital
4ba0ff58-a351-c0cf-13a3-cab0c8585b73,1278084813933,,aa9628d2-9e4a-fb40-2b99-c1368d48e9ae,ambulatory,162673000,General examination of patient,f3b08af9-7f7f-4921-833b-fb4402d8eb8d,Faith Specialist Hospital
7cf490ad-7b9f-7700-327d-671f696a1df3,1341437613933,,aa9628d2-9e4a-fb40-2b99-c1368d48e9ae,emergency,50849002,Emergency room admission,f3b08af9-7f7f-4921-833b-fb4402d8eb8d,Faith Specialist Hospital
a389a3fc-fc27-a9d3-b9fa-18640b59e00b,1435872813933,,aa9628d2-9e4a-fb40-2b99-c1368d48e9ae,ambulatory,162673000,General examination of patient,f3b08af9-7f7f-4921-833b-fb4402d8eb8d,Faith Specialist Hospital
2258bc28-d534-31a3-2e01-f57290485174,1498988013933,,aa9628d2-9e4a-fb40-2b99-c1368d48e9ae,ambulatory,162673000,General examination of patient,f3b08af9-7f7f-4921-833b-fb4402d8eb8d,Faith Specialist Hospital
b20c79b0-708e-d0ea-58a4-7780e6afce9e,1530545613933,,aa9628d2-9e4a-fb40-2b99-c1368d48e9ae,ambulatory,162673000,General examination of patient,f3b08af9-7f7f-4921-833b-fb4402d8eb8d,Faith Specialist Hospital
d24491fb-1b0b-ff63-a6c0-388becf37250,1562103213933,,aa9628d2-9e4a-fb40-2b99-c1368d48e9ae,ambulatory,162673000,General examination of patient,f3b08af9-7f7f-4921-833b-fb4402d8eb8d,Faith Specialist Hospital
faacce1c-869e-6940-8962-de76e0492d1d,1593660813933,,aa9628d2-9e4a-fb40-2b99-c1368d48e9ae,ambulatory,162673000,General examination of patient,f3b08af9-7f7f-4921-833b-fb4402d8eb8d,Faith Specialist Hospital
c9c2d01e-73bf-b506-08b2-2ad5e364625e,1658053789268,,aa9628d2-9e4a-fb40-2b99-c1368d48e9ae,emergency,50849002,Emergency room admission,f3b08af9-7f7f-4921-833b-fb4402d8eb8d,Faith Specialist Hospital
a7d10ba7-ab95-c2c2-9ef2-84f817f1bf70,1722258142103,,aa9628d2-9e4a-fb40-2b99-c1368d48e9ae,ambulatory,185349003,Encounter for check up,f3b08af9-7f7f-4921-833b-fb4402d8eb8d,Faith Specialist Hospital
ad34aabd-b44d-c5e7-d936-17b67183b826,1751448813933,,aa9628d2-9e4a-fb40-2b99-c1368d48e9ae,ambulatory,162673000,General examination of patient,f3b08af9-7f7f-4921-833b-fb4402d8eb8d,Faith Specialist Hospital
067bb6ec-99f6-9e62-c470-f0fbda0ddf1f,-1273553161660,,cebe6283-46c6-32bd-adbd-920fd0838a0f,ambulatory,162673000,General examination of patient,2613c948-85e5-4e38-b952-e9f4ed33ca09,Idi Emi Primary Health Center
69d3f881-572d-ba0d-ce3e-eeb9af484005,-1273553161660,,cebe6283-46c6-32bd-adbd-920fd0838a0f,ambulatory,185349003,Encounter for check up,2613c948-85e5-4e38-b952-e9f4ed33ca09,Idi Emi Primary Health Center
9e47f92c-6d02-ce0d-7b50-881cf3c81e21,-1241700488999,,cebe6283-46c6-32bd-adbd-920fd0838a0f,ambulatory,185349003,Encounter for check up,2613c948-85e5-4e38-b952-e9f4ed33ca09,Idi Emi Primary Health Center
b16642c5-6c4a-f936-2ecf-79e643a6ccd4,-1209781623503,,cebe6283-46c6-32bd-adbd-920fd0838a0f,emergency,50849002,Emergency room admission,2613c948-85e5-4e38-b952-e9f4ed33ca09,Idi Emi Primary Health Center
17d4db45-ba6f-c72c-5953-2e32d08fb212,-1178880361660,,cebe6283-46c6-32bd-adbd-920fd0838a0f,ambulatory,162673000,General examination of patient,2613c948-85e5-4e38-b952-e9f4ed33ca09,Idi Emi Primary Health Center
80f0614c-1d9c-562c-a3ad-c786cf06841f,-1177870740910,,cebe6283-46c6-32bd-adbd-920fd0838a0f,ambulatory,185349003,Encounter for check up,2613c948-85e5-4e38-b952-e9f4ed33ca09,Idi Emi Primary Health Center
d8fba415-b3ce-c5c7-1867-ae6c6a3519aa,-1147322761660,,cebe6283-46c6-32bd-adbd-920fd0838a0f,ambulatory,162673000,General examination of patient,2613c948-85e5-4e38-b952-e9f4ed33ca09,Idi Emi Primary Health Center
f467dd5d-3da3-56fd-6020-5ca2a92c4a45,-1147322761660,,cebe6283-46c6-32bd-adbd-920fd0838a0f,ambulatory,185349003,Encounter for check up,2613c948-85e5-4e38-b952-e9f4ed33ca09,Idi Emi Primary Health Center
65fb6ee9-2fc4-8874-cb8b-f54e58307df8,-1115765161660,,cebe6283-46c6-32bd-adbd-920fd0838a0f,ambulatory,162673000,General examination of patient,2613c948-85e5-4e38-b952-e9f4ed33ca09,Idi Emi Primary Health Center
3a9b4afd-c79c-30da-2b00-a12564327038,-1021092361660,,cebe6283-46c6-32bd-adbd-920fd0838a0f,ambulatory,162673000,General examination of patient,2613c948-85e5-4e38-b952-e9f4ed33ca09,Idi Emi Primary Health Center
bf26da29-35bd-8654-2511-39c9e24152f2,-989534761660,,cebe6283-46c6-32bd-adbd-920fd0838a0f,ambulatory,162673000,General examination of patient,2613c948-85e5-4e38-b952-e9f4ed33ca09,Idi Emi Primary Health Center
69c7ecbf-b366-3ebe-b6a2-4bcb7f3037fb,-988396838948,,cebe6283-46c6-32bd-adbd-920fd0838a0f,ambulatory,185349003,Encounter for check up,2613c948-85e5-4e38-b952-e9f4ed33ca09,Idi Emi Primary Health Center
4aa9665c-17a3-94aa-3145-0bbb7dd12285,-924573749272,,cebe6283-46c6-32bd-adbd-920fd0838a0f,ambulatory,185349003,Encounter for check up,2613c948-85e5-4e38-b952-e9f4ed33ca09,Idi Emi Primary Health Center
e6680882-6f48-4fd9-1d53-04e66c2a4605,-863304361660,,cebe6283-46c6-32bd-adbd-920fd0838a0f,ambulatory,162673000,General examination of patient,2613c948-85e5-4e38-b952-e9f4ed33ca09,Idi Emi Primary Health Center
e154f7c1-9f51-a72c-3525-09eb685cf673,-831746761660,,cebe6283-46c6-32bd-adbd-920fd0838a0f,ambulatory,162673000,General examination of patient,2613c948-85e5-4e38-b952-e9f4ed33ca09,Idi Emi Primary Health Center
62037c25-7471-8eea-ad7c-fbafcfe5d78c,-800189161660,,cebe6283-46c6-32bd-adbd-920fd0838a0f,ambulatory,162673000,General examination of patient,2613c948-85e5-4e38-b952-e9f4ed33ca09,Idi Emi Primary Health Center
17a26b8c-0138-5eba-9484-3deb9948f07a,-768631561660,,cebe6283-46c6-32bd-adbd-920fd0838a0f,ambulatory,162673000,General examination of patient,2613c948-85e5-4e38-b952-e9f4ed33ca09,Idi Emi Primary Health Center
f3b50954-3739-e493-8a8e-9d856696d04a,-705516361660,,cebe6283-46c6-32bd-adbd-920fd0838a0f,ambulatory,162673000,General examination of patient,2613c948-85e5-4e38-b952-e9f4ed33ca09,Idi Emi Primary Health Center
1fe214ab-dc31-ca34-02d3-797787938944,-579285961660,,cebe6283-46c6-32bd-adbd-920fd0838a0f,ambulatory,162673000,General examination of patient,2613c948-85e5-4e38-b952-e9f4ed33ca09,Idi Emi Primary Health Center
c7066d83-53fa-9a6f-01f4-bfd5cf405afa,-516170761660,,cebe6283-46c6-32bd-adbd-920fd0838a0f,ambulatory,162673000,General examination of patient,2613c948-85e5-4e38-b952-e9f4ed33ca09,Idi Emi Primary Health Center
5badb6de-b0be-472b-c93f-56245dd78d2b,-421497961660,,cebe6283-46c6-32bd-adbd-920fd0838a0f,ambulatory,162673000,General examination of patient,2613c948-85e5-4e38-b952-e9f4ed33ca09,Idi Emi Primary Health Center
7e7e9bdd-64d6-9809-e6a8-0ea7253dbaaa,-389940361660,,cebe6283-46c6-32bd-adbd-920fd0838a0f,ambulatory,162673000,General examination of patient,2613c948-85e5-4e38-b952-e9f4ed33ca09,Idi Emi Primary Health Center
0e62fcf4-e6e6-10fc-008e-bac0912ac52f,-358382761660,,cebe6283-46c6-32bd-adbd-920fd0838a0f,ambulatory,162673000,General examination of patient,2613c948-85e5-4e38-b952-e9f4ed33ca09,Idi Emi Primary Health Center
fe70ed66-1f54-6de8-f534-af70855f3819,-295267561660,,cebe6283-46c6-32bd-adbd-920fd0838a0f,ambulatory,162673000,General examination of patient,2613c948-85e5-4e38-b952-e9f4ed33ca09,Idi Emi Primary Health Center
26ab318f-7fcb-3a63-7e38-8ae0d5612a59,-263709961660,,cebe6283-46c6-32bd-adbd-920fd0838a0f,ambulatory,162673000,General examination of patient,2613c948-85e5-4e38-b952-e9f4ed33ca09,Idi Emi Primary Health Center
24da5a83-9c1f-c4b8-5869-744b3dd76b7e,-232152361660,,cebe6283-46c6-32bd-adbd-920fd0838a0f,ambulatory,162673000,General examination of patient,2613c948-85e5-4e38-b952-e9f4ed33ca09,Idi Emi Primary Health Center
92dc1dd4-8176-a3ed-9735-48dabd6585a8,-137479561660,,cebe6283-46c6-32bd-adbd-920fd0838a0f,ambulatory,162673000,General examination of patient,2613c948-85e5-4e38-b952-e9f4ed33ca09,Idi Emi Primary Health Center
5478e83c-a8ee-c8f3-714c-9789f7f8f0b2,-42806761660,,cebe6283-46c6-32bd-adbd-920fd0838a0f,ambulatory,162673000,General examination of patient,2613c948-85e5-4e38-b952-e9f4ed33ca09,Idi Emi Primary Health Center
08b49235-c3bd-63fc-9070-753776cd5e51,51866038340,,cebe6283-46c6-32bd-adbd-920fd0838a0f,ambulatory,162673000,General examination of patient,2613c948-85e5-4e38-b952-e9f4ed33ca09,Idi Emi Primary Health Center
1ab360c0-8e2d-3e5f-ec5d-da36f4202021,146538838340,,cebe6283-46c6-32bd-adbd-920fd0838a0f,ambulatory,162673000,General examination of patient,2613c948-85e5-4e38-b952-e9f4ed33ca09,Idi Emi Primary Health Center
d36de205-b768-45c1-4bbd-1b259a7562b1,209654038340,,cebe6283-46c6-32bd-adbd-920fd0838a0f,ambulatory,162673000,General examination of patient,2613c948-85e5-4e38-b952-e9f4ed33ca09,Idi Emi Primary Health Center
5acdf17d-c22e-6d03-d592-3978be672b10,304326838340,,cebe6283-46c6-32bd-adbd-920fd0838a0f,ambulatory,162673000,General examination of patient,2613c948-85e5-4e38-b952-e9f4ed33ca09,Idi Emi Primary Health Center
512f7ebf-6188-4f43-f156-c7048251b270,335884438340,,cebe6283-46c6-32bd-adbd-920fd0838a0f,ambulatory,162673000,General examination of patient,2613c948-85e5-4e38-b952-e9f4ed33ca09,Idi Emi Primary Health Center
51bc7924-fd95-147e-238e-84f3ea46408c,430557238340,,cebe6283-46c6-32bd-adbd-920fd0838a0f,ambulatory,162673000,General examination of patient,2613c948-85e5-4e38-b952-e9f4ed33ca09,Idi Emi Primary Health Center
35dc581d-71ec-f1da-c82c-8027fdd710bd,462114838340,,cebe6283-46c6-32bd-adbd-920fd0838a0f,ambulatory,162673000,General examination of patient,2613c948-85e5-4e38-b952-e9f4ed33ca09,Idi Emi Primary Health Center
8d1a7714-ad51-8fd7-d0b3-0428dc7f3452,493672438340,,cebe6283-46c6-32bd-adbd-920fd0838a0f,ambulatory,162673000,General examination of patient,2613c948-85e5-4e38-b952-e9f4ed33ca09,Idi Emi Primary Health Center
d1e9815f-a940-e967-4686-17f674a5b2df,525230038340,,cebe6283-46c6-32bd-adbd-920fd0838a0f,ambulatory,162673000,General examination of patient,2613c948-85e5-4e38-b952-e9f4ed33ca09,Idi Emi Primary Health Center
fd11bcaf-7d0b-eb03-a385-14ef9509cd54,619902838340,,cebe6283-46c6-32bd-adbd-920fd0838a0f,ambulatory,162673000,General examination of patient,2613c948-85e5-4e38-b952-e9f4ed33ca09,Idi Emi Primary Health Center
7614d797-8ba1-76a3-129e-1ae13ea7047b,651460438340,,cebe6283-46c6-32bd-adbd-920fd0838a0f,ambulatory,162673000,General examination of patient,2613c948-85e5-4e38-b952-e9f4ed33ca09,Idi Emi Primary Health Center
9640684e-f538-9b00-91ad-6d753287ff4f,714575638340,,cebe6283-46c6-32bd-adbd-920fd0838a0f,ambulatory,162673000,General examination of patient,2613c948-85e5-4e38-b952-e9f4ed33ca09,Idi Emi Primary Health Center
3880235e-2f5b-669c-f539-768054d41961,777690838340,,cebe6283-46c6-32bd-adbd-920fd0838a0f,ambulatory,162673000,General examination of patient,2613c948-85e5-4e38-b952-e9f4ed33ca09,Idi Emi Primary Health Center
8b61b1c4-04b7-8f4f-15f6-bef7bb25e8ec,809248438340,,cebe6283-46c6-32bd-adbd-920fd0838a0f,ambulatory,162673000,General examination of patient,2613c948-85e5-4e38-b952-e9f4ed33ca09,Idi Emi Primary Health Center
2e050c34-422e-2a33-0fbb-df13e6e9559b,872363638340,,cebe6283-46c6-32bd-adbd-920fd0838a0f,ambulatory,162673000,General examination of patient,2613c948-85e5-4e38-b952-e9f4ed33ca09,Idi Emi Primary Health Center
4d0acb70-0a26-97a8-d7e9-eec78ef81a9f,935716438340,,cebe6283-46c6-32bd-adbd-920fd0838a0f,ambulatory,185349003,Encounter for check up,2613c948-85e5-4e38-b952-e9f4ed33ca09,Idi Emi Primary Health Center
ff498070-864b-77de-3b0c-ba4d5eeaa2f0,1093266838340,,cebe6283-46c6-32bd-adbd-920fd0838a0f,ambulatory,162673000,General examination of patient,2613c948-85e5-4e38-b952-e9f4ed33ca09,Idi Emi Primary Health Center
368aab7d-0a06-0380-a88f-77470c993735,1124824438340,,cebe6283-46c6-32bd-adbd-920fd0838a0f,ambulatory,162673000,General examination of patient,2613c948-85e5-4e38-b952-e9f4ed33ca09,Idi Emi Primary Health Center
afd637de-f710-90fc-08cc-02d8377add0e,1156382038340,,cebe6283-46c6-32bd-adbd-920fd0838a0f,ambulatory,162673000,General examination of patient,2613c948-85e5-4e38-b952-e9f4ed33ca09,Idi Emi Primary Health Center
500a42ba-c589-11ee-6c07-e51a8d93c499,1187939638340,,cebe6283-46c6-32bd-adbd-920fd0838a0f,ambulatory,162673000,General examination of patient,2613c948-85e5-4e38-b952-e9f4ed33ca09,Idi Emi Primary Health Center
a8bad871-694d-fe38-827e-e993134ae283,1219497238340,,cebe6283-46c6-32bd-adbd-920fd0838a0f,ambulatory,162673000,General examination of patient,2613c948-85e5-4e38-b952-e9f4ed33ca09,Idi Emi Primary Health Center
39b98227-1eab-b3ce-dcf8-371c9f8b9716,1251054838340,,cebe6283-46c6-32bd-adbd-920fd0838a0f,ambulatory,162673000,General examination of patient,2613c948-85e5-4e38-b952-e9f4ed33ca09,Idi Emi Primary Health Center
657a2916-f9d5-8fa1-2e24-f8d6604e2e4a,1282612438340,,cebe6283-46c6-32bd-adbd-920fd0838a0f,ambulatory,162673000,General examination of patient,2613c948-85e5-4e38-b952-e9f4ed33ca09,Idi Emi Primary Health Center
c65ba529-6031-f423-b889-1af9115d7a67,1314170038340,,cebe6283-46c6-32bd-adbd-920fd0838a0f,ambulatory,162673000,General examination of patient,2613c948-85e5-4e38-b952-e9f4ed33ca09,Idi Emi Primary Health Center
31293491-6c0d-23d8-8c20-cf3d3b0acf2c,1377285238340,,cebe6283-46c6-32bd-adbd-920fd0838a0f,ambulatory,162673000,General examination of patient,2613c948-85e5-4e38-b952-e9f4ed33ca09,Idi Emi Primary Health Center
4b44c636-0f08-b110-52d3-3e412d59df00,1410179189354,,cebe6283-46c6-32bd-adbd-920fd0838a0f,ambulatory,185349003,Encounter for check up,2613c948-85e5-4e38-b952-e9f4ed33ca09,Idi Emi Primary Health Center
082221f4-7b4d-9198-1960-b8c81221ede2,1566630838340,,cebe6283-46c6-32bd-adbd-920fd0838a0f,ambulatory,162673000,General examination of patient,2613c948-85e5-4e38-b952-e9f4ed33ca09,Idi Emi Primary Health Center
10810875-595b-4985-838f-b33823a85dcc,1629746038340,,cebe6283-46c6-32bd-adbd-920fd0838a0f,ambulatory,162673000,General examination of patient,2613c948-85e5-4e38-b952-e9f4ed33ca09,Idi Emi Primary Health Center
94323a5e-a5fe-e56f-d447-cbb7ba944291,1692861238340,,cebe6283-46c6-32bd-adbd-920fd0838a0f,ambulatory,162673000,General examination of patient,2613c948-85e5-4e38-b952-e9f4ed33ca09,Idi Emi Primary Health Center
fcd76da1-2898-884c-0398-5fb44f96b85d,1755976438340,,cebe6283-46c6-32bd-adbd-920fd0838a0f,ambulatory,162673000,General examination of patient,2613c948-85e5-4e38-b952-e9f4ed33ca09,Idi Emi Primary Health Center
8cfde43c-d7f4-df3d-16e3-a04d4df8ae72,1787534038340,,cebe6283-46c6-32bd-adbd-920fd0838a0f,ambulatory,162673000,General examination of patient,2613c948-85e5-4e38-b952-e9f4ed33ca09,Idi Emi Primary Health Center
764f52d9-a4c8-ec37-db2f-4d94576bfaba,-540824183316,,9469a3d5-eb70-d03b-07c7-ab2b82f38b31,ambulatory,162673000,General examination of patient (procedure),2df2768d-695c-4e91-b079-634ad974fe6e,Mother Care Hospital
a0421963-24df-2093-5783-c109d6d07f9f,-540824183316,,9469a3d5-eb70-d03b-07c7-ab2b82f38b31,emergency,50849002,Emergency room admission,2df2768d-695c-4e91-b079-634ad974fe6e,Mother Care Hospital
7fd65cd9-c4d2-4dd5-71f4-17c536bda56b,-477708983316,,9469a3d5-eb70-d03b-07c7-ab2b82f38b31,ambulatory,162673000,General examination of patient,2df2768d-695c-4e91-b079-634ad974fe6e,Mother Care Hospital
f034e49a-8e84-23f4-42cb-d1058591adc8,-477298801854,,9469a3d5-eb70-d03b-07c7-ab2b82f38b31,ambulatory,185349003,Encounter for check up,2df2768d-695c-4e91-b079-634ad974fe6e,Mother Care Hospital
b8fa6eee-aca3-bccd-d50f-65350a011332,-446151383316,,9469a3d5-eb70-d03b-07c7-ab2b82f38b31,ambulatory,162673000,General examination of patient,2df2768d-695c-4e91-b079-634ad974fe6e,Mother Care Hospital
4770b92f-81f7-040f-338e-b9e6e2dbf6ac,-445315632033,,9469a3d5-eb70-d03b-07c7-ab2b82f38b31,ambulatory,185349003,Encounter for check up,2df2768d-695c-4e91-b079-634ad974fe6e,Mother Care Hospital
69a77846-b8c2-414d-e8e3-098ae0f0d295,-351478583316,,9469a3d5-eb70-d03b-07c7-ab2b82f38b31,ambulatory,162673000,General examination of patient,2df2768d-695c-4e91-b079-634ad974fe6e,Mother Care Hospital
21e09a6b-848c-cd92-63f8-c213c52cf3cf,-319920983316,,9469a3d5-eb70-d03b-07c7-ab2b82f38b31,ambulatory,162673000,General examination of patient,2df2768d-695c-4e91-b079-634ad974fe6e,Mother Care Hospital
589e7892-9c89-eb62-fb62-6e96cb84087b,-99017783316,,9469a3d5-eb70-d03b-07c7-ab2b82f38b31,ambulatory,162673000,General examination of patient,2df2768d-695c-4e91-b079-634ad974fe6e,Mother Care Hospital
94ef7eea-aab3-124b-c592-e6234d1f846a,-67460183316,,9469a3d5-eb70-d03b-07c7-ab2b82f38b31,ambulatory,162673000,General examination of patient,2df2768d-695c-4e91-b079-634ad974fe6e,Mother Care Hospital
81204837-058a-d8d0-fb8f-edfc2602cc6d,-35902583316,,9469a3d5-eb70-d03b-07c7-ab2b82f38b31,ambulatory,162673000,General examination of patient,2df2768d-695c-4e91-b079-634ad974fe6e,Mother Care Hospital
dfad1e2f-6031-5c6f-2e5d-e04d2ae4ae9e,27212616684,,9469a3d5-eb70-d03b-07c7-ab2b82f38b31,ambulatory,162673000,General examination of patient,2df2768d-695c-4e91-b079-634ad974fe6e,Mother Care Hospital
4a10a158-0bc6-be74-53b7-769b2209dcce,58770216684,,9469a3d5-eb70-d03b-07c7-ab2b82f38b31,ambulatory,162673000,General examination of patient,2df2768d-695c-4e91-b079-634ad974fe6e,Mother Care Hospital
db72b592-c774-c766-de61-274af2ba1a65,153443016684,,9469a3d5-eb70-d03b-07c7-ab2b82f38b31,ambulatory,162673000,General examination of patient,2df2768d-695c-4e91-b079-634ad974fe6e,Mother Care Hospital
e72fadf2-90e2-4f4a-13c8-e8d5348b1485,185000616684,,9469a3d5-eb70-d03b-07c7-ab2b82f38b31,ambulatory,162673000,General examination of patient,2df2768d-695c-4e91-b079-634ad974fe6e,Mother Care Hospital
57c93b74-7017-7b10-dfd7-0c4d7e4ea802,216558216684,,9469a3d5-eb70-d03b-07c7-ab2b82f38b31,ambulatory,162673000,General examination of patient,2df2768d-695c-4e91-b079-634ad974fe6e,Mother Care Hospital
d989683a-03a0-5e1a-048e-6f67a3fbb744,248115816684,,9469a3d5-eb70-d03b-07c7-ab2b82f38b31,ambulatory,162673000,General examination of patient,2df2768d-695c-4e91-b079-634ad974fe6e,Mother Care Hospital
8238d5dc-1c74-2a24-a9f5-1d5e23dcf6d1,342788616684,,9469a3d5-eb70-d03b-07c7-ab2b82f38b31,ambulatory,162673000,General examination of patient,2df2768d-695c-4e91-b079-634ad974fe6e,Mother Care Hospital
a0a387fd-1316-849c-0304-d01c4b66ef56,469019016684,,9469a3d5-eb70-d03b-07c7-ab2b82f38b31,ambulatory,162673000,General examination of patient,2df2768d-695c-4e91-b079-634ad974fe6e,Mother Care Hospital
83a9ea0a-e6d0-8a63-5ab1-ee5002381ecc,500576616684,,9469a3d5-eb70-d03b-07c7-ab2b82f38b31,ambulatory,162673000,General examination of patient,2df2768d-695c-4e91-b079-634ad974fe6e,Mother Care Hospital
2ae33419-b40f-8573-c3ac-dd637e4cedfe,532134216684,,9469a3d5-eb70-d03b-07c7-ab2b82f38b31,ambulatory,162673000,General examination of patient,2df2768d-695c-4e91-b079-634ad974fe6e,Mother Care Hospital
cb7adcab-f73d-718c-8f69-e14378775e9d,563691816684,,9469a3d5-eb70-d03b-07c7-ab2b82f38b31,ambulatory,162673000,General examination of patient,2df2768d-695c-4e91-b079-634ad974fe6e,Mother Care Hospital
ba9b5d24-e85e-ca14-6503-e0f0003232c6,626807016684,,9469a3d5-eb70-d03b-07c7-ab2b82f38b31,ambulatory,162673000,General examination of patient,2df2768d-695c-4e91-b079-634ad974fe6e,Mother Care Hospital
aec65d97-8b3d-1a9e-af08-75bce51630a2,753037416684,,9469a3d5-eb70-d03b-07c7-ab2b82f38b31,ambulatory,162673000,General examination of patient,2df2768d-695c-4e91-b079-634ad974fe6e,Mother Care Hospital
d9319b80-c406-dfa6-1687-497955a5c41f,784595016684,,9469a3d5-eb70-d03b-07c7-ab2b82f38b31,ambulatory,162673000,General examination of patient,2df2768d-695c-4e91-b079-634ad974fe6e,Mother Care Hospital
a2a14d71-d26f-04c4-e7f1-de7ad119de03,816152616684,,9469a3d5-eb70-d03b-07c7-ab2b82f38b31,ambulatory,162673000,General examination of patient,2df2768d-695c-4e91-b079-634ad974fe6e,Mother Care Hospital
9389e304-e9ef-34dc-2f55-f8eaec4365d7,942383016684,,9469a3d5-eb70-d03b-07c7-ab2b82f38b31,ambulatory,162673000,General examination of patient,2df2768d-695c-4e91-b079-634ad974fe6e,Mother Care Hospital
0f586a2f-c45c-fd6f-fe47-66dd2909ea34,973940616684,,9469a3d5-eb70-d03b-07c7-ab2b82f38b31,ambulatory,162673000,General examination of patient,2df2768d-695c-4e91-b079-634ad974fe6e,Mother Care Hospital
993bca98-2a8c-b60d-d4ce-6587d6e929c1,1068613416684,,9469a3d5-eb70-d03b-07c7-ab2b82f38b31,ambulatory,162673000,General examination of patient,2df2768d-695c-4e91-b079-634ad974fe6e,Mother Care Hospital
76b20dd8-c3c2-dc71-7c97-67225f22ea5d,1163286216684,,9469a3d5-eb70-d03b-07c7-ab2b82f38b31,ambulatory,162673000,General examination of patient,2df2768d-695c-4e91-b079-634ad974fe6e,Mother Care Hospital
65a85728-5971-6b33-379a-cedc4b78a8e2,1226401416684,,9469a3d5-eb70-d03b-07c7-ab2b82f38b31,ambulatory,162673000,General examination of patient,2df2768d-695c-4e91-b079-634ad974fe6e,Mother Care Hospital
11635dc0-967c-99ca-4394-fa8116406ea5,1289516616684,,9469a3d5-eb70-d03b-07c7-ab2b82f38b31,ambulatory,162673000,General examination of patient,2df2768d-695c-4e91-b079-634ad974fe6e,Mother Care Hospital
15c92f10-9244-0c0c-ce74-d0af3bc30bdd,1321074216684,,9469a3d5-eb70-d03b-07c7-ab2b82f38b31,ambulatory,162673000,General examination of patient,2df2768d-695c-4e91-b079-634ad974fe6e,Mother Care Hospital
7c94387c-de4e-a429-ae00-62fc4802bfe1,1384189416684,,9469a3d5-eb70-d03b-07c7-ab2b82f38b31,ambulatory,162673000,General examination of patient,2df2768d-695c-4e91-b079-634ad974fe6e,Mother Care Hospital
71d82dbb-c085-76aa-e844-fd53ff03bd6f,1478862216684,,9469a3d5-eb70-d03b-07c7-ab2b82f38b31,ambulatory,162673000,General examination of patient,2df2768d-695c-4e91-b079-634ad974fe6e,Mother Care Hospital
596d0f39-d3cd-e353-0abb-c9eb2b65c9f1,1542215016684,,9469a3d5-eb70-d03b-07c7-ab2b82f38b31,ambulatory,185349003,Encounter for check up,2df2768d-695c-4e91-b079-634ad974fe6e,Mother Care Hospital
44524613-2f30-9974-3039-5a8d5bd0fcea,1573535016684,,9469a3d5-eb70-d03b-07c7-ab2b82f38b31,ambulatory,162673000,General examination of patient,2df2768d-695c-4e91-b079-634ad974fe6e,Mother Care Hospital
36edb7ee-a20e-41b4-ce53-4833154dba1e,1574674527439,,9469a3d5-eb70-d03b-07c7-ab2b82f38b31,emergency,50849002,Emergency room admission,2df2768d-695c-4e91-b079-634ad974fe6e,Mother Care Hospital
4f9d1e01-3145-da7e-bff3-959d0e2b6b03,1605092616684,,9469a3d5-eb70-d03b-07c7-ab2b82f38b31,ambulatory,162673000,General examination of patient,2df2768d-695c-4e91-b079-634ad974fe6e,Mother Care Hospital
f6794b9a-0739-603d-e385-7e9328523eb8,1636650216684,,9469a3d5-eb70-d03b-07c7-ab2b82f38b31,ambulatory,162673000,General examination of patient,2df2768d-695c-4e91-b079-634ad974fe6e,Mother Care Hospital
51233e94-d5e7-ab53-d089-7f845515f7d0,1699765416684,,9469a3d5-eb70-d03b-07c7-ab2b82f38b31,ambulatory,162673000,General examination of patient,2df2768d-695c-4e91-b079-634ad974fe6e,Mother Care Hospital
9c02ee99-5636-b16e-3e3f-8526dbf8ab31,1529670840437,,13bbe6f5-73c7-611c-d2ee-744fcc7a5ad6,ambulatory,162673000,General examination of patient,78d48f1d-87a4-412c-8e4a-50f91372731e,Olokuta Health Center
0dfb3ebc-4402-a0a8-46ab-a3ece7a66b1d,1529670840437,,13bbe6f5-73c7-611c-d2ee-744fcc7a5ad6,ambulatory,185349003,Encounter for check up,78d48f1d-87a4-412c-8e4a-50f91372731e,Olokuta Health Center
ff1474b6-355e-6c55-e630-5e5cac6cb3cc,1529670840437,,13bbe6f5-73c7-611c-d2ee-744fcc7a5ad6,ambulatory,185349003,Encounter for check up,78d48f1d-87a4-412c-8e4a-50f91372731e,Olokuta Health Center
63664ea4-a14d-4bd2-5c6f-c7366ee8d000,1624343640437,,13bbe6f5-73c7-611c-d2ee-744fcc7a5ad6,ambulatory,162673000,General examination of patient,78d48f1d-87a4-412c-8e4a-50f91372731e,Olokuta Health Center
b699e998-10f5-2b55-6a77-d8fea87cebda,1624651836009,,13bbe6f5-73c7-611c-d2ee-744fcc7a5ad6,ambulatory,185349003,Encounter for check up,78d48f1d-87a4-412c-8e4a-50f91372731e,Olokuta Health Center
32a104a1-52f1-2afd-ba63-3199f9a6b0f5,1655901240437,,13bbe6f5-73c7-611c-d2ee-744fcc7a5ad6,ambulatory,162673000,General examination of patient,78d48f1d-87a4-412c-8e4a-50f91372731e,Olokuta Health Center
cf1d66c4-d1ef-80be-3a82-8a45783f2990,1687458840437,,13bbe6f5-73c7-611c-d2ee-744fcc7a5ad6,ambulatory,162673000,General examination of patient,78d48f1d-87a4-412c-8e4a-50f91372731e,Olokuta Health Center
3dbcca52-f076-f532-8b11-6308f5a4cf8c,1720018018042,,13bbe6f5-73c7-611c-d2ee-744fcc7a5ad6,ambulatory,185349003,Encounter for check up,78d48f1d-87a4-412c-8e4a-50f91372731e,Olokuta Health Center
65dd7999-7e37-010f-fb43-2876f154c0d0,1750574040437,,13bbe6f5-73c7-611c-d2ee-744fcc7a5ad6,ambulatory,162673000,General examination of patient,78d48f1d-87a4-412c-8e4a-50f91372731e,Olokuta Health Center
9f7709e2-c48a-ac1e-5612-0ce3ec0dbf0f,1782131640437,,13bbe6f5-73c7-611c-d2ee-744fcc7a5ad6,ambulatory,162673000,General examination of patient,78d48f1d-87a4-412c-8e4a-50f91372731e,Olokuta Health Center
7c969e3b-4722-fb78-d7ed-7039ad2926c4,1540538955746,,10469114-aa41-bb4b-cf21-886b9a41242a,ambulatory,162673000,General examination of patient (procedure),9677c10d-457f-40da-858a-c73ba44623b4,Kuelu Ilobu Primary Health Center
6b47edaa-4ce8-8922-c639-5ef8ebb1cb0d,1540538955746,,10469114-aa41-bb4b-cf21-886b9a41242a,ambulatory,185349003,Encounter for check up,9677c10d-457f-40da-858a-c73ba44623b4,Kuelu Ilobu Primary Health Center
e7547c3c-f5f0-6725-ab72-e1e37d17619f,1572508692909,,10469114-aa41-bb4b-cf21-886b9a41242a,ambulatory,185349003,Encounter for check up,9677c10d-457f-40da-858a-c73ba44623b4,Kuelu Ilobu Primary Health Center
e24f89e3-f8a6-92da-69de-9d73d870c98f,1573625751747,,10469114-aa41-bb4b-cf21-886b9a41242a,ambulatory,185349003,Encounter for check up (procedure),9677c10d-457f-40da-858a-c73ba44623b4,Kuelu Ilobu Primary Health Center
253e5ce3-5f51-f833-9eb0-4f0a5fd22a75,1603654155746,,10469114-aa41-bb4b-cf21-886b9a41242a,ambulatory,162673000,General examination of patient,9677c10d-457f-40da-858a-c73ba44623b4,Kuelu Ilobu Primary Health Center
c306d399-2147-a904-a465-73bb981f157b,1604402051493,,10469114-aa41-bb4b-cf21-886b9a41242a,ambulatory,185349003,Encounter for check up,9677c10d-457f-40da-858a-c73ba44623b4,Kuelu Ilobu Primary Health Center
54b414ac-e11a-aeb3-9333-fba411d6029b,1635211755746,,10469114-aa41-bb4b-cf21-886b9a41242a,ambulatory,162673000,General examination of patient,9677c10d-457f-40da-858a-c73ba44623b4,Kuelu Ilobu Primary Health Center
c79155fe-5798-d1ac-d6bd-4c63a2eec52b,1635211755746,,10469114-aa41-bb4b-cf21-886b9a41242a,ambulatory,185349003,Encounter for check up,9677c10d-457f-40da-858a-c73ba44623b4,Kuelu Ilobu Primary Health Center
52dd277e-3d21-21bc-eca4-3176e0a56776,1636325540750,,10469114-aa41-bb4b-cf21-886b9a41242a,ambulatory,185349003,Encounter for check up,9677c10d-457f-40da-858a-c73ba44623b4,Kuelu Ilobu Primary Health Center
075b4de6-0d89-9430-746f-f535de5728b9,1666769355746,,10469114-aa41-bb4b-cf21-886b9a41242a,ambulatory,162673000,General examination of patient,9677c10d-457f-40da-858a-c73ba44623b4,Kuelu Ilobu Primary Health Center
1a87bad2-569d-63eb-a84d-0041eccf6838,1698326955746,,10469114-aa41-bb4b-cf21-886b9a41242a,ambulatory,162673000,General examination of patient,9677c10d-457f-40da-858a-c73ba44623b4,Kuelu Ilobu Primary Health Center
bc6ac662-7bdd-dbc1-b2dd-a7d96e02ad98,-757811390962,,a241f65b-3b83-efba-7cb1-fae2a3dab512,ambulatory,162673000,General examination of patient (procedure),748bc9dc-848e-45d6-b3e3-ad85b82a3d3f,Emmanuel General Hospital
ed9ae573-96be-829f-39b4-fa960eb76b7b,-757811390962,,a241f65b-3b83-efba-7cb1-fae2a3dab512,ambulatory,185349003,Encounter for check up,748bc9dc-848e-45d6-b3e3-ad85b82a3d3f,Emmanuel General Hospital
4e468115-cf1a-260f-ef0e-e92bf904a756,-726253790962,,a241f65b-3b83-efba-7cb1-fae2a3dab512,ambulatory,162673000,General examination of patient,748bc9dc-848e-45d6-b3e3-ad85b82a3d3f,Emmanuel General Hospital
2c6b60d2-a765-6dee-c0d2-2082cce66358,-725650746873,,a241f65b-3b83-efba-7cb1-fae2a3dab512,ambulatory,185349003,Encounter for check up,748bc9dc-848e-45d6-b3e3-ad85b82a3d3f,Emmanuel General Hospital
a2ea5132-0765-1773-8fd9-81141836d252,-693777710347,,a241f65b-3b83-efba-7cb1-fae2a3dab512,ambulatory,185349003,Encounter for check up,748bc9dc-848e-45d6-b3e3-ad85b82a3d3f,Emmanuel General Hospital
d351aed0-2cf6-7063-dfde-137eced74611,-663138590962,,a241f65b-3b83-efba-7cb1-fae2a3dab512,ambulatory,162673000,General examination of patient,748bc9dc-848e-45d6-b3e3-ad85b82a3d3f,Emmanuel General Hospital
261c0279-a76e-2e22-afce-08d33d79121c,-661841982851,,a241f65b-3b83-efba-7cb1-fae2a3dab512,ambulatory,185349003,Encounter for check up,748bc9dc-848e-45d6-b3e3-ad85b82a3d3f,Emmanuel General Hospital
c0fef622-9df4-65f6-77af-ff4b8bba071f,-600023390962,,a241f65b-3b83-efba-7cb1-fae2a3dab512,ambulatory,162673000,General examination of patient,748bc9dc-848e-45d6-b3e3-ad85b82a3d3f,Emmanuel General Hospital
b85ad95c-d256-0d9f-639f-8f5e3bbe7da3,-568465790962,,a241f65b-3b83-efba-7cb1-fae2a3dab512,ambulatory,162673000,General examination of patient,748bc9dc-848e-45d6-b3e3-ad85b82a3d3f,Emmanuel General Hospital
44d3f69a-e1d4-1e00-7a83-b4a2a0dd09a6,-473792990962,,a241f65b-3b83-efba-7cb1-fae2a3dab512,ambulatory,162673000,General examination of patient,748bc9dc-848e-45d6-b3e3-ad85b82a3d3f,Emmanuel General Hospital
b07c3027-d175-8d97-fa2b-24cfbe9f36bf,-379120190962,,a241f65b-3b83-efba-7cb1-fae2a3dab512,ambulatory,162673000,General examination of patient,748bc9dc-848e-45d6-b3e3-ad85b82a3d3f,Emmanuel General Hospital
1596bc40-e3f6-69e1-197d-65d79359539c,-347562590962,,a241f65b-3b83-efba-7cb1-fae2a3dab512,ambulatory,162673000,General examination of patient,748bc9dc-848e-45d6-b3e3-ad85b82a3d3f,Emmanuel General Hospital
7ad67fbb-2946-c379-a6c6-5d6efd660dea,-284447390962,,a241f65b-3b83-efba-7cb1-fae2a3dab512,ambulatory,162673000,General examination of patient,748bc9dc-848e-45d6-b3e3-ad85b82a3d3f,Emmanuel General Hospital
0330456e-5442-34d7-057c-634fc312033a,-189774590962,,a241f65b-3b83-efba-7cb1-fae2a3dab512,ambulatory,162673000,General examination of patient,748bc9dc-848e-45d6-b3e3-ad85b82a3d3f,Emmanuel General Hospital
710dd1f7-a2a8-c218-aaeb-8dc9e45f05ad,-126659390962,,a241f65b-3b83-efba-7cb1-fae2a3dab512,ambulatory,162673000,General examination of patient,748bc9dc-848e-45d6-b3e3-ad85b82a3d3f,Emmanuel General Hospital
b7eb2c18-61f7-0407-6782-6cadda0b14f2,-95101790962,,a241f65b-3b83-efba-7cb1-fae2a3dab512,ambulatory,162673000,General examination of patient,748bc9dc-848e-45d6-b3e3-ad85b82a3d3f,Emmanuel General Hospital
c5f1a79f-c164-758e-43d7-b96f525af323,-63544190962,,a241f65b-3b83-efba-7cb1-fae2a3dab512,ambulatory,162673000,General examination of patient,748bc9dc-848e-45d6-b3e3-ad85b82a3d3f,Emmanuel General Hospital
b8e4d839-9911-4b41-9be0-e2bdedcb4e92,31128609038,,a241f65b-3b83-efba-7cb1-fae2a3dab512,ambulatory,162673000,General examination of patient,748bc9dc-848e-45d6-b3e3-ad85b82a3d3f,Emmanuel General Hospital
90575f15-cfcc-4513-0cff-cc49c27bfec1,188916609038,,a241f65b-3b83-efba-7cb1-fae2a3dab512,ambulatory,162673000,General examination of patient,748bc9dc-848e-45d6-b3e3-ad85b82a3d3f,Emmanuel General Hospital
3671e38c-4709-577b-cad0-0165c958ad73,220474209038,,a241f65b-3b83-efba-7cb1-fae2a3dab512,ambulatory,162673000,General examination of patient,748bc9dc-848e-45d6-b3e3-ad85b82a3d3f,Emmanuel General Hospital
af91ea57-a172-12d8-5c7a-e1cf53d99109,346704609038,,a241f65b-3b83-efba-7cb1-fae2a3dab512,ambulatory,162673000,General examination of patient,748bc9dc-848e-45d6-b3e3-ad85b82a3d3f,Emmanuel General Hospital
31edb94a-21a4-f8a4-4336-4d1d388e639b,472935009038,,a241f65b-3b83-efba-7cb1-fae2a3dab512,ambulatory,162673000,General examination of patient,748bc9dc-848e-45d6-b3e3-ad85b82a3d3f,Emmanuel General Hospital
9be5b989-6ea7-4026-c943-20775e4b6058,504492609038,,a241f65b-3b83-efba-7cb1-fae2a3dab512,ambulatory,162673000,General examination of patient,748bc9dc-848e-45d6-b3e3-ad85b82a3d3f,Emmanuel General Hospital
31d25d2f-a2c8-6dff-0d7a-969ebf201e19,536050209038,,a241f65b-3b83-efba-7cb1-fae2a3dab512,ambulatory,162673000,General examination of patient,748bc9dc-848e-45d6-b3e3-ad85b82a3d3f,Emmanuel General Hospital
e84dc069-768b-6790-d4fa-9f8991a07608,630723009038,,a241f65b-3b83-efba-7cb1-fae2a3dab512,ambulatory,162673000,General examination of patient,748bc9dc-848e-45d6-b3e3-ad85b82a3d3f,Emmanuel General Hospital
56033f8f-b8c1-2bed-5994-f9259e85f8b5,662280609038,,a241f65b-3b83-efba-7cb1-fae2a3dab512,ambulatory,162673000,General examination of patient,748bc9dc-848e-45d6-b3e3-ad85b82a3d3f,Emmanuel General Hospital
d0be905f-508e-8940-d628-e798aab05262,725395809038,,a241f65b-3b83-efba-7cb1-fae2a3dab512,ambulatory,162673000,General examination of patient,748bc9dc-848e-45d6-b3e3-ad85b82a3d3f,Emmanuel General Hospital
c200c6a0-6455-a1e6-c9a9-8897edfbf07b,756953409038,,a241f65b-3b83-efba-7cb1-fae2a3dab512,ambulatory,162673000,General examination of patient,748bc9dc-848e-45d6-b3e3-ad85b82a3d3f,Emmanuel General Hospital
d13cb3ab-11d8-f5f3-4909-f9801440fb0c,788511009038,,a241f65b-3b83-efba-7cb1-fae2a3dab512,ambulatory,162673000,General examination of patient,748bc9dc-848e-45d6-b3e3-ad85b82a3d3f,Emmanuel General Hospital
767531e7-5350-3923-f886-19e107a742c3,851626209038,,a241f65b-3b83-efba-7cb1-fae2a3dab512,ambulatory,162673000,General examination of patient,748bc9dc-848e-45d6-b3e3-ad85b82a3d3f,Emmanuel General Hospital
58629fae-fda2-0935-1e72-c3e8c6ad61e8,883183809038,,a241f65b-3b83-efba-7cb1-fae2a3dab512,ambulatory,162673000,General examination of patient,748bc9dc-848e-45d6-b3e3-ad85b82a3d3f,Emmanuel General Hospital
deb836ab-a03c-ced1-02c5-438b6d1bacba,946299009038,,a241f65b-3b83-efba-7cb1-fae2a3dab512,ambulatory,162673000,General examination of patient,748bc9dc-848e-45d6-b3e3-ad85b82a3d3f,Emmanuel General Hospital
9f5eb3cf-8a55-967b-509b-c76bb1d2caa0,977856609038,,a241f65b-3b83-efba-7cb1-fae2a3dab512,ambulatory,162673000,General examination of patient,748bc9dc-848e-45d6-b3e3-ad85b82a3d3f,Emmanuel General Hospital
fdebfe14-6eca-b963-04de-4fab7fc06cc9,1262112609038,,a241f65b-3b83-efba-7cb1-fae2a3dab512,emergency,50849002,Emergency room admission,748bc9dc-848e-45d6-b3e3-ad85b82a3d3f,Emmanuel General Hospital
270543e5-bdf3-c47e-5ed1-2bf7d2b25679,1294623323023,,a241f65b-3b83-efba-7cb1-fae2a3dab512,ambulatory,185349003,Encounter for check up,748bc9dc-848e-45d6-b3e3-ad85b82a3d3f,Emmanuel General Hospital
3be2dd2b-9a79-9ab2-ff21-ff4163cd92a3,1324990209038,,a241f65b-3b83-efba-7cb1-fae2a3dab512,ambulatory,162673000,General examination of patient,748bc9dc-848e-45d6-b3e3-ad85b82a3d3f,Emmanuel General Hospital
97bc7ea9-ac48-8985-c697-2c16dc95821b,1327328280919,,a241f65b-3b83-efba-7cb1-fae2a3dab512,ambulatory,185349003,Encounter for check up,748bc9dc-848e-45d6-b3e3-ad85b82a3d3f,Emmanuel General Hospital
2334572c-a616-b35a-e9b5-dab2bb7f6016,1356547809038,,a241f65b-3b83-efba-7cb1-fae2a3dab512,ambulatory,162673000,General examination of patient,748bc9dc-848e-45d6-b3e3-ad85b82a3d3f,Emmanuel General Hospital
68ad3903-33af-0efe-f681-3efc5da06340,1359777831560,,a241f65b-3b83-efba-7cb1-fae2a3dab512,ambulatory,185349003,Encounter for check up,748bc9dc-848e-45d6-b3e3-ad85b82a3d3f,Emmanuel General Hospital
c8429d00-1439-f423-4f6f-ae8e67059a13,1388105409038,,a241f65b-3b83-efba-7cb1-fae2a3dab512,ambulatory,162673000,General examination of patient,748bc9dc-848e-45d6-b3e3-ad85b82a3d3f,Emmanuel General Hospital
cd15d507-7883-6b09-d560-5b63b3a2ddb1,1392153997838,,a241f65b-3b83-efba-7cb1-fae2a3dab512,ambulatory,185349003,Encounter for check up,748bc9dc-848e-45d6-b3e3-ad85b82a3d3f,Emmanuel General Hospital
824b771e-b030-5abc-f6d2-5adf6d2a5a23,1482778209038,,a241f65b-3b83-efba-7cb1-fae2a3dab512,ambulatory,162673000,General examination of patient,748bc9dc-848e-45d6-b3e3-ad85b82a3d3f,Emmanuel General Hospital
56db14c8-c4b3-3c61-54d5-055d5e0dccd1,1545893409038,,a241f65b-3b83-efba-7cb1-fae2a3dab512,ambulatory,162673000,General examination of patient,748bc9dc-848e-45d6-b3e3-ad85b82a3d3f,Emmanuel General Hospital
e33565ed-4521-4fe8-39ac-58ded951871a,1577451009038,,a241f65b-3b83-efba-7cb1-fae2a3dab512,ambulatory,162673000,General examination of patient,748bc9dc-848e-45d6-b3e3-ad85b82a3d3f,Emmanuel General Hospital
3c9c4c03-30f9-a6e9-b4fd-79d82b6f1abf,1614126698175,,a241f65b-3b83-efba-7cb1-fae2a3dab512,ambulatory,185349003,Encounter for check up,748bc9dc-848e-45d6-b3e3-ad85b82a3d3f,Emmanuel General Hospital
7fed8555-a2ca-a957-2c33-de89c9e0fa93,1640566209038,,a241f65b-3b83-efba-7cb1-fae2a3dab512,ambulatory,162673000,General examination of patient,748bc9dc-848e-45d6-b3e3-ad85b82a3d3f,Emmanuel General Hospital
ce705a25-5a79-3410-e26f-a0f61217352c,1672123809038,,a241f65b-3b83-efba-7cb1-fae2a3dab512,ambulatory,162673000,General examination of patient,748bc9dc-848e-45d6-b3e3-ad85b82a3d3f,Emmanuel General Hospital
5bb66184-1a45-57e8-7c6d-ae82a529849c,1678399300846,,a241f65b-3b83-efba-7cb1-fae2a3dab512,ambulatory,185349003,Encounter for check up,748bc9dc-848e-45d6-b3e3-ad85b82a3d3f,Emmanuel General Hospital
e38b3aed-3427-35fe-a502-d1f455790c64,1703681409038,,a241f65b-3b83-efba-7cb1-fae2a3dab512,ambulatory,162673000,General examination of patient,748bc9dc-848e-45d6-b3e3-ad85b82a3d3f,Emmanuel General Hospital
0ef5ec8c-eb53-36bf-4763-d4d9aeabf772,1766796609038,,a241f65b-3b83-efba-7cb1-fae2a3dab512,ambulatory,162673000,General examination of patient,748bc9dc-848e-45d6-b3e3-ad85b82a3d3f,Emmanuel General Hospital
cae09d7c-7347-975f-c11a-aaf8520c0948,511688462510,,005930e5-ea17-3caf-0108-c7f9fe8d38fe,ambulatory,162673000,General examination of patient (procedure),1d53cd5a-c093-46d4-b235-496e906166fb,Oba Adenle Memorial Hospital
20cadda4-9866-83e6-6124-953967dd2a9d,511688462510,,005930e5-ea17-3caf-0108-c7f9fe8d38fe,emergency,50849002,Emergency room admission,1d53cd5a-c093-46d4-b235-496e906166fb,Oba Adenle Memorial Hospital
29957a56-6130-e37a-4cf5-a66c15e20fa8,574803662510,,005930e5-ea17-3caf-0108-c7f9fe8d38fe,ambulatory,162673000,General examination of patient,1d53cd5a-c093-46d4-b235-496e906166fb,Oba Adenle Memorial Hospital
114d2e19-b4fa-4fcd-92b2-9e49117f0399,606710088288,,005930e5-ea17-3caf-0108-c7f9fe8d38fe,ambulatory,185349003,Encounter for check up,1d53cd5a-c093-46d4-b235-496e906166fb,Oba Adenle Memorial Hospital
5dbdff69-e351-5c02-840a-dd336daec11b,701034062510,,005930e5-ea17-3caf-0108-c7f9fe8d38fe,ambulatory,162673000,General examination of patient,1d53cd5a-c093-46d4-b235-496e906166fb,Oba Adenle Memorial Hospital
573811ea-b388-f93b-cc19-0e033134e36a,732591662510,,005930e5-ea17-3caf-0108-c7f9fe8d38fe,ambulatory,162673000,General examination of patient,1d53cd5a-c093-46d4-b235-496e906166fb,Oba Adenle Memorial Hospital
5ccd49c0-d8f7-3a48-2b2c-9ae3adab9ee7,795706862510,,005930e5-ea17-3caf-0108-c7f9fe8d38fe,ambulatory,162673000,General examination of patient,1d53cd5a-c093-46d4-b235-496e906166fb,Oba Adenle Memorial Hospital
93614e7a-173c-88d7-1118-885426270b83,858822062510,,005930e5-ea17-3caf-0108-c7f9fe8d38fe,ambulatory,162673000,General examination of patient,1d53cd5a-c093-46d4-b235-496e906166fb,Oba Adenle Memorial Hospital
0a79ac32-f4df-137b-d1d9-e130b965eedc,858822062510,,005930e5-ea17-3caf-0108-c7f9fe8d38fe,emergency,50849002,Emergency room admission,1d53cd5a-c093-46d4-b235-496e906166fb,Oba Adenle Memorial Hospital
ccfb0036-02eb-3003-7d7d-db77111e239f,1567108514607,,688568b9-aca5-732e-4892-66e8f0be88c2,ambulatory,162673000,General examination of patient,70a842c7-42f8-49e2-87a4-bc1091b4e059,Ayegbogbo Primary Health Center
c08b3848-051c-c6c6-0679-2f23a35df9c3,1567108514607,,688568b9-aca5-732e-4892-66e8f0be88c2,ambulatory,185349003,Encounter for check up,70a842c7-42f8-49e2-87a4-bc1091b4e059,Ayegbogbo Primary Health Center
2219fc09-7b45-856e-9ea6-2e46dc70f15d,1599270838948,,688568b9-aca5-732e-4892-66e8f0be88c2,ambulatory,185349003,Encounter for check up,70a842c7-42f8-49e2-87a4-bc1091b4e059,Ayegbogbo Primary Health Center
ee70bb81-5b73-123c-3d23-5007ea4f0c08,1630223714607,,688568b9-aca5-732e-4892-66e8f0be88c2,ambulatory,162673000,General examination of patient,70a842c7-42f8-49e2-87a4-bc1091b4e059,Ayegbogbo Primary Health Center
e28a07bb-6cb6-0ab2-8f85-bbb2335b1cf3,1662963175478,,688568b9-aca5-732e-4892-66e8f0be88c2,ambulatory,185349003,Encounter for check up,70a842c7-42f8-49e2-87a4-bc1091b4e059,Ayegbogbo Primary Health Center
e0c42aac-8002-b892-99fe-6feff25d406a,1693338914607,,688568b9-aca5-732e-4892-66e8f0be88c2,ambulatory,162673000,General examination of patient,70a842c7-42f8-49e2-87a4-bc1091b4e059,Ayegbogbo Primary Health Center
e180fc0d-678a-3e44-bd74-598d96b3dcf6,1724896514607,,688568b9-aca5-732e-4892-66e8f0be88c2,ambulatory,162673000,General examination of patient,70a842c7-42f8-49e2-87a4-bc1091b4e059,Ayegbogbo Primary Health Center
84651516-68c1-252d-9e20-2f2b701b17d7,-406417978161,,8d88910c-910c-a04d-f972-db24a54d1c8b,ambulatory,162673000,General examination of patient,dbcc6455-6e28-4202-b9ec-2473b2b3d997,Ope Olu Maternity Home
a1c158a2-0e50-f956-7bc5-e5ddc92f051d,-406417978161,,8d88910c-910c-a04d-f972-db24a54d1c8b,ambulatory,185349003,Encounter for check up,dbcc6455-6e28-4202-b9ec-2473b2b3d997,Ope Olu Maternity Home
d8312215-416d-d859-8792-d0606070320f,-343302778161,,8d88910c-910c-a04d-f972-db24a54d1c8b,ambulatory,162673000,General examination of patient,dbcc6455-6e28-4202-b9ec-2473b2b3d997,Ope Olu Maternity Home
ba1b3c39-4917-67c2-e23b-c11623bb4a49,-342951809687,,8d88910c-910c-a04d-f972-db24a54d1c8b,ambulatory,185349003,Encounter for check up,dbcc6455-6e28-4202-b9ec-2473b2b3d997,Ope Olu Maternity Home
5248adbb-92be-07ed-c4da-8232e669d1f4,-311745178161,,8d88910c-910c-a04d-f972-db24a54d1c8b,ambulatory,162673000,General examination of patient,dbcc6455-6e28-4202-b9ec-2473b2b3d997,Ope Olu Maternity Home
6c91f820-53bc-8c7a-1172-309ba24e819f,-311745178161,,8d88910c-910c-a04d-f972-db24a54d1c8b,emergency,50849002,Emergency room admission,dbcc6455-6e28-4202-b9ec-2473b2b3d997,Ope Olu Maternity Home
31306edb-2d45-9cc1-eac1-123849c48dde,-311134701863,,8d88910c-910c-a04d-f972-db24a54d1c8b,emergency,50849002,Emergency room admission,dbcc6455-6e28-4202-b9ec-2473b2b3d997,Ope Olu Maternity Home
439ee92c-a3bd-d742-a661-7c4508a9e19d,-280187578161,,8d88910c-910c-a04d-f972-db24a54d1c8b,ambulatory,162673000,General examination of patient,dbcc6455-6e28-4202-b9ec-2473b2b3d997,Ope Olu Maternity Home
775be068-18b2-d71c-b8ca-4e9035a98f08,-248629978161,,8d88910c-910c-a04d-f972-db24a54d1c8b,ambulatory,162673000,General examination of patient,dbcc6455-6e28-4202-b9ec-2473b2b3d997,Ope Olu Maternity Home
d5f3931b-9d51-a2d7-5a27-f808b90472e3,-248008376082,,8d88910c-910c-a04d-f972-db24a54d1c8b,ambulatory,185349003,Encounter for check up,dbcc6455-6e28-4202-b9ec-2473b2b3d997,Ope Olu Maternity Home
3a83d3f9-caad-7a58-44f9-439219b74b6d,-217072378161,,8d88910c-910c-a04d-f972-db24a54d1c8b,ambulatory,162673000,General examination of patient,dbcc6455-6e28-4202-b9ec-2473b2b3d997,Ope Olu Maternity Home
4ff5fe44-0a32-fc24-99a5-211a0103f580,-153957178161,,8d88910c-910c-a04d-f972-db24a54d1c8b,ambulatory,162673000,General examination of patient,dbcc6455-6e28-4202-b9ec-2473b2b3d997,Ope Olu Maternity Home
5d60220e-9fed-f381-561f-c5984376b122,-90841978161,,8d88910c-910c-a04d-f972-db24a54d1c8b,ambulatory,162673000,General examination of patient,dbcc6455-6e28-4202-b9ec-2473b2b3d997,Ope Olu Maternity Home
87f40b2f-9ccf-64fa-fdc7-a9bf7ef81184,-89296787193,,8d88910c-910c-a04d-f972-db24a54d1c8b,ambulatory,185349003,Encounter for check up,dbcc6455-6e28-4202-b9ec-2473b2b3d997,Ope Olu Maternity Home
cc1f0de3-4331-0c89-214f-cea619970c97,98503621839,,8d88910c-910c-a04d-f972-db24a54d1c8b,ambulatory,162673000,General examination of patient,dbcc6455-6e28-4202-b9ec-2473b2b3d997,Ope Olu Maternity Home
062339a5-e3a7-6707-be3a-a749a01d191a,193176421839,,8d88910c-910c-a04d-f972-db24a54d1c8b,ambulatory,162673000,General examination of patient,dbcc6455-6e28-4202-b9ec-2473b2b3d997,Ope Olu Maternity Home
88ba0b85-d2b8-d39e-a072-903b29324fa5,224734021839,,8d88910c-910c-a04d-f972-db24a54d1c8b,ambulatory,162673000,General examination of patient,dbcc6455-6e28-4202-b9ec-2473b2b3d997,Ope Olu Maternity Home
dfbd1257-a314-7c17-5eb9-4afaadb145de,319406821839,,8d88910c-910c-a04d-f972-db24a54d1c8b,ambulatory,162673000,General examination of patient,dbcc6455-6e28-4202-b9ec-2473b2b3d997,Ope Olu Maternity Home
a2992665-12cd-ea34-d65d-fde6b846a7a8,350964421839,,8d88910c-910c-a04d-f972-db24a54d1c8b,ambulatory,162673000,General examination of patient,dbcc6455-6e28-4202-b9ec-2473b2b3d997,Ope Olu Maternity Home
7b9ef6f4-4018-4f05-60b1-ef808af63811,382522021839,,8d88910c-910c-a04d-f972-db24a54d1c8b,ambulatory,162673000,General examination of patient,dbcc6455-6e28-4202-b9ec-2473b2b3d997,Ope Olu Maternity Home
a39b43e0-d149-e1df-0ce9-8598c7e814e3,477194821839,,8d88910c-910c-a04d-f972-db24a54d1c8b,ambulatory,162673000,General examination of patient,dbcc6455-6e28-4202-b9ec-2473b2b3d997,Ope Olu Maternity Home
0258efc0-eb6c-4db5-bedc-ae2876f714b9,508752421839,,8d88910c-910c-a04d-f972-db24a54d1c8b,ambulatory,162673000,General examination of patient,dbcc6455-6e28-4202-b9ec-2473b2b3d997,Ope Olu Maternity Home
eef82f48-33d0-26ca-20d4-ac95b6360735,540310021839,,8d88910c-910c-a04d-f972-db24a54d1c8b,ambulatory,162673000,General examination of patient,dbcc6455-6e28-4202-b9ec-2473b2b3d997,Ope Olu Maternity Home
92294ee5-e8cc-7d4a-428f-a78ba9ccdb8e,571867621839,,8d88910c-910c-a04d-f972-db24a54d1c8b,ambulatory,162673000,General examination of patient,dbcc6455-6e28-4202-b9ec-2473b2b3d997,Ope Olu Maternity Home
cccd6aba-dde8-5be4-e0a9-12ff08097ef5,729655621839,,8d88910c-910c-a04d-f972-db24a54d1c8b,ambulatory,162673000,General examination of patient,dbcc6455-6e28-4202-b9ec-2473b2b3d997,Ope Olu Maternity Home
448c88d0-067e-bb79-87be-d228fcf90132,761213221839,,8d88910c-910c-a04d-f972-db24a54d1c8b,ambulatory,162673000,General examination of patient,dbcc6455-6e28-4202-b9ec-2473b2b3d997,Ope Olu Maternity Home
92a5bb9e-6073-dfb4-fb18-ee9c9c47e7c1,792770821839,,8d88910c-910c-a04d-f972-db24a54d1c8b,ambulatory,162673000,General examination of patient,dbcc6455-6e28-4202-b9ec-2473b2b3d997,Ope Olu Maternity Home
f0fac9d3-68ab-d36f-bb31-7d08ab2a7b30,824328421839,,8d88910c-910c-a04d-f972-db24a54d1c8b,ambulatory,162673000,General examination of patient,dbcc6455-6e28-4202-b9ec-2473b2b3d997,Ope Olu Maternity Home
f165348d-7264-9e67-26b1-7a36a4775604,887443621839,,8d88910c-910c-a04d-f972-db24a54d1c8b,ambulatory,162673000,General examination of patient,dbcc6455-6e28-4202-b9ec-2473b2b3d997,Ope Olu Maternity Home
44c7cd2a-377b-098e-dd92-b19527cac38e,919001221839,,8d88910c-910c-a04d-f972-db24a54d1c8b,ambulatory,162673000,General examination of patient,dbcc6455-6e28-4202-b9ec-2473b2b3d997,Ope Olu Maternity Home
7ff545a6-37bf-f54f-988d-90354aa99c0f,982116421839,,8d88910c-910c-a04d-f972-db24a54d1c8b,ambulatory,162673000,General examination of patient,dbcc6455-6e28-4202-b9ec-2473b2b3d997,Ope Olu Maternity Home
b8d458b6-8510-7e00-7f72-cf09d88cfbdf,1013674021839,,8d88910c-910c-a04d-f972-db24a54d1c8b,ambulatory,162673000,General examination of patient,dbcc6455-6e28-4202-b9ec-2473b2b3d997,Ope Olu Maternity Home
ed6df9d7-7b99-4efd-f277-55044dc29998,1045231621839,,8d88910c-910c-a04d-f972-db24a54d1c8b,ambulatory,162673000,General examination of patient,dbcc6455-6e28-4202-b9ec-2473b2b3d997,Ope Olu Maternity Home
2724226e-2830-a1cf-d843-9b8ac937e0f4,1076789221839,,8d88910c-910c-a04d-f972-db24a54d1c8b,ambulatory,162673000,General examination of patient,dbcc6455-6e28-4202-b9ec-2473b2b3d997,Ope Olu Maternity Home
6ae50af5-e9b4-921a-bbe1-d27965b5e344,1203019621839,,8d88910c-910c-a04d-f972-db24a54d1c8b,ambulatory,162673000,General examination of patient,dbcc6455-6e28-4202-b9ec-2473b2b3d997,Ope Olu Maternity Home
9c63e320-7f66-6120-f5ae-6370b2311452,1392365221839,,8d88910c-910c-a04d-f972-db24a54d1c8b,ambulatory,162673000,General examination of patient,dbcc6455-6e28-4202-b9ec-2473b2b3d997,Ope Olu Maternity Home
04f658d9-7c10-bd4a-0026-b512048c737e,1487038021839,,8d88910c-910c-a04d-f972-db24a54d1c8b,ambulatory,162673000,General examination of patient,dbcc6455-6e28-4202-b9ec-2473b2b3d997,Ope Olu Maternity Home
1931828f-91bf-c5b3-d0f4-2eca3eb98de2,1518595621839,,8d88910c-910c-a04d-f972-db24a54d1c8b,ambulatory,162673000,General examination of patient,dbcc6455-6e28-4202-b9ec-2473b2b3d997,Ope Olu Maternity Home
a8dc91b9-9dac-732e-1e81-4bf2d43164c1,1581710821839,,8d88910c-910c-a04d-f972-db24a54d1c8b,ambulatory,162673000,General examination of patient,dbcc6455-6e28-4202-b9ec-2473b2b3d997,Ope Olu Maternity Home
9355086b-d051-34b6-ac42-eecb4fda3333,1613268421839,,8d88910c-910c-a04d-f972-db24a54d1c8b,ambulatory,162673000,General examination of patient,dbcc6455-6e28-4202-b9ec-2473b2b3d997,Ope Olu Maternity Home
aa40f54f-a198-2f6a-e79c-1f1ae81b40cd,1644826021839,,8d88910c-910c-a04d-f972-db24a54d1c8b,ambulatory,162673000,General examination of patient,dbcc6455-6e28-4202-b9ec-2473b2b3d997,Ope Olu Maternity Home
63de819c-811b-8bfe-0074-bed999f9fd7d,1676383621839,,8d88910c-910c-a04d-f972-db24a54d1c8b,ambulatory,162673000,General examination of patient,dbcc6455-6e28-4202-b9ec-2473b2b3d997,Ope Olu Maternity Home
e3c78ea2-15ef-a84e-514c-2d55099a84cf,1676621221839,,8d88910c-910c-a04d-f972-db24a54d1c8b,ambulatory,185349003,Encounter for check up,dbcc6455-6e28-4202-b9ec-2473b2b3d997,Ope Olu Maternity Home
14f7e7fc-554e-3b6c-206d-babeec823642,1707941221839,,8d88910c-910c-a04d-f972-db24a54d1c8b,ambulatory,162673000,General examination of patient,dbcc6455-6e28-4202-b9ec-2473b2b3d997,Ope Olu Maternity Home
683fb2e6-7250-d47b-3c75-ee89a00df228,1739498821839,,8d88910c-910c-a04d-f972-db24a54d1c8b,ambulatory,162673000,General examination of patient,dbcc6455-6e28-4202-b9ec-2473b2b3d997,Ope Olu Maternity Home
a2876082-1b10-6406-eb79-23c487d18950,-296635069982,,d9c3c3e7-1181-e7de-2307-83fe3018f1f5,ambulatory,162673000,General examination of patient,d222c5be-261a-44c9-b13d-797b83d60f71,Madel Primary Health Center
0fbbbb71-65cc-fde5-9aa8-afe3ecd2ae81,-296635069982,,d9c3c3e7-1181-e7de-2307-83fe3018f1f5,ambulatory,185349003,Encounter for check up,d222c5be-261a-44c9-b13d-797b83d60f71,Madel Primary Health Center
421de1e4-9880-f58a-cb1a-39963d10c65e,-265077469982,,d9c3c3e7-1181-e7de-2307-83fe3018f1f5,ambulatory,162673000,General examination of patient,d222c5be-261a-44c9-b13d-797b83d60f71,Madel Primary Health Center
e1ddacc8-2db0-5e91-073e-937abb1068c7,-264778560242,,d9c3c3e7-1181-e7de-2307-83fe3018f1f5,ambulatory,185349003,Encounter for check up,d222c5be-261a-44c9-b13d-797b83d60f71,Madel Primary Health Center
62412a32-6171-a21a-f855-0cb6ed9a3497,-233519869982,,d9c3c3e7-1181-e7de-2307-83fe3018f1f5,ambulatory,162673000,General examination of patient,d222c5be-261a-44c9-b13d-797b83d60f71,Madel Primary Health Center
be2cbf13-d54c-9662-c50e-49772cbb9514,-232844369657,,d9c3c3e7-1181-e7de-2307-83fe3018f1f5,ambulatory,185349003,Encounter for check up,d222c5be-261a-44c9-b13d-797b83d60f71,Madel Primary Health Center
05cf6eeb-9f11-c405-0496-98f72431cb19,-201962269982,,d9c3c3e7-1181-e7de-2307-83fe3018f1f5,ambulatory,185349003,Encounter for check up,d222c5be-261a-44c9-b13d-797b83d60f71,Madel Primary Health Center
a74d8c75-441f-85da-3f70-ec8b37e6e8f8,-200695317624,,d9c3c3e7-1181-e7de-2307-83fe3018f1f5,ambulatory,185349003,Encounter for check up,d222c5be-261a-44c9-b13d-797b83d60f71,Madel Primary Health Center
8dcaba0b-60c0-385a-35e1-5334bb52b886,-138847069982,,d9c3c3e7-1181-e7de-2307-83fe3018f1f5,ambulatory,162673000,General examination of patient,d222c5be-261a-44c9-b13d-797b83d60f71,Madel Primary Health Center
8006e82a-7042-4c01-d530-a8d8b342fed6,50498530018,,d9c3c3e7-1181-e7de-2307-83fe3018f1f5,ambulatory,162673000,General examination of patient,d222c5be-261a-44c9-b13d-797b83d60f71,Madel Primary Health Center
9335209d-7351-24f0-195e-5b2c6624e9c8,82056130018,,d9c3c3e7-1181-e7de-2307-83fe3018f1f5,ambulatory,162673000,General examination of patient,d222c5be-261a-44c9-b13d-797b83d60f71,Madel Primary Health Center
aee48339-e33a-3abf-40cc-385c05b4fb6a,113613730018,,d9c3c3e7-1181-e7de-2307-83fe3018f1f5,ambulatory,162673000,General examination of patient,d222c5be-261a-44c9-b13d-797b83d60f71,Madel Primary Health Center
a4fed535-19d2-3160-0f11-71032274ab4b,176728930018,,d9c3c3e7-1181-e7de-2307-83fe3018f1f5,ambulatory,162673000,General examination of patient,d222c5be-261a-44c9-b13d-797b83d60f71,Madel Primary Health Center
b70b1172-0049-0340-0e39-ed7183203c7a,239844130018,,d9c3c3e7-1181-e7de-2307-83fe3018f1f5,ambulatory,162673000,General examination of patient,d222c5be-261a-44c9-b13d-797b83d60f71,Madel Primary Health Center
ca7be0f5-c36c-4326-7460-fd8b3ad44970,271401730018,,d9c3c3e7-1181-e7de-2307-83fe3018f1f5,ambulatory,162673000,General examination of patient,d222c5be-261a-44c9-b13d-797b83d60f71,Madel Primary Health Center
61d24c93-f035-2ef2-6f0a-efac2015e57a,302959330018,,d9c3c3e7-1181-e7de-2307-83fe3018f1f5,ambulatory,162673000,General examination of patient,d222c5be-261a-44c9-b13d-797b83d60f71,Madel Primary Health Center
8d423b71-6bcb-cd0b-b65c-a58bc5bb625f,334516930018,,d9c3c3e7-1181-e7de-2307-83fe3018f1f5,ambulatory,162673000,General examination of patient,d222c5be-261a-44c9-b13d-797b83d60f71,Madel Primary Health Center
f9fce1f0-e12f-39ec-293d-610329d4725c,366074530018,,d9c3c3e7-1181-e7de-2307-83fe3018f1f5,ambulatory,162673000,General examination of patient,d222c5be-261a-44c9-b13d-797b83d60f71,Madel Primary Health Center
0d01d544-d88a-ddb0-717e-94b8e5af5267,397632130018,,d9c3c3e7-1181-e7de-2307-83fe3018f1f5,ambulatory,162673000,General examination of patient,d222c5be-261a-44c9-b13d-797b83d60f71,Madel Primary Health Center
865f15e6-f2b2-2d2d-6c20-6d6b742bbf67,586977730018,,d9c3c3e7-1181-e7de-2307-83fe3018f1f5,ambulatory,162673000,General examination of patient,d222c5be-261a-44c9-b13d-797b83d60f71,Madel Primary Health Center
40c460d0-d0e5-8617-875e-1b29cdcbc953,650092930018,,d9c3c3e7-1181-e7de-2307-83fe3018f1f5,ambulatory,162673000,General examination of patient,d222c5be-261a-44c9-b13d-797b83d60f71,Madel Primary Health Center
8fbe554b-31e0-556d-336b-346188fc8617,744765730018,,d9c3c3e7-1181-e7de-2307-83fe3018f1f5,ambulatory,162673000,General examination of patient,d222c5be-261a-44c9-b13d-797b83d60f71,Madel Primary Health Center
c0efacea-92b0-e4fe-2705-9ba1d76f2834,807880930018,,d9c3c3e7-1181-e7de-2307-83fe3018f1f5,ambulatory,162673000,General examination of patient,d222c5be-261a-44c9-b13d-797b83d60f71,Madel Primary Health Center
33caac98-6826-b114-c2bf-b5028f1322c8,839438530018,,d9c3c3e7-1181-e7de-2307-83fe3018f1f5,ambulatory,162673000,General examination of patient,d222c5be-261a-44c9-b13d-797b83d60f71,Madel Primary Health Center
1d655df7-5f41-8a33-d741-6d359afd7726,902553730018,,d9c3c3e7-1181-e7de-2307-83fe3018f1f5,ambulatory,162673000,General examination of patient,d222c5be-261a-44c9-b13d-797b83d60f71,Madel Primary Health Center
ca656a91-d365-bbff-44fc-5a008a8053f5,934111330018,,d9c3c3e7-1181-e7de-2307-83fe3018f1f5,ambulatory,162673000,General examination of patient,d222c5be-261a-44c9-b13d-797b83d60f71,Madel Primary Health Center
07fa272d-59c3-5ec5-63a8-79668a501dd8,965668930018,,d9c3c3e7-1181-e7de-2307-83fe3018f1f5,ambulatory,162673000,General examination of patient,d222c5be-261a-44c9-b13d-797b83d60f71,Madel Primary Health Center
752b25c3-dba1-9be3-8d75-69b148177525,1060341730018,,d9c3c3e7-1181-e7de-2307-83fe3018f1f5,ambulatory,162673000,General examination of patient,d222c5be-261a-44c9-b13d-797b83d60f71,Madel Primary Health Center
0e8dd590-73ea-0995-01b8-c297ade97775,1091899330018,,d9c3c3e7-1181-e7de-2307-83fe3018f1f5,ambulatory,162673000,General examination of patient,d222c5be-261a-44c9-b13d-797b83d60f71,Madel Primary Health Center
d043eddc-6515-6b2e-8909-9f075927d425,1281244930018,,d9c3c3e7-1181-e7de-2307-83fe3018f1f5,ambulatory,162673000,General examination of patient,d222c5be-261a-44c9-b13d-797b83d60f71,Madel Primary Health Center
43dd8460-1e5e-deb0-c6a3-b56b605afe16,1375917730018,,d9c3c3e7-1181-e7de-2307-83fe3018f1f5,ambulatory,162673000,General examination of patient,d222c5be-261a-44c9-b13d-797b83d60f71,Madel Primary Health Center
ef0a31e2-5ffe-d4ee-29ba-afac390b963e,1439032930018,,d9c3c3e7-1181-e7de-2307-83fe3018f1f5,ambulatory,162673000,General examination of patient,d222c5be-261a-44c9-b13d-797b83d60f71,Madel Primary Health Center
5e9eb092-e232-7772-d1cb-12fb0c4e793a,1470590530018,,d9c3c3e7-1181-e7de-2307-83fe3018f1f5,ambulatory,162673000,General examination of patient,d222c5be-261a-44c9-b13d-797b83d60f71,Madel Primary Health Center
578edfc7-7f2c-54b7-609e-b1f4231bd838,1502148130018,,d9c3c3e7-1181-e7de-2307-83fe3018f1f5,ambulatory,162673000,General examination of patient,d222c5be-261a-44c9-b13d-797b83d60f71,Madel Primary Health Center
0c91af27-a5c4-6dbc-11ac-f237974b3eb6,1533705730018,,d9c3c3e7-1181-e7de-2307-83fe3018f1f5,ambulatory,162673000,General examination of patient,d222c5be-261a-44c9-b13d-797b83d60f71,Madel Primary Health Center
d28d7dbf-77e6-4a06-8ae8-fea71e1f85e7,1565263330018,,d9c3c3e7-1181-e7de-2307-83fe3018f1f5,ambulatory,162673000,General examination of patient,d222c5be-261a-44c9-b13d-797b83d60f71,Madel Primary Health Center
08257d5f-918a-605a-5cbb-23d25a331b72,1659936130018,,d9c3c3e7-1181-e7de-2307-83fe3018f1f5,ambulatory,162673000,General examination of patient,d222c5be-261a-44c9-b13d-797b83d60f71,Madel Primary Health Center
5ba8a174-f23e-5169-32a9-cd191b71a6b7,1786166530018,,d9c3c3e7-1181-e7de-2307-83fe3018f1f5,ambulatory,162673000,General examination of patient,d222c5be-261a-44c9-b13d-797b83d60f71,Madel Primary Health Center
470bb0cc-44a8-ad9c-ac18-0d3ade7130ba,912855118316,,38ebafa8-aae8-f809-ebff-578ea4eaf6f3,ambulatory,162673000,General examination of patient (procedure),ef3756f0-b5ab-47cc-93d3-bce6c68777fb,Moringbere MDGs Health Center
539b484f-4566-cbc1-3745-e1466a3130d0,912855118316,,38ebafa8-aae8-f809-ebff-578ea4eaf6f3,ambulatory,185349003,Encounter for check up,ef3756f0-b5ab-47cc-93d3-bce6c68777fb,Moringbere MDGs Health Center
46b05494-98e8-1960-a3b5-134954923163,944681574645,,38ebafa8-aae8-f809-ebff-578ea4eaf6f3,ambulatory,185349003,Encounter for check up,ef3756f0-b5ab-47cc-93d3-bce6c68777fb,Moringbere MDGs Health Center
a814e68d-9194-300d-4882-9b509e177199,975970318316,,38ebafa8-aae8-f809-ebff-578ea4eaf6f3,ambulatory,162673000,General examination of patient,ef3756f0-b5ab-47cc-93d3-bce6c68777fb,Moringbere MDGs Health Center
734b8ade-e6e1-40ae-7cac-8e639b1fa751,976587521036,,38ebafa8-aae8-f809-ebff-578ea4eaf6f3,ambulatory,185349003,Encounter for check up,ef3756f0-b5ab-47cc-93d3-bce6c68777fb,Moringbere MDGs Health Center
356e64cc-fa64-2dd0-4c1c-96ba6a35e455,1007527918316,,38ebafa8-aae8-f809-ebff-578ea4eaf6f3,ambulatory,162673000,General examination of patient,ef3756f0-b5ab-47cc-93d3-bce6c68777fb,Moringbere MDGs Health Center
8aba81ce-7ed6-0696-de70-6379f1e0998f,1008534550210,,38ebafa8-aae8-f809-ebff-578ea4eaf6f3,ambulatory,185349003,Encounter for check up,ef3756f0-b5ab-47cc-93d3-bce6c68777fb,Moringbere MDGs Health Center
5e755895-88da-ed52-3984-cabdaf97a67c,1070643118316,,38ebafa8-aae8-f809-ebff-578ea4eaf6f3,emergency,50849002,Emergency room admission,ef3756f0-b5ab-47cc-93d3-bce6c68777fb,Moringbere MDGs Health Center
ea73a0d0-dc21-0017-6d87-4c646153a45e,1102200718316,,38ebafa8-aae8-f809-ebff-578ea4eaf6f3,ambulatory,162673000,General examination of patient,ef3756f0-b5ab-47cc-93d3-bce6c68777fb,Moringbere MDGs Health Center
26f5de0b-5795-3a3e-96b0-736adef8d368,1133758318316,,38ebafa8-aae8-f809-ebff-578ea4eaf6f3,ambulatory,162673000,General examination of patient,ef3756f0-b5ab-47cc-93d3-bce6c68777fb,Moringbere MDGs Health Center
7ef8884b-d439-5c22-a963-2bc104a3774b,1165315918316,,38ebafa8-aae8-f809-ebff-578ea4eaf6f3,ambulatory,162673000,General examination of patient,ef3756f0-b5ab-47cc-93d3-bce6c68777fb,Moringbere MDGs Health Center
0e4e4087-6c8c-e307-3890-ddcdf1c81475,1196873518316,,38ebafa8-aae8-f809-ebff-578ea4eaf6f3,ambulatory,162673000,General examination of patient,ef3756f0-b5ab-47cc-93d3-bce6c68777fb,Moringbere MDGs Health Center
e63af546-8fa4-e130-8753-2f0d8e048a94,1228431118316,,38ebafa8-aae8-f809-ebff-578ea4eaf6f3,ambulatory,162673000,General examination of patient,ef3756f0-b5ab-47cc-93d3-bce6c68777fb,Moringbere MDGs Health Center
f25bcb77-a804-0ea2-3780-f3ddae19a946,1259988718316,,38ebafa8-aae8-f809-ebff-578ea4eaf6f3,ambulatory,162673000,General examination of patient,ef3756f0-b5ab-47cc-93d3-bce6c68777fb,Moringbere MDGs Health Center
ff7ca4d0-80dc-9443-dfd3-80cdeb040555,1292433658361,,38ebafa8-aae8-f809-ebff-578ea4eaf6f3,ambulatory,185349003,Encounter for check up,ef3756f0-b5ab-47cc-93d3-bce6c68777fb,Moringbere MDGs Health Center
893404c9-2183-49b4-2689-873bb8be1a06,1323103918316,,38ebafa8-aae8-f809-ebff-578ea4eaf6f3,ambulatory,162673000,General examination of patient,ef3756f0-b5ab-47cc-93d3-bce6c68777fb,Moringbere MDGs Health Center
6c718b49-02ea-9f3a-3fe5-ffdf19e7bc66,1354661518316,,38ebafa8-aae8-f809-ebff-578ea4eaf6f3,ambulatory,162673000,General examination of patient,ef3756f0-b5ab-47cc-93d3-bce6c68777fb,Moringbere MDGs Health Center
5105eca1-817f-9a72-88c4-78e38ac672ae,1386219118316,,38ebafa8-aae8-f809-ebff-578ea4eaf6f3,ambulatory,162673000,General examination of patient,ef3756f0-b5ab-47cc-93d3-bce6c68777fb,Moringbere MDGs Health Center
95a80f78-15ec-f48d-cc69-f6406e21d2c5,1417776718316,,38ebafa8-aae8-f809-ebff-578ea4eaf6f3,ambulatory,162673000,General examination of patient,ef3756f0-b5ab-47cc-93d3-bce6c68777fb,Moringbere MDGs Health Center
22a5d040-231e-6220-5a11-54816e327805,1449334318316,,38ebafa8-aae8-f809-ebff-578ea4eaf6f3,ambulatory,162673000,General examination of patient,ef3756f0-b5ab-47cc-93d3-bce6c68777fb,Moringbere MDGs Health Center
f14eab4b-8cde-c9c9-741e-2dc1fc01e9e3,1480891918316,,38ebafa8-aae8-f809-ebff-578ea4eaf6f3,ambulatory,162673000,General examination of patient,ef3756f0-b5ab-47cc-93d3-bce6c68777fb,Moringbere MDGs Health Center
b7ccc689-6997-0983-d931-02201deab2cb,1512449518316,,38ebafa8-aae8-f809-ebff-578ea4eaf6f3,ambulatory,162673000,General examination of patient,ef3756f0-b5ab-47cc-93d3-bce6c68777fb,Moringbere MDGs Health Center
71846316-b142-56b9-3bad-54a7da2368bb,1607122318316,,38ebafa8-aae8-f809-ebff-578ea4eaf6f3,ambulatory,162673000,General examination of patient,ef3756f0-b5ab-47cc-93d3-bce6c68777fb,Moringbere MDGs Health Center
84119826-60e0-f3df-dec9-727e579ec8c8,1638679918316,,38ebafa8-aae8-f809-ebff-578ea4eaf6f3,ambulatory,162673000,General examination of patient,ef3756f0-b5ab-47cc-93d3-bce6c68777fb,Moringbere MDGs Health Center
cf99f8a5-9177-f7ee-e10a-0f398680ffa2,1670237518316,,38ebafa8-aae8-f809-ebff-578ea4eaf6f3,ambulatory,162673000,General examination of patient,ef3756f0-b5ab-47cc-93d3-bce6c68777fb,Moringbere MDGs Health Center
e80b476a-c3bf-a820-dac3-35d15367078d,1701795118316,,38ebafa8-aae8-f809-ebff-578ea4eaf6f3,ambulatory,162673000,General examination of patient,ef3756f0-b5ab-47cc-93d3-bce6c68777fb,Moringbere MDGs Health Center
43e3104b-7e64-2352-eb08-95c98567ec43,-277954995491,,1968904e-4df0-66fb-06ea-7e8bff8127e1,ambulatory,162673000,General examination of patient,6632c9ee-fb87-4e62-985a-a74b1c551028,Oke Nisa Primary Health Center Ijebu Jesa
b0988cd2-f893-327e-960c-b46449ce44cf,-277954995491,,1968904e-4df0-66fb-06ea-7e8bff8127e1,ambulatory,185349003,Encounter for check up,6632c9ee-fb87-4e62-985a-a74b1c551028,Oke Nisa Primary Health Center Ijebu Jesa
a8b5323e-b3e1-8ebc-9fc4-5b26a5e35561,-246057790216,,1968904e-4df0-66fb-06ea-7e8bff8127e1,ambulatory,185349003,Encounter for check up,6632c9ee-fb87-4e62-985a-a74b1c551028,Oke Nisa Primary Health Center Ijebu Jesa
3de612af-ba8e-4a80-ce4e-cb4e30f999c5,-214839795491,,1968904e-4df0-66fb-06ea-7e8bff8127e1,ambulatory,162673000,General examination of patient,6632c9ee-fb87-4e62-985a-a74b1c551028,Oke Nisa Primary Health Center Ijebu Jesa
02cb7215-d981-cf5f-87a7-e49ee5a1c01d,-214129911052,,1968904e-4df0-66fb-06ea-7e8bff8127e1,ambulatory,185349003,Encounter for check up,6632c9ee-fb87-4e62-985a-a74b1c551028,Oke Nisa Primary Health Center Ijebu Jesa
6187473a-feaa-339d-5789-fbf23f42e580,-183282195491,,1968904e-4df0-66fb-06ea-7e8bff8127e1,ambulatory,185349003,Encounter for check up,6632c9ee-fb87-4e62-985a-a74b1c551028,Oke Nisa Primary Health Center Ijebu Jesa
35498874-8e18-8541-9ab2-ccd4a9f0ff3a,-182312959970,,1968904e-4df0-66fb-06ea-7e8bff8127e1,ambulatory,185349003,Encounter for check up,6632c9ee-fb87-4e62-985a-a74b1c551028,Oke Nisa Primary Health Center Ijebu Jesa
23795442-ccde-b5a7-957b-63c0c0229a55,-57051795491,,1968904e-4df0-66fb-06ea-7e8bff8127e1,ambulatory,162673000,General examination of patient,6632c9ee-fb87-4e62-985a-a74b1c551028,Oke Nisa Primary Health Center Ijebu Jesa
778ce491-a513-e954-036f-e1dd8373a528,100736204509,,1968904e-4df0-66fb-06ea-7e8bff8127e1,ambulatory,162673000,General examination of patient,6632c9ee-fb87-4e62-985a-a74b1c551028,Oke Nisa Primary Health Center Ijebu Jesa
c63c09d4-1e6d-3312-6449-1ac6679e0cf7,132293804509,,1968904e-4df0-66fb-06ea-7e8bff8127e1,ambulatory,162673000,General examination of patient,6632c9ee-fb87-4e62-985a-a74b1c551028,Oke Nisa Primary Health Center Ijebu Jesa
4ca5d338-7849-3c72-dfea-6ad90e6c04e1,195409004509,,1968904e-4df0-66fb-06ea-7e8bff8127e1,ambulatory,162673000,General examination of patient,6632c9ee-fb87-4e62-985a-a74b1c551028,Oke Nisa Primary Health Center Ijebu Jesa
a9a4258a-c1f1-55ae-4bba-48a45a1f6101,226966604509,,1968904e-4df0-66fb-06ea-7e8bff8127e1,ambulatory,162673000,General examination of patient,6632c9ee-fb87-4e62-985a-a74b1c551028,Oke Nisa Primary Health Center Ijebu Jesa
1d5d31a8-5f4d-f02f-de07-68d3040bccd3,258524204509,,1968904e-4df0-66fb-06ea-7e8bff8127e1,ambulatory,162673000,General examination of patient,6632c9ee-fb87-4e62-985a-a74b1c551028,Oke Nisa Primary Health Center Ijebu Jesa
6aad19da-fefc-3720-da13-45b30b4e6155,353197004509,,1968904e-4df0-66fb-06ea-7e8bff8127e1,ambulatory,162673000,General examination of patient,6632c9ee-fb87-4e62-985a-a74b1c551028,Oke Nisa Primary Health Center Ijebu Jesa
2a77b41c-bbe7-657d-1cca-7629771e7202,416312204509,,1968904e-4df0-66fb-06ea-7e8bff8127e1,ambulatory,162673000,General examination of patient,6632c9ee-fb87-4e62-985a-a74b1c551028,Oke Nisa Primary Health Center Ijebu Jesa
df6e21e0-db3e-b933-ae30-756e04402d5c,479427404509,,1968904e-4df0-66fb-06ea-7e8bff8127e1,ambulatory,162673000,General examination of patient,6632c9ee-fb87-4e62-985a-a74b1c551028,Oke Nisa Primary Health Center Ijebu Jesa
267c0123-dcb0-7c5d-1139-bc3a9404d8ef,510985004509,,1968904e-4df0-66fb-06ea-7e8bff8127e1,ambulatory,162673000,General examination of patient,6632c9ee-fb87-4e62-985a-a74b1c551028,Oke Nisa Primary Health Center Ijebu Jesa
6e2d78d0-c0e2-d8e5-4ad2-a19ee92c9047,700330604509,,1968904e-4df0-66fb-06ea-7e8bff8127e1,ambulatory,162673000,General examination of patient,6632c9ee-fb87-4e62-985a-a74b1c551028,Oke Nisa Primary Health Center Ijebu Jesa
7d5063c7-8b74-d82d-2ba5-eccc60d97b85,731888204509,,1968904e-4df0-66fb-06ea-7e8bff8127e1,ambulatory,162673000,General examination of patient,6632c9ee-fb87-4e62-985a-a74b1c551028,Oke Nisa Primary Health Center Ijebu Jesa
5f1ef436-f754-277b-e1a9-98070c531be7,763445804509,,1968904e-4df0-66fb-06ea-7e8bff8127e1,ambulatory,162673000,General examination of patient,6632c9ee-fb87-4e62-985a-a74b1c551028,Oke Nisa Primary Health Center Ijebu Jesa
da3f3306-a643-2e8d-a414-55f3f4d12209,826561004509,,1968904e-4df0-66fb-06ea-7e8bff8127e1,ambulatory,162673000,General examination of patient,6632c9ee-fb87-4e62-985a-a74b1c551028,Oke Nisa Primary Health Center Ijebu Jesa
33f35362-eacb-0cc3-8241-46500d2dd02e,858118604509,,1968904e-4df0-66fb-06ea-7e8bff8127e1,ambulatory,162673000,General examination of patient,6632c9ee-fb87-4e62-985a-a74b1c551028,Oke Nisa Primary Health Center Ijebu Jesa
b46fb6b8-dca0-e98f-052f-bcb79814132f,921233804509,,1968904e-4df0-66fb-06ea-7e8bff8127e1,ambulatory,162673000,General examination of patient,6632c9ee-fb87-4e62-985a-a74b1c551028,Oke Nisa Primary Health Center Ijebu Jesa
b1da2b2d-efaf-f8b3-9ae1-d7a8a7bbde18,952791404509,,1968904e-4df0-66fb-06ea-7e8bff8127e1,ambulatory,162673000,General examination of patient,6632c9ee-fb87-4e62-985a-a74b1c551028,Oke Nisa Primary Health Center Ijebu Jesa
5447d458-7455-be70-a302-4078a0285481,984349004509,,1968904e-4df0-66fb-06ea-7e8bff8127e1,ambulatory,162673000,General examination of patient,6632c9ee-fb87-4e62-985a-a74b1c551028,Oke Nisa Primary Health Center Ijebu Jesa
bb4b35eb-88a5-648f-fd01-684dd526bac7,1047464204509,,1968904e-4df0-66fb-06ea-7e8bff8127e1,ambulatory,162673000,General examination of patient,6632c9ee-fb87-4e62-985a-a74b1c551028,Oke Nisa Primary Health Center Ijebu Jesa
4451b6ca-e4d5-33fe-ba0f-c9bea48fcd29,1268367404509,,1968904e-4df0-66fb-06ea-7e8bff8127e1,ambulatory,162673000,General examination of patient,6632c9ee-fb87-4e62-985a-a74b1c551028,Oke Nisa Primary Health Center Ijebu Jesa
c5738c56-b0ef-eb00-9fea-941f0903d4ef,1299925004509,,1968904e-4df0-66fb-06ea-7e8bff8127e1,ambulatory,162673000,General examination of patient,6632c9ee-fb87-4e62-985a-a74b1c551028,Oke Nisa Primary Health Center Ijebu Jesa
4543d1ed-8adf-0709-e186-c5da1986e872,1331482604509,,1968904e-4df0-66fb-06ea-7e8bff8127e1,ambulatory,162673000,General examination of patient,6632c9ee-fb87-4e62-985a-a74b1c551028,Oke Nisa Primary Health Center Ijebu Jesa
cd738f44-e466-0178-8bea-ab8ea7c7c3cd,1363040204509,,1968904e-4df0-66fb-06ea-7e8bff8127e1,ambulatory,162673000,General examination of patient,6632c9ee-fb87-4e62-985a-a74b1c551028,Oke Nisa Primary Health Center Ijebu Jesa
820f8254-25ff-0c9b-47ed-a57b1b6a3b72,1552385804509,,1968904e-4df0-66fb-06ea-7e8bff8127e1,ambulatory,162673000,General examination of patient,6632c9ee-fb87-4e62-985a-a74b1c551028,Oke Nisa Primary Health Center Ijebu Jesa
f5fc6781-0863-72c9-4c49-950fcdceaa9f,1647058604509,,1968904e-4df0-66fb-06ea-7e8bff8127e1,ambulatory,162673000,General examination of patient,6632c9ee-fb87-4e62-985a-a74b1c551028,Oke Nisa Primary Health Center Ijebu Jesa
f728c8cb-eb2c-58fb-0f74-de0c9e3fb5b7,1710173804509,,1968904e-4df0-66fb-06ea-7e8bff8127e1,ambulatory,162673000,General examination of patient,6632c9ee-fb87-4e62-985a-a74b1c551028,Oke Nisa Primary Health Center Ijebu Jesa
0bdabe06-ed48-db58-e397-b37dd9555f0d,1773289004509,,1968904e-4df0-66fb-06ea-7e8bff8127e1,ambulatory,162673000,General examination of patient,6632c9ee-fb87-4e62-985a-a74b1c551028,Oke Nisa Primary Health Center Ijebu Jesa
041231ba-1591-07df-b51d-6051dec58450,1228425591894,,251f170d-50cf-8045-81e1-a56b64ec47d0,ambulatory,162673000,General examination of patient (procedure),dd7fe49a-c6b3-433e-b643-0a7600cf32dd,Asipa Health Care
4e710f54-f1df-d8e8-b466-edc997980072,1228425591894,,251f170d-50cf-8045-81e1-a56b64ec47d0,ambulatory,185349003,Encounter for check up,dd7fe49a-c6b3-433e-b643-0a7600cf32dd,Asipa Health Care
9b5323e8-b9f4-803c-dc46-25a56e9bf41e,1259983191894,,251f170d-50cf-8045-81e1-a56b64ec47d0,ambulatory,162673000,General examination of patient,dd7fe49a-c6b3-433e-b643-0a7600cf32dd,Asipa Health Care
78cba29b-8ba0-53e2-6397-8b6f2d382286,1260379279445,,251f170d-50cf-8045-81e1-a56b64ec47d0,ambulatory,185349003,Encounter for check up,dd7fe49a-c6b3-433e-b643-0a7600cf32dd,Asipa Health Care
a4a7b376-5b7b-13e1-092e-1e00020c0664,1291540791894,,251f170d-50cf-8045-81e1-a56b64ec47d0,ambulatory,162673000,General examination of patient,dd7fe49a-c6b3-433e-b643-0a7600cf32dd,Asipa Health Care
8a2f398b-1e4c-119f-327d-c720c92ece36,1292335392050,,251f170d-50cf-8045-81e1-a56b64ec47d0,ambulatory,185349003,Encounter for check up,dd7fe49a-c6b3-433e-b643-0a7600cf32dd,Asipa Health Care
61d66fa6-98a5-995f-1f04-aa3f23b0a4e2,1324265647629,,251f170d-50cf-8045-81e1-a56b64ec47d0,ambulatory,185349003,Encounter for check up,dd7fe49a-c6b3-433e-b643-0a7600cf32dd,Asipa Health Care
5b0a8906-f6b6-0711-db15-3b86f0fc2ff2,1354655991894,,251f170d-50cf-8045-81e1-a56b64ec47d0,ambulatory,162673000,General examination of patient,dd7fe49a-c6b3-433e-b643-0a7600cf32dd,Asipa Health Care
ebf7c05d-b027-513c-1a17-c1db08faf38b,1386213591894,,251f170d-50cf-8045-81e1-a56b64ec47d0,ambulatory,162673000,General examination of patient,dd7fe49a-c6b3-433e-b643-0a7600cf32dd,Asipa Health Care
e65d18c1-abf0-5829-bcb9-60481f85a410,1607116791894,,251f170d-50cf-8045-81e1-a56b64ec47d0,ambulatory,162673000,General examination of patient,dd7fe49a-c6b3-433e-b643-0a7600cf32dd,Asipa Health Care
b0c369c9-4228-980d-7ef0-cb5d5851d1e1,1638674391894,,251f170d-50cf-8045-81e1-a56b64ec47d0,ambulatory,162673000,General examination of patient,dd7fe49a-c6b3-433e-b643-0a7600cf32dd,Asipa Health Care
9cd853fc-0dd6-ce60-8212-51f6358c90c7,1670231991894,,251f170d-50cf-8045-81e1-a56b64ec47d0,ambulatory,162673000,General examination of patient,dd7fe49a-c6b3-433e-b643-0a7600cf32dd,Asipa Health Care
bff01c5d-877b-7347-c0a6-2dc7cacbdf0a,1701789591894,,251f170d-50cf-8045-81e1-a56b64ec47d0,ambulatory,162673000,General examination of patient,dd7fe49a-c6b3-433e-b643-0a7600cf32dd,Asipa Health Care
c2311c44-188a-1a0c-7cce-77a92582974c,1251544008957,,b384c6a9-08cb-4d9c-e4d5-7e4bf3b2b690,ambulatory,162673000,General examination of patient (procedure),111485db-10b5-4427-9fda-9e774b20970e,Iwalewa Convhome
2d44a0df-fba2-cb9a-78bf-a27195618312,1251544008957,,b384c6a9-08cb-4d9c-e4d5-7e4bf3b2b690,ambulatory,185349003,Encounter for check up,111485db-10b5-4427-9fda-9e774b20970e,Iwalewa Convhome
49f7d694-7b92-37aa-fdde-ba01ab7f5edd,1283372436367,,b384c6a9-08cb-4d9c-e4d5-7e4bf3b2b690,ambulatory,185349003,Encounter for check up,111485db-10b5-4427-9fda-9e774b20970e,Iwalewa Convhome
86bd6c2d-41e6-f66b-6bcb-1e35cc09a957,1314659208957,,b384c6a9-08cb-4d9c-e4d5-7e4bf3b2b690,ambulatory,162673000,General examination of patient,111485db-10b5-4427-9fda-9e774b20970e,Iwalewa Convhome
e46a3a1b-bafe-25a8-b5ae-fde4e2276ce9,1314659208957,,b384c6a9-08cb-4d9c-e4d5-7e4bf3b2b690,ambulatory,185349003,Encounter for check up,111485db-10b5-4427-9fda-9e774b20970e,Iwalewa Convhome
31242c22-6150-4842-5d12-4c5b9ae440e3,1346216808957,,b384c6a9-08cb-4d9c-e4d5-7e4bf3b2b690,ambulatory,162673000,General examination of patient,111485db-10b5-4427-9fda-9e774b20970e,Iwalewa Convhome
0139bb04-385a-05a2-b633-bdefbb7ffb7b,1346916887691,,b384c6a9-08cb-4d9c-e4d5-7e4bf3b2b690,ambulatory,185349003,Encounter for check up,111485db-10b5-4427-9fda-9e774b20970e,Iwalewa Convhome
3938abce-7f51-c296-aa1c-dc6f6e8ff5b2,1409332008957,,b384c6a9-08cb-4d9c-e4d5-7e4bf3b2b690,ambulatory,162673000,General examination of patient,111485db-10b5-4427-9fda-9e774b20970e,Iwalewa Convhome
cac8719e-1e7d-89e1-e792-de44bcf21d56,1440889608957,,b384c6a9-08cb-4d9c-e4d5-7e4bf3b2b690,ambulatory,162673000,General examination of patient,111485db-10b5-4427-9fda-9e774b20970e,Iwalewa Convhome
f0e5e6f3-e6ea-2e93-0d50-a865c722f91f,1504004808957,,b384c6a9-08cb-4d9c-e4d5-7e4bf3b2b690,ambulatory,162673000,General examination of patient,111485db-10b5-4427-9fda-9e774b20970e,Iwalewa Convhome
0490fc06-1d72-3929-78b3-8c3525794988,1598677608957,,b384c6a9-08cb-4d9c-e4d5-7e4bf3b2b690,ambulatory,162673000,General examination of patient,111485db-10b5-4427-9fda-9e774b20970e,Iwalewa Convhome
e67549fe-634a-96dd-aae9-9e40c1803dbe,1630235208957,,b384c6a9-08cb-4d9c-e4d5-7e4bf3b2b690,ambulatory,162673000,General examination of patient,111485db-10b5-4427-9fda-9e774b20970e,Iwalewa Convhome
8ac69625-d253-3bfc-7c92-52a41139cd8f,1693350408957,,b384c6a9-08cb-4d9c-e4d5-7e4bf3b2b690,ambulatory,162673000,General examination of patient,111485db-10b5-4427-9fda-9e774b20970e,Iwalewa Convhome
36fdc6c7-8e6b-2999-8b14-76562f249b0e,1724908008957,,b384c6a9-08cb-4d9c-e4d5-7e4bf3b2b690,ambulatory,162673000,General examination of patient,111485db-10b5-4427-9fda-9e774b20970e,Iwalewa Convhome
4efc0511-87fd-bd71-d965-0309332d3622,1756465608957,,b384c6a9-08cb-4d9c-e4d5-7e4bf3b2b690,ambulatory,162673000,General examination of patient,111485db-10b5-4427-9fda-9e774b20970e,Iwalewa Convhome
ca1ad1e8-d6bf-a553-891e-a7ca3feaecea,162427284924,,68edcd1a-d867-285f-a4a2-b1fee5be9edc,ambulatory,162673000,General examination of patient,8c3ee365-0bc6-418e-b22f-4edf5d19cf3c,Ikimo Health Center
807e84b2-fdbc-b0f9-cd09-f4ac9e802c73,193984884924,,68edcd1a-d867-285f-a4a2-b1fee5be9edc,ambulatory,162673000,General examination of patient,8c3ee365-0bc6-418e-b22f-4edf5d19cf3c,Ikimo Health Center
f468ef8c-7c80-2569-4219-857ab4a619f6,193984884924,,68edcd1a-d867-285f-a4a2-b1fee5be9edc,ambulatory,185349003,Encounter for check up,8c3ee365-0bc6-418e-b22f-4edf5d19cf3c,Ikimo Health Center
4c08972f-7893-02a7-4e73-52ddd4a02b0e,226081402809,,68edcd1a-d867-285f-a4a2-b1fee5be9edc,ambulatory,185349003,Encounter for check up,8c3ee365-0bc6-418e-b22f-4edf5d19cf3c,Ikimo Health Center
72ffef9c-18c7-0c06-4b9a-bed2f916b7d2,258033643815,,68edcd1a-d867-285f-a4a2-b1fee5be9edc,ambulatory,185349003,Encounter for check up,8c3ee365-0bc6-418e-b22f-4edf5d19cf3c,Ikimo Health Center
4e370d01-8d25-fc12-0674-ef5876b35e90,288657684924,,68edcd1a-d867-285f-a4a2-b1fee5be9edc,ambulatory,162673000,General examination of patient,8c3ee365-0bc6-418e-b22f-4edf5d19cf3c,Ikimo Health Center
0a8898d0-7371-7528-c2ee-81d34f608257,351772884924,,68edcd1a-d867-285f-a4a2-b1fee5be9edc,ambulatory,162673000,General examination of patient,8c3ee365-0bc6-418e-b22f-4edf5d19cf3c,Ikimo Health Center
9dd200e0-c4fc-9a9b-8e4e-f1abfc87dac1,478003284924,,68edcd1a-d867-285f-a4a2-b1fee5be9edc,ambulatory,185349003,Encounter for check up,8c3ee365-0bc6-418e-b22f-4edf5d19cf3c,Ikimo Health Center
45945269-404a-bc7a-1f38-db6cf48c9a11,509560884924,,68edcd1a-d867-285f-a4a2-b1fee5be9edc,ambulatory,162673000,General examination of patient,8c3ee365-0bc6-418e-b22f-4edf5d19cf3c,Ikimo Health Center
3b1fcff2-3109-39bb-42d5-440430525b6f,541118484924,,68edcd1a-d867-285f-a4a2-b1fee5be9edc,ambulatory,162673000,General examination of patient,8c3ee365-0bc6-418e-b22f-4edf5d19cf3c,Ikimo Health Center
75dbb151-1226-3835-29e6-6780acb528ea,572676084924,,68edcd1a-d867-285f-a4a2-b1fee5be9edc,ambulatory,162673000,General examination of patient,8c3ee365-0bc6-418e-b22f-4edf5d19cf3c,Ikimo Health Center
eec3ccf9-e702-79a1-d3cc-53119e4af75e,667348884924,,68edcd1a-d867-285f-a4a2-b1fee5be9edc,ambulatory,162673000,General examination of patient,8c3ee365-0bc6-418e-b22f-4edf5d19cf3c,Ikimo Health Center
a04945ef-69c0-e838-ac09-ce280b8ac645,825136884924,,68edcd1a-d867-285f-a4a2-b1fee5be9edc,ambulatory,162673000,General examination of patient,8c3ee365-0bc6-418e-b22f-4edf5d19cf3c,Ikimo Health Center
eb4aaa94-e0f7-6af0-6aaf-8f4a99c2491d,1172270484924,,68edcd1a-d867-285f-a4a2-b1fee5be9edc,ambulatory,162673000,General examination of patient,8c3ee365-0bc6-418e-b22f-4edf5d19cf3c,Ikimo Health Center
ca46c4ac-9c05-9785-724b-9796737d3748,1203828084924,,68edcd1a-d867-285f-a4a2-b1fee5be9edc,ambulatory,162673000,General examination of patient,8c3ee365-0bc6-418e-b22f-4edf5d19cf3c,Ikimo Health Center
31a6d272-3b15-0d5f-d11d-4f72b8fc98e4,1298500884924,,68edcd1a-d867-285f-a4a2-b1fee5be9edc,ambulatory,162673000,General examination of patient,8c3ee365-0bc6-418e-b22f-4edf5d19cf3c,Ikimo Health Center
8e43f06c-843a-9fcb-b09c-30abf8232eae,1330058484924,,68edcd1a-d867-285f-a4a2-b1fee5be9edc,ambulatory,162673000,General examination of patient,8c3ee365-0bc6-418e-b22f-4edf5d19cf3c,Ikimo Health Center
d76f6ef8-2094-dd9f-ba46-de6a523756bf,1361616084924,,68edcd1a-d867-285f-a4a2-b1fee5be9edc,ambulatory,162673000,General examination of patient,8c3ee365-0bc6-418e-b22f-4edf5d19cf3c,Ikimo Health Center
92f94f86-b87c-5141-b2ef-6289492ecc18,1393173684924,,68edcd1a-d867-285f-a4a2-b1fee5be9edc,ambulatory,162673000,General examination of patient,8c3ee365-0bc6-418e-b22f-4edf5d19cf3c,Ikimo Health Center
6c904081-81d5-b927-d570-a593ede5885f,1424731284924,,68edcd1a-d867-285f-a4a2-b1fee5be9edc,ambulatory,162673000,General examination of patient,8c3ee365-0bc6-418e-b22f-4edf5d19cf3c,Ikimo Health Center
4be84617-ca51-b620-2e33-1a4641b0983d,1456288884924,,68edcd1a-d867-285f-a4a2-b1fee5be9edc,ambulatory,162673000,General examination of patient,8c3ee365-0bc6-418e-b22f-4edf5d19cf3c,Ikimo Health Center
24020e35-f4b5-0175-2c5b-4b17d6650fe5,1487846484924,,68edcd1a-d867-285f-a4a2-b1fee5be9edc,ambulatory,162673000,General examination of patient,8c3ee365-0bc6-418e-b22f-4edf5d19cf3c,Ikimo Health Center
c30da60c-1040-b6ef-b906-ddf532de1337,1550961684924,,68edcd1a-d867-285f-a4a2-b1fee5be9edc,ambulatory,162673000,General examination of patient,8c3ee365-0bc6-418e-b22f-4edf5d19cf3c,Ikimo Health Center
94c30dc8-0a63-792e-0037-0e728bb9918c,1614076884924,,68edcd1a-d867-285f-a4a2-b1fee5be9edc,ambulatory,162673000,General examination of patient,8c3ee365-0bc6-418e-b22f-4edf5d19cf3c,Ikimo Health Center
0c755db9-e86a-d373-f229-175ba42c8f83,1645634484924,,68edcd1a-d867-285f-a4a2-b1fee5be9edc,ambulatory,162673000,General examination of patient,8c3ee365-0bc6-418e-b22f-4edf5d19cf3c,Ikimo Health Center
9e65991b-d96a-9ca5-1690-808567bbb1b4,1677192084924,,68edcd1a-d867-285f-a4a2-b1fee5be9edc,ambulatory,162673000,General examination of patient,8c3ee365-0bc6-418e-b22f-4edf5d19cf3c,Ikimo Health Center
8ade03f0-cef2-c4ac-4ee3-0ea9a84b4f60,1708749684924,,68edcd1a-d867-285f-a4a2-b1fee5be9edc,ambulatory,162673000,General examination of patient,8c3ee365-0bc6-418e-b22f-4edf5d19cf3c,Ikimo Health Center
b39070cf-4686-f0d1-2d5c-0b4bc21de34e,15339808856,,718c50ac-fe61-a534-134e-31bf2e70b172,ambulatory,162673000,General examination of patient (procedure),6ef40a23-e80b-4e21-92fa-5958ee593db3,Majekobaje Clinic Maternity Home
02f3449a-de5d-4242-acf5-658a4b9bd5d2,15339808856,,718c50ac-fe61-a534-134e-31bf2e70b172,inpatient,32485007,Hospital admission,6ef40a23-e80b-4e21-92fa-5958ee593db3,Majekobaje Clinic Maternity Home
bf4933ab-a796-7cfc-2798-93742759acd5,46897408856,,718c50ac-fe61-a534-134e-31bf2e70b172,ambulatory,185349003,Encounter for check up,6ef40a23-e80b-4e21-92fa-5958ee593db3,Majekobaje Clinic Maternity Home
4a87d627-bbd3-059f-0310-e07c14b93188,78824835196,,718c50ac-fe61-a534-134e-31bf2e70b172,ambulatory,185349003,Encounter for check up,6ef40a23-e80b-4e21-92fa-5958ee593db3,Majekobaje Clinic Maternity Home
e08d0b9d-2d88-27e0-fab3-2029f7007fba,110012608856,,718c50ac-fe61-a534-134e-31bf2e70b172,ambulatory,162673000,General examination of patient,6ef40a23-e80b-4e21-92fa-5958ee593db3,Majekobaje Clinic Maternity Home
df297cfc-f533-a793-e7dc-617b018cd0e2,110789046490,,718c50ac-fe61-a534-134e-31bf2e70b172,ambulatory,185349003,Encounter for check up,6ef40a23-e80b-4e21-92fa-5958ee593db3,Majekobaje Clinic Maternity Home
f4da6fcf-9768-05f3-a278-2fadaa747791,141570208856,,718c50ac-fe61-a534-134e-31bf2e70b172,ambulatory,162673000,General examination of patient,6ef40a23-e80b-4e21-92fa-5958ee593db3,Majekobaje Clinic Maternity Home
e8247fb6-8491-6192-58b4-e4cfbc49c5e6,141570208856,,718c50ac-fe61-a534-134e-31bf2e70b172,ambulatory,185349003,Encounter for check up,6ef40a23-e80b-4e21-92fa-5958ee593db3,Majekobaje Clinic Maternity Home
60aca9ab-2c4f-88be-e368-bc8bdf9395b9,142706152785,,718c50ac-fe61-a534-134e-31bf2e70b172,ambulatory,185349003,Encounter for check up,6ef40a23-e80b-4e21-92fa-5958ee593db3,Majekobaje Clinic Maternity Home
c211b184-27f4-c612-98d2-c4ce785dd46a,204685408856,,718c50ac-fe61-a534-134e-31bf2e70b172,ambulatory,162673000,General examination of patient,6ef40a23-e80b-4e21-92fa-5958ee593db3,Majekobaje Clinic Maternity Home
77e6b01e-6dbc-ddf7-b88e-30cb5d725fac,236243008856,,718c50ac-fe61-a534-134e-31bf2e70b172,ambulatory,162673000,General examination of patient,6ef40a23-e80b-4e21-92fa-5958ee593db3,Majekobaje Clinic Maternity Home
27244d01-119d-66db-6e41-dddf0211c7f2,267800608856,,718c50ac-fe61-a534-134e-31bf2e70b172,ambulatory,162673000,General examination of patient,6ef40a23-e80b-4e21-92fa-5958ee593db3,Majekobaje Clinic Maternity Home
0e15322e-03ea-3a1d-a3e4-1064f095004d,299358208856,,718c50ac-fe61-a534-134e-31bf2e70b172,ambulatory,162673000,General examination of patient,6ef40a23-e80b-4e21-92fa-5958ee593db3,Majekobaje Clinic Maternity Home
fc4f0ed8-4145-ec1b-5769-c6a6844e97ba,330915808856,,718c50ac-fe61-a534-134e-31bf2e70b172,ambulatory,162673000,General examination of patient,6ef40a23-e80b-4e21-92fa-5958ee593db3,Majekobaje Clinic Maternity Home
340d1612-9e14-ec3e-84dc-bed4fd013245,362473408856,,718c50ac-fe61-a534-134e-31bf2e70b172,ambulatory,162673000,General examination of patient,6ef40a23-e80b-4e21-92fa-5958ee593db3,Majekobaje Clinic Maternity Home
f9af1787-31c2-d1eb-799a-fb9883eff6a8,394031008856,,718c50ac-fe61-a534-134e-31bf2e70b172,ambulatory,162673000,General examination of patient,6ef40a23-e80b-4e21-92fa-5958ee593db3,Majekobaje Clinic Maternity Home
7eff9573-51e0-d5ba-6337-9577625df8a0,425588608856,,718c50ac-fe61-a534-134e-31bf2e70b172,ambulatory,162673000,General examination of patient,6ef40a23-e80b-4e21-92fa-5958ee593db3,Majekobaje Clinic Maternity Home
daa70581-ea57-e220-3668-34f7bdc56d40,520261408856,,718c50ac-fe61-a534-134e-31bf2e70b172,ambulatory,162673000,General examination of patient,6ef40a23-e80b-4e21-92fa-5958ee593db3,Majekobaje Clinic Maternity Home
19b67353-e42f-20f2-c1bb-506616897651,551819008856,,718c50ac-fe61-a534-134e-31bf2e70b172,ambulatory,162673000,General examination of patient,6ef40a23-e80b-4e21-92fa-5958ee593db3,Majekobaje Clinic Maternity Home
aa5e96e6-90a8-3199-e2a8-cdad3fc5beb5,583376608856,,718c50ac-fe61-a534-134e-31bf2e70b172,ambulatory,162673000,General examination of patient,6ef40a23-e80b-4e21-92fa-5958ee593db3,Majekobaje Clinic Maternity Home
596cb4d6-27f6-21d7-5d94-6b00c6cde94b,646491808856,,718c50ac-fe61-a534-134e-31bf2e70b172,ambulatory,162673000,General examination of patient,6ef40a23-e80b-4e21-92fa-5958ee593db3,Majekobaje Clinic Maternity Home
f6adef23-d6c8-2daa-a658-3ce5c63b588a,678049408856,,718c50ac-fe61-a534-134e-31bf2e70b172,ambulatory,162673000,General examination of patient,6ef40a23-e80b-4e21-92fa-5958ee593db3,Majekobaje Clinic Maternity Home
700d19d8-b23c-005e-8a74-c228d71223ee,772722208856,,718c50ac-fe61-a534-134e-31bf2e70b172,ambulatory,162673000,General examination of patient,6ef40a23-e80b-4e21-92fa-5958ee593db3,Majekobaje Clinic Maternity Home
5afac82f-f109-fc54-8d0d-eddee35c9614,867395008856,,718c50ac-fe61-a534-134e-31bf2e70b172,ambulatory,162673000,General examination of patient,6ef40a23-e80b-4e21-92fa-5958ee593db3,Majekobaje Clinic Maternity Home
5168770f-4935-ea87-da63-192393dce27e,898952608856,,718c50ac-fe61-a534-134e-31bf2e70b172,ambulatory,162673000,General examination of patient,6ef40a23-e80b-4e21-92fa-5958ee593db3,Majekobaje Clinic Maternity Home
7d6f8698-8324-0b38-8f07-4105b2b89db4,930510208856,,718c50ac-fe61-a534-134e-31bf2e70b172,ambulatory,162673000,General examination of patient,6ef40a23-e80b-4e21-92fa-5958ee593db3,Majekobaje Clinic Maternity Home
e195fb27-052e-faac-7655-9850c27ef6e3,993625408856,,718c50ac-fe61-a534-134e-31bf2e70b172,ambulatory,162673000,General examination of patient,6ef40a23-e80b-4e21-92fa-5958ee593db3,Majekobaje Clinic Maternity Home
eb5c498a-6f9e-2513-6662-a3c2a86abbc8,1056740608856,,718c50ac-fe61-a534-134e-31bf2e70b172,ambulatory,162673000,General examination of patient,6ef40a23-e80b-4e21-92fa-5958ee593db3,Majekobaje Clinic Maternity Home
d7481d08-c98f-0aad-2886-fa61e6a0e7e0,1088298208856,,718c50ac-fe61-a534-134e-31bf2e70b172,ambulatory,162673000,General examination of patient,6ef40a23-e80b-4e21-92fa-5958ee593db3,Majekobaje Clinic Maternity Home
e6c96aa1-97bb-6cb5-39a5-4b02729dd76d,1119855808856,,718c50ac-fe61-a534-134e-31bf2e70b172,ambulatory,162673000,General examination of patient,6ef40a23-e80b-4e21-92fa-5958ee593db3,Majekobaje Clinic Maternity Home
bff40fa2-7958-708a-78ed-2a0332ab5f58,1151413408856,,718c50ac-fe61-a534-134e-31bf2e70b172,ambulatory,162673000,General examination of patient,6ef40a23-e80b-4e21-92fa-5958ee593db3,Majekobaje Clinic Maternity Home
aed68c91-0d46-b177-0244-78c881c00a84,1214528608856,,718c50ac-fe61-a534-134e-31bf2e70b172,ambulatory,162673000,General examination of patient,6ef40a23-e80b-4e21-92fa-5958ee593db3,Majekobaje Clinic Maternity Home
823cd983-dfb2-6291-7d68-e76211462c80,1246086208856,,718c50ac-fe61-a534-134e-31bf2e70b172,ambulatory,162673000,General examination of patient,6ef40a23-e80b-4e21-92fa-5958ee593db3,Majekobaje Clinic Maternity Home
87e3d6b3-de33-aaf1-2809-578187a1154e,1277643808856,,718c50ac-fe61-a534-134e-31bf2e70b172,ambulatory,162673000,General examination of patient,6ef40a23-e80b-4e21-92fa-5958ee593db3,Majekobaje Clinic Maternity Home
45470528-e9fb-ecec-b07a-90574ca36afb,1309201408856,,718c50ac-fe61-a534-134e-31bf2e70b172,ambulatory,162673000,General examination of patient,6ef40a23-e80b-4e21-92fa-5958ee593db3,Majekobaje Clinic Maternity Home
7b8b38c9-db1a-0ae2-f7ab-94ac3710d0a1,1340759008856,,718c50ac-fe61-a534-134e-31bf2e70b172,ambulatory,162673000,General examination of patient,6ef40a23-e80b-4e21-92fa-5958ee593db3,Majekobaje Clinic Maternity Home
93af343b-aabe-305e-2e9e-6da007ba6c92,1372316608856,,718c50ac-fe61-a534-134e-31bf2e70b172,ambulatory,162673000,General examination of patient,6ef40a23-e80b-4e21-92fa-5958ee593db3,Majekobaje Clinic Maternity Home
49918f1e-191d-74f7-affc-e35653fa21cd,1530104608856,,718c50ac-fe61-a534-134e-31bf2e70b172,ambulatory,162673000,General examination of patient,6ef40a23-e80b-4e21-92fa-5958ee593db3,Majekobaje Clinic Maternity Home
e34095d5-304a-58df-cff6-1179d013a846,1561662208856,,718c50ac-fe61-a534-134e-31bf2e70b172,ambulatory,162673000,General examination of patient,6ef40a23-e80b-4e21-92fa-5958ee593db3,Majekobaje Clinic Maternity Home
775d6045-7f5d-55ea-0f0e-75ba80550080,1593219808856,,718c50ac-fe61-a534-134e-31bf2e70b172,ambulatory,162673000,General examination of patient,6ef40a23-e80b-4e21-92fa-5958ee593db3,Majekobaje Clinic Maternity Home
0fb7a58d-f691-c2da-278e-b77c4ed2cb04,1624777408856,,718c50ac-fe61-a534-134e-31bf2e70b172,ambulatory,162673000,General examination of patient,6ef40a23-e80b-4e21-92fa-5958ee593db3,Majekobaje Clinic Maternity Home
b5df4c94-fc8f-81aa-8e15-9c318ea3a55f,1751007808856,,718c50ac-fe61-a534-134e-31bf2e70b172,ambulatory,162673000,General examination of patient,6ef40a23-e80b-4e21-92fa-5958ee593db3,Majekobaje Clinic Maternity Home
3f7614ed-d166-23e8-5ff9-1f088ee38791,-114326095851,,79c6d620-6c54-d3d0-a896-173de65f46b4,ambulatory,162673000,General examination of patient (procedure),61020da3-edb4-4e77-ace7-9f42745e9e75,Oke Alafia Ifon Comprehensive Health Center
1e869ad2-0815-1728-4153-be975f2ea858,-114326095851,,79c6d620-6c54-d3d0-a896-173de65f46b4,inpatient,32485007,Hospital admission,61020da3-edb4-4e77-ace7-9f42745e9e75,Oke Alafia Ifon Comprehensive Health Center
3f823011-feb1-dce7-ac7b-78045099436f,-82768495851,,79c6d620-6c54-d3d0-a896-173de65f46b4,ambulatory,185349003,Encounter for check up,61020da3-edb4-4e77-ace7-9f42745e9e75,Oke Alafia Ifon Comprehensive Health Center
560e0bb5-0066-10bc-757e-46c4d0b46f4d,-51210895851,,79c6d620-6c54-d3d0-a896-173de65f46b4,ambulatory,162673000,General examination of patient,61020da3-edb4-4e77-ace7-9f42745e9e75,Oke Alafia Ifon Comprehensive Health Center
9534fcd4-591e-764a-b0f2-e89121b2c713,-50908994190,,79c6d620-6c54-d3d0-a896-173de65f46b4,ambulatory,185349003,Encounter for check up,61020da3-edb4-4e77-ace7-9f42745e9e75,Oke Alafia Ifon Comprehensive Health Center
0b9278bf-74a9-7870-6a5d-a4f848626620,-19653295851,,79c6d620-6c54-d3d0-a896-173de65f46b4,emergency,50849002,Emergency room admission,61020da3-edb4-4e77-ace7-9f42745e9e75,Oke Alafia Ifon Comprehensive Health Center
5e84a68e-e44d-b3fb-4657-8b813cfaabde,-19075101200,,79c6d620-6c54-d3d0-a896-173de65f46b4,ambulatory,185349003,Encounter for check up,61020da3-edb4-4e77-ace7-9f42745e9e75,Oke Alafia Ifon Comprehensive Health Center
3e72ba38-9218-803d-1792-1be8a7335e66,11904304149,,79c6d620-6c54-d3d0-a896-173de65f46b4,ambulatory,162673000,General examination of patient,61020da3-edb4-4e77-ace7-9f42745e9e75,Oke Alafia Ifon Comprehensive Health Center
a71b0492-c763-16e2-17b6-ee1b78bd3390,12770332662,,79c6d620-6c54-d3d0-a896-173de65f46b4,ambulatory,185349003,Encounter for check up,61020da3-edb4-4e77-ace7-9f42745e9e75,Oke Alafia Ifon Comprehensive Health Center
46ae72a6-ec1f-dd00-67db-f36711929b1b,43461904149,,79c6d620-6c54-d3d0-a896-173de65f46b4,ambulatory,162673000,General examination of patient,61020da3-edb4-4e77-ace7-9f42745e9e75,Oke Alafia Ifon Comprehensive Health Center
158492a4-165e-a2d7-3cbb-b40af70a3078,106577104149,,79c6d620-6c54-d3d0-a896-173de65f46b4,ambulatory,162673000,General examination of patient,61020da3-edb4-4e77-ace7-9f42745e9e75,Oke Alafia Ifon Comprehensive Health Center
470c0f54-f12b-b209-7f20-5ec87ba531b6,138134704149,,79c6d620-6c54-d3d0-a896-173de65f46b4,ambulatory,162673000,General examination of patient,61020da3-edb4-4e77-ace7-9f42745e9e75,Oke Alafia Ifon Comprehensive Health Center
5cce3744-3f43-003f-742b-eb5b522450c6,232807504149,,79c6d620-6c54-d3d0-a896-173de65f46b4,ambulatory,162673000,General examination of patient,61020da3-edb4-4e77-ace7-9f42745e9e75,Oke Alafia Ifon Comprehensive Health Center
a8767210-10f8-8c21-1cea-aea867f55e4c,264365104149,,79c6d620-6c54-d3d0-a896-173de65f46b4,ambulatory,162673000,General examination of patient,61020da3-edb4-4e77-ace7-9f42745e9e75,Oke Alafia Ifon Comprehensive Health Center
8685a0ce-100e-5a29-877a-491186014383,295922704149,,79c6d620-6c54-d3d0-a896-173de65f46b4,ambulatory,162673000,General examination of patient,61020da3-edb4-4e77-ace7-9f42745e9e75,Oke Alafia Ifon Comprehensive Health Center
e4735b6f-d87c-8e00-30f7-2da5d84157c3,390595504149,,79c6d620-6c54-d3d0-a896-173de65f46b4,ambulatory,162673000,General examination of patient,61020da3-edb4-4e77-ace7-9f42745e9e75,Oke Alafia Ifon Comprehensive Health Center
7cfd0b28-50d1-67d3-87eb-1b9d08f23971,422153104149,,79c6d620-6c54-d3d0-a896-173de65f46b4,ambulatory,162673000,General examination of patient,61020da3-edb4-4e77-ace7-9f42745e9e75,Oke Alafia Ifon Comprehensive Health Center
f34bf036-24c6-8053-623b-1cb84f878b4a,485268304149,,79c6d620-6c54-d3d0-a896-173de65f46b4,ambulatory,162673000,General examination of patient,61020da3-edb4-4e77-ace7-9f42745e9e75,Oke Alafia Ifon Comprehensive Health Center
43654fd9-1e71-fed2-c1e0-598f2c9a1092,548383504149,,79c6d620-6c54-d3d0-a896-173de65f46b4,ambulatory,162673000,General examination of patient,61020da3-edb4-4e77-ace7-9f42745e9e75,Oke Alafia Ifon Comprehensive Health Center
cb6c80f3-622b-5dc1-2cbd-16e6279a34cc,579941104149,,79c6d620-6c54-d3d0-a896-173de65f46b4,ambulatory,162673000,General examination of patient,61020da3-edb4-4e77-ace7-9f42745e9e75,Oke Alafia Ifon Comprehensive Health Center
44495682-27ce-2102-b7f7-4683ac975afe,643056304149,,79c6d620-6c54-d3d0-a896-173de65f46b4,ambulatory,162673000,General examination of patient,61020da3-edb4-4e77-ace7-9f42745e9e75,Oke Alafia Ifon Comprehensive Health Center
9487384a-95fa-4f5c-0278-8a9288583e67,674613904149,,79c6d620-6c54-d3d0-a896-173de65f46b4,ambulatory,162673000,General examination of patient,61020da3-edb4-4e77-ace7-9f42745e9e75,Oke Alafia Ifon Comprehensive Health Center
8ad6448a-e4e6-f3fd-ef9a-94947c7ddee7,706171504149,,79c6d620-6c54-d3d0-a896-173de65f46b4,ambulatory,162673000,General examination of patient,61020da3-edb4-4e77-ace7-9f42745e9e75,Oke Alafia Ifon Comprehensive Health Center
86acc74f-dfc4-8810-44d9-38120c078a0e,800844304149,,79c6d620-6c54-d3d0-a896-173de65f46b4,ambulatory,162673000,General examination of patient,61020da3-edb4-4e77-ace7-9f42745e9e75,Oke Alafia Ifon Comprehensive Health Center
6274b419-78dd-dc7b-c261-767f78fcb6a1,832401904149,,79c6d620-6c54-d3d0-a896-173de65f46b4,ambulatory,162673000,General examination of patient,61020da3-edb4-4e77-ace7-9f42745e9e75,Oke Alafia Ifon Comprehensive Health Center
8bb2d8fe-3301-6c47-db45-3afc0eb79d3a,1084862704149,,79c6d620-6c54-d3d0-a896-173de65f46b4,ambulatory,162673000,General examination of patient,61020da3-edb4-4e77-ace7-9f42745e9e75,Oke Alafia Ifon Comprehensive Health Center
b7080667-11d4-485a-7c9e-19f61f6f5cb0,1116420304149,,79c6d620-6c54-d3d0-a896-173de65f46b4,ambulatory,162673000,General examination of patient,61020da3-edb4-4e77-ace7-9f42745e9e75,Oke Alafia Ifon Comprehensive Health Center
0170336a-1952-acd0-2f82-5aab4faed561,1211093104149,,79c6d620-6c54-d3d0-a896-173de65f46b4,ambulatory,162673000,General examination of patient,61020da3-edb4-4e77-ace7-9f42745e9e75,Oke Alafia Ifon Comprehensive Health Center
d1f6de1c-9c50-8a86-6186-3d5a373d7a3d,1242650704149,,79c6d620-6c54-d3d0-a896-173de65f46b4,ambulatory,162673000,General examination of patient,61020da3-edb4-4e77-ace7-9f42745e9e75,Oke Alafia Ifon Comprehensive Health Center
6f9effb7-72a9-e8e9-bdea-11cc942be480,1305765904149,,79c6d620-6c54-d3d0-a896-173de65f46b4,ambulatory,162673000,General examination of patient,61020da3-edb4-4e77-ace7-9f42745e9e75,Oke Alafia Ifon Comprehensive Health Center
b451ebd5-02d6-5a36-fcd4-b50f3b4b0a00,1368881104149,,79c6d620-6c54-d3d0-a896-173de65f46b4,ambulatory,162673000,General examination of patient,61020da3-edb4-4e77-ace7-9f42745e9e75,Oke Alafia Ifon Comprehensive Health Center
11e30155-efbd-7421-4b46-6bd8bb3c1972,1400438704149,,79c6d620-6c54-d3d0-a896-173de65f46b4,ambulatory,162673000,General examination of patient,61020da3-edb4-4e77-ace7-9f42745e9e75,Oke Alafia Ifon Comprehensive Health Center
f10ae848-6cb7-2585-0467-f1e4db442890,1431996304149,,79c6d620-6c54-d3d0-a896-173de65f46b4,ambulatory,162673000,General examination of patient,61020da3-edb4-4e77-ace7-9f42745e9e75,Oke Alafia Ifon Comprehensive Health Center
7ea08f33-3eb0-6b38-e888-bfd646bf68a7,1495111504149,,79c6d620-6c54-d3d0-a896-173de65f46b4,ambulatory,162673000,General examination of patient,61020da3-edb4-4e77-ace7-9f42745e9e75,Oke Alafia Ifon Comprehensive Health Center
6b3fc165-60bf-28b5-37bc-f74bc409860c,1526669104149,,79c6d620-6c54-d3d0-a896-173de65f46b4,ambulatory,162673000,General examination of patient,61020da3-edb4-4e77-ace7-9f42745e9e75,Oke Alafia Ifon Comprehensive Health Center
4f789997-2e85-58f4-3a44-39a9988613db,1716014704149,,79c6d620-6c54-d3d0-a896-173de65f46b4,ambulatory,162673000,General examination of patient,61020da3-edb4-4e77-ace7-9f42745e9e75,Oke Alafia Ifon Comprehensive Health Center
5504663f-d1a3-9cba-66e0-7c9094e9b521,1779129904149,,79c6d620-6c54-d3d0-a896-173de65f46b4,ambulatory,162673000,General examination of patient,61020da3-edb4-4e77-ace7-9f42745e9e75,Oke Alafia Ifon Comprehensive Health Center
d7532836-d003-8e23-8bae-ad6e2ca0bf1b,1298824513419,,1fc337de-f410-599c-5874-116156f36ca8,ambulatory,162673000,General examination of patient (procedure),30a5622a-78a2-477e-8f9a-58f25d2a1b04,Sabo Health Center
2b0d7a05-a6dc-9eeb-458b-7b2611766bce,1298824513419,,1fc337de-f410-599c-5874-116156f36ca8,inpatient,32485007,Hospital admission,30a5622a-78a2-477e-8f9a-58f25d2a1b04,Sabo Health Center
e4ebfb1e-747c-7d89-db55-514d6b58dee1,1330382113419,,1fc337de-f410-599c-5874-116156f36ca8,ambulatory,162673000,General examination of patient,30a5622a-78a2-477e-8f9a-58f25d2a1b04,Sabo Health Center
b4882ac2-181b-1c7b-01ca-c7f05106bce0,1330382113419,,1fc337de-f410-599c-5874-116156f36ca8,ambulatory,185349003,Encounter for check up,30a5622a-78a2-477e-8f9a-58f25d2a1b04,Sabo Health Center
fed30e28-7dca-6334-b70d-37ee926a156e,1393497313419,,1fc337de-f410-599c-5874-116156f36ca8,ambulatory,162673000,General examination of patient,30a5622a-78a2-477e-8f9a-58f25d2a1b04,Sabo Health Center
6aea06b6-d5e8-9b16-60f2-9ade56c56296,1393497313419,,1fc337de-f410-599c-5874-116156f36ca8,ambulatory,185349003,Encounter for check up,30a5622a-78a2-477e-8f9a-58f25d2a1b04,Sabo Health Center
a3081a1d-7bd5-5c82-ee99-24cf69697b8d,1425054913419,,1fc337de-f410-599c-5874-116156f36ca8,ambulatory,162673000,General examination of patient,30a5622a-78a2-477e-8f9a-58f25d2a1b04,Sabo Health Center
00cad039-3813-5b1d-32c8-338c1fdbcf15,1425397613312,,1fc337de-f410-599c-5874-116156f36ca8,ambulatory,185349003,Encounter for check up,30a5622a-78a2-477e-8f9a-58f25d2a1b04,Sabo Health Center
01102889-a1b6-2055-2094-6df94bcc9e19,1488904806238,,1fc337de-f410-599c-5874-116156f36ca8,ambulatory,185349003,Encounter for check up,30a5622a-78a2-477e-8f9a-58f25d2a1b04,Sabo Health Center
2bd99f3c-3e08-0f5a-4a88-2845b80eefd8,1582842913419,,1fc337de-f410-599c-5874-116156f36ca8,ambulatory,162673000,General examination of patient,30a5622a-78a2-477e-8f9a-58f25d2a1b04,Sabo Health Center
aa9cd158-2044-519a-ef01-ea815e3c59ba,1740630913419,,1fc337de-f410-599c-5874-116156f36ca8,ambulatory,162673000,General examination of patient,30a5622a-78a2-477e-8f9a-58f25d2a1b04,Sabo Health Center
b191d0e9-89be-28f3-990e-026fef269d6f,-600488662605,,7a4bfa94-d96a-9d0a-33d5-f9f7f03a648a,ambulatory,162673000,General examination of patient,22e50e83-e325-4a18-9182-052b507312d7,Ologun Agbakin Primary Health Center
62ed87a3-c767-19ee-7c63-cf1a4d8cddea,-600488662605,,7a4bfa94-d96a-9d0a-33d5-f9f7f03a648a,ambulatory,185349003,Encounter for check up,22e50e83-e325-4a18-9182-052b507312d7,Ologun Agbakin Primary Health Center
41624a24-2839-8696-4109-48d4886b78d8,-568931062605,,7a4bfa94-d96a-9d0a-33d5-f9f7f03a648a,emergency,50849002,Emergency room admission,22e50e83-e325-4a18-9182-052b507312d7,Ologun Agbakin Primary Health Center
cf76f535-76fa-155b-f9b5-98e33eedfa8b,-568520721856,,7a4bfa94-d96a-9d0a-33d5-f9f7f03a648a,ambulatory,185349003,Encounter for check up,22e50e83-e325-4a18-9182-052b507312d7,Ologun Agbakin Primary Health Center
4a292ba1-bca9-6152-3877-c797a4746c6f,-536703619726,,7a4bfa94-d96a-9d0a-33d5-f9f7f03a648a,ambulatory,185349003,Encounter for check up,22e50e83-e325-4a18-9182-052b507312d7,Ologun Agbakin Primary Health Center
407a45b6-7b8f-cdf6-579e-c78f6a9f2aa7,-505815862605,,7a4bfa94-d96a-9d0a-33d5-f9f7f03a648a,ambulatory,162673000,General examination of patient,22e50e83-e325-4a18-9182-052b507312d7,Ologun Agbakin Primary Health Center
c61aa118-e35f-a76f-0a61-7f1213f09706,-504844481221,,7a4bfa94-d96a-9d0a-33d5-f9f7f03a648a,ambulatory,185349003,Encounter for check up,22e50e83-e325-4a18-9182-052b507312d7,Ologun Agbakin Primary Health Center
4fc31e3f-ebb9-c7da-0422-62ac7a6c0432,-411143062605,,7a4bfa94-d96a-9d0a-33d5-f9f7f03a648a,ambulatory,162673000,General examination of patient,22e50e83-e325-4a18-9182-052b507312d7,Ologun Agbakin Primary Health Center
f8e0455c-31b8-85f0-b521-67e098dfe613,-379585462605,,7a4bfa94-d96a-9d0a-33d5-f9f7f03a648a,ambulatory,162673000,General examination of patient,22e50e83-e325-4a18-9182-052b507312d7,Ologun Agbakin Primary Health Center
7e50b87a-c967-e7f5-bd40-23540675bb2e,-348027862605,,7a4bfa94-d96a-9d0a-33d5-f9f7f03a648a,ambulatory,162673000,General examination of patient,22e50e83-e325-4a18-9182-052b507312d7,Ologun Agbakin Primary Health Center
259ea933-4b49-dc90-57e1-617f65e317cf,-316470262605,,7a4bfa94-d96a-9d0a-33d5-f9f7f03a648a,ambulatory,162673000,General examination of patient,22e50e83-e325-4a18-9182-052b507312d7,Ologun Agbakin Primary Health Center
e217e336-7cb4-2b1a-2ec4-6521d5c02d9b,-284912662605,,7a4bfa94-d96a-9d0a-33d5-f9f7f03a648a,ambulatory,162673000,General examination of patient,22e50e83-e325-4a18-9182-052b507312d7,Ologun Agbakin Primary Health Center
c881f8b9-80fc-add2-25b8-cb82b9834ae4,-64009462605,,7a4bfa94-d96a-9d0a-33d5-f9f7f03a648a,ambulatory,162673000,General examination of patient,22e50e83-e325-4a18-9182-052b507312d7,Ologun Agbakin Primary Health Center
ba1f6ae6-c606-a11b-243f-05d6495a84a8,-894262605,,7a4bfa94-d96a-9d0a-33d5-f9f7f03a648a,ambulatory,162673000,General examination of patient,22e50e83-e325-4a18-9182-052b507312d7,Ologun Agbakin Primary Health Center
279ca82b-f370-9bb7-dfe9-87465360478b,62220937395,,7a4bfa94-d96a-9d0a-33d5-f9f7f03a648a,ambulatory,162673000,General examination of patient,22e50e83-e325-4a18-9182-052b507312d7,Ologun Agbakin Primary Health Center
997de17b-104e-5988-07ad-4dcc9ed294b2,93778537395,,7a4bfa94-d96a-9d0a-33d5-f9f7f03a648a,ambulatory,162673000,General examination of patient,22e50e83-e325-4a18-9182-052b507312d7,Ologun Agbakin Primary Health Center
2570d375-7112-15ed-2225-2460f93f0adb,156893737395,,7a4bfa94-d96a-9d0a-33d5-f9f7f03a648a,ambulatory,162673000,General examination of patient,22e50e83-e325-4a18-9182-052b507312d7,Ologun Agbakin Primary Health Center
eb5ba778-9a61-57b6-83e2-409d36a9e18d,220008937395,,7a4bfa94-d96a-9d0a-33d5-f9f7f03a648a,ambulatory,162673000,General examination of patient,22e50e83-e325-4a18-9182-052b507312d7,Ologun Agbakin Primary Health Center
17eae851-63f6-cd88-1119-6942271fc1f2,251566537395,,7a4bfa94-d96a-9d0a-33d5-f9f7f03a648a,ambulatory,162673000,General examination of patient,22e50e83-e325-4a18-9182-052b507312d7,Ologun Agbakin Primary Health Center
33bcf294-6212-0961-9506-8e3b9cd5604e,377796937395,,7a4bfa94-d96a-9d0a-33d5-f9f7f03a648a,ambulatory,162673000,General examination of patient,22e50e83-e325-4a18-9182-052b507312d7,Ologun Agbakin Primary Health Center
59031ade-b42c-8bc0-cc96-300b56d17dd7,409354537395,,7a4bfa94-d96a-9d0a-33d5-f9f7f03a648a,ambulatory,162673000,General examination of patient,22e50e83-e325-4a18-9182-052b507312d7,Ologun Agbakin Primary Health Center
ddcfa3a1-bbaf-4431-a05e-13afcc258471,440912137395,,7a4bfa94-d96a-9d0a-33d5-f9f7f03a648a,ambulatory,162673000,General examination of patient,22e50e83-e325-4a18-9182-052b507312d7,Ologun Agbakin Primary Health Center
9cc4c0c9-c35b-7a3f-6352-16d05c11a8bd,535584937395,,7a4bfa94-d96a-9d0a-33d5-f9f7f03a648a,ambulatory,162673000,General examination of patient,22e50e83-e325-4a18-9182-052b507312d7,Ologun Agbakin Primary Health Center
5fd82234-24d7-5bf7-d948-e0f1cfbf7f5f,567142537395,,7a4bfa94-d96a-9d0a-33d5-f9f7f03a648a,ambulatory,162673000,General examination of patient,22e50e83-e325-4a18-9182-052b507312d7,Ologun Agbakin Primary Health Center
aada7c33-2442-a227-be66-93d70392f1b8,693372937395,,7a4bfa94-d96a-9d0a-33d5-f9f7f03a648a,ambulatory,162673000,General examination of patient,22e50e83-e325-4a18-9182-052b507312d7,Ologun Agbakin Primary Health Center
594683c6-2f4b-25d4-f862-6f0e14bba528,724930537395,,7a4bfa94-d96a-9d0a-33d5-f9f7f03a648a,ambulatory,162673000,General examination of patient,22e50e83-e325-4a18-9182-052b507312d7,Ologun Agbakin Primary Health Center
cfa585f7-a9e6-1729-32fe-5edf4ee9872a,756488137395,,7a4bfa94-d96a-9d0a-33d5-f9f7f03a648a,ambulatory,162673000,General examination of patient,22e50e83-e325-4a18-9182-052b507312d7,Ologun Agbakin Primary Health Center
54585a67-7bc2-124e-624f-dcf0c3798f0e,819603337395,,7a4bfa94-d96a-9d0a-33d5-f9f7f03a648a,ambulatory,162673000,General examination of patient,22e50e83-e325-4a18-9182-052b507312d7,Ologun Agbakin Primary Health Center
86235061-0e8d-d185-40f3-afaca16a9768,882718537395,,7a4bfa94-d96a-9d0a-33d5-f9f7f03a648a,ambulatory,162673000,General examination of patient,22e50e83-e325-4a18-9182-052b507312d7,Ologun Agbakin Primary Health Center
49fd6e9f-b55c-720c-22f2-447285fb6331,914276137395,,7a4bfa94-d96a-9d0a-33d5-f9f7f03a648a,ambulatory,162673000,General examination of patient,22e50e83-e325-4a18-9182-052b507312d7,Ologun Agbakin Primary Health Center
855552c2-d6aa-0aaa-155d-b2e71217e714,945833737395,,7a4bfa94-d96a-9d0a-33d5-f9f7f03a648a,ambulatory,162673000,General examination of patient,22e50e83-e325-4a18-9182-052b507312d7,Ologun Agbakin Primary Health Center
f7335eae-4f94-e4a7-3cc6-f74fe7de3583,1072064137395,,7a4bfa94-d96a-9d0a-33d5-f9f7f03a648a,ambulatory,162673000,General examination of patient,22e50e83-e325-4a18-9182-052b507312d7,Ologun Agbakin Primary Health Center
20c208fd-0157-51f6-0072-961772281db2,1166736937395,,7a4bfa94-d96a-9d0a-33d5-f9f7f03a648a,ambulatory,162673000,General examination of patient,22e50e83-e325-4a18-9182-052b507312d7,Ologun Agbakin Primary Health Center
1c63f050-3b9f-86eb-1d29-ccf67358ed54,1198294537395,,7a4bfa94-d96a-9d0a-33d5-f9f7f03a648a,ambulatory,162673000,General examination of patient,22e50e83-e325-4a18-9182-052b507312d7,Ologun Agbakin Primary Health Center
fd53f86d-ca09-f09f-0d8e-bd36f078607e,1261409737395,,7a4bfa94-d96a-9d0a-33d5-f9f7f03a648a,ambulatory,162673000,General examination of patient,22e50e83-e325-4a18-9182-052b507312d7,Ologun Agbakin Primary Health Center
fe45f456-5f25-df8c-341a-99745584e44d,1292967337395,,7a4bfa94-d96a-9d0a-33d5-f9f7f03a648a,ambulatory,162673000,General examination of patient,22e50e83-e325-4a18-9182-052b507312d7,Ologun Agbakin Primary Health Center
fc2401d5-f36b-f4ca-8a21-916592b62489,1419197737395,,7a4bfa94-d96a-9d0a-33d5-f9f7f03a648a,ambulatory,162673000,General examination of patient,22e50e83-e325-4a18-9182-052b507312d7,Ologun Agbakin Primary Health Center
0acddbae-6d97-0a0c-272d-4351280eee67,1450755337395,,7a4bfa94-d96a-9d0a-33d5-f9f7f03a648a,ambulatory,162673000,General examination of patient,22e50e83-e325-4a18-9182-052b507312d7,Ologun Agbakin Primary Health Center
7c3039a6-e4b3-fe85-a938-8b21ea27b924,1608543337395,,7a4bfa94-d96a-9d0a-33d5-f9f7f03a648a,ambulatory,162673000,General examination of patient,22e50e83-e325-4a18-9182-052b507312d7,Ologun Agbakin Primary Health Center
15337553-05a5-740a-f45d-42827c8320c4,1671658537395,,7a4bfa94-d96a-9d0a-33d5-f9f7f03a648a,ambulatory,162673000,General examination of patient,22e50e83-e325-4a18-9182-052b507312d7,Ologun Agbakin Primary Health Center
ce42b4ba-449b-36b9-8147-d1b5c4aeeeda,1671896137395,,7a4bfa94-d96a-9d0a-33d5-f9f7f03a648a,ambulatory,185349003,Encounter for check up,22e50e83-e325-4a18-9182-052b507312d7,Ologun Agbakin Primary Health Center
0e445b05-b098-6f08-b222-7f9ca878151c,1734773737395,,7a4bfa94-d96a-9d0a-33d5-f9f7f03a648a,ambulatory,162673000,General examination of patient,22e50e83-e325-4a18-9182-052b507312d7,Ologun Agbakin Primary Health Center
c838b6cd-22c4-bc05-e751-75419dc9207b,-647993927835,,01df3079-ee12-51ce-1c31-5edaffea4ff6,ambulatory,162673000,General examination of patient,415a3a6d-8c6a-4b65-8223-8ff367305dbe,Oke Agbede Health Post
0b45e5a5-e9b9-f860-326a-e676a6f08de3,-647993927835,,01df3079-ee12-51ce-1c31-5edaffea4ff6,ambulatory,185349003,Encounter for check up,415a3a6d-8c6a-4b65-8223-8ff367305dbe,Oke Agbede Health Post
b63d605f-da43-1a73-6cdc-383df014f5d2,-616436327835,,01df3079-ee12-51ce-1c31-5edaffea4ff6,ambulatory,162673000,General examination of patient,415a3a6d-8c6a-4b65-8223-8ff367305dbe,Oke Agbede Health Post
28995eab-5fce-0879-fb4b-1e7c242b6d92,-615924122858,,01df3079-ee12-51ce-1c31-5edaffea4ff6,ambulatory,185349003,Encounter for check up,415a3a6d-8c6a-4b65-8223-8ff367305dbe,Oke Agbede Health Post
3414c54a-adf9-a6e0-e30d-8483d651be81,-584093551463,,01df3079-ee12-51ce-1c31-5edaffea4ff6,ambulatory,185349003,Encounter for check up,415a3a6d-8c6a-4b65-8223-8ff367305dbe,Oke Agbede Health Post
0a9a97b9-ec29-0a29-d6bf-19ddacb45b11,-553321127835,,01df3079-ee12-51ce-1c31-5edaffea4ff6,ambulatory,162673000,General examination of patient,415a3a6d-8c6a-4b65-8223-8ff367305dbe,Oke Agbede Health Post
e8b09c6e-0fe4-3c63-51a0-f439ff995f53,-553321127835,,01df3079-ee12-51ce-1c31-5edaffea4ff6,ambulatory,185349003,Encounter for check up,415a3a6d-8c6a-4b65-8223-8ff367305dbe,Oke Agbede Health Post
93b71cc0-4f12-4b15-460b-dc959fd9c68c,-552128049981,,01df3079-ee12-51ce-1c31-5edaffea4ff6,ambulatory,185349003,Encounter for check up,415a3a6d-8c6a-4b65-8223-8ff367305dbe,Oke Agbede Health Post
395ca542-52b5-df5e-6035-cb6faa1c4f06,-490205927835,,01df3079-ee12-51ce-1c31-5edaffea4ff6,ambulatory,162673000,General examination of patient,415a3a6d-8c6a-4b65-8223-8ff367305dbe,Oke Agbede Health Post
0e3767c2-2217-d098-a72e-fac119a86220,-395533127835,,01df3079-ee12-51ce-1c31-5edaffea4ff6,ambulatory,162673000,General examination of patient,415a3a6d-8c6a-4b65-8223-8ff367305dbe,Oke Agbede Health Post
cd22baff-b39e-ae3b-2f2b-ec0b4645779c,-300860327835,,01df3079-ee12-51ce-1c31-5edaffea4ff6,ambulatory,162673000,General examination of patient,415a3a6d-8c6a-4b65-8223-8ff367305dbe,Oke Agbede Health Post
62d6f5b3-c4af-3836-b55d-5bca521fbd3e,-237745127835,,01df3079-ee12-51ce-1c31-5edaffea4ff6,ambulatory,162673000,General examination of patient,415a3a6d-8c6a-4b65-8223-8ff367305dbe,Oke Agbede Health Post
dc9eacf8-aeb0-2891-a634-afe59f3dd1a3,-143072327835,,01df3079-ee12-51ce-1c31-5edaffea4ff6,ambulatory,162673000,General examination of patient,415a3a6d-8c6a-4b65-8223-8ff367305dbe,Oke Agbede Health Post
be328a7a-fb41-43d6-3eec-1710d76eb3ab,-111514727835,,01df3079-ee12-51ce-1c31-5edaffea4ff6,ambulatory,162673000,General examination of patient,415a3a6d-8c6a-4b65-8223-8ff367305dbe,Oke Agbede Health Post
c1ddfd46-e2c3-a131-76d2-7ae51faceec9,-16841927835,,01df3079-ee12-51ce-1c31-5edaffea4ff6,ambulatory,162673000,General examination of patient,415a3a6d-8c6a-4b65-8223-8ff367305dbe,Oke Agbede Health Post
c9253f9e-81eb-b31d-f4d1-5ca74102ddd0,14715672165,,01df3079-ee12-51ce-1c31-5edaffea4ff6,ambulatory,162673000,General examination of patient,415a3a6d-8c6a-4b65-8223-8ff367305dbe,Oke Agbede Health Post
e813839d-7c14-1a3a-28cd-e684041154c3,46273272165,,01df3079-ee12-51ce-1c31-5edaffea4ff6,ambulatory,162673000,General examination of patient,415a3a6d-8c6a-4b65-8223-8ff367305dbe,Oke Agbede Health Post
fe8f4412-15a5-0676-f9a9-7f61ff6c4dd6,109388472165,,01df3079-ee12-51ce-1c31-5edaffea4ff6,ambulatory,162673000,General examination of patient,415a3a6d-8c6a-4b65-8223-8ff367305dbe,Oke Agbede Health Post
abe9c90b-c205-ff76-5aa6-4c5530eea35f,140946072165,,01df3079-ee12-51ce-1c31-5edaffea4ff6,ambulatory,162673000,General examination of patient,415a3a6d-8c6a-4b65-8223-8ff367305dbe,Oke Agbede Health Post
eb297944-63d4-1085-b71c-67636aab8159,204061272165,,01df3079-ee12-51ce-1c31-5edaffea4ff6,ambulatory,162673000,General examination of patient,415a3a6d-8c6a-4b65-8223-8ff367305dbe,Oke Agbede Health Post
f7298b87-81a1-561a-64f8-6d50df429359,235618872165,,01df3079-ee12-51ce-1c31-5edaffea4ff6,ambulatory,162673000,General examination of patient,415a3a6d-8c6a-4b65-8223-8ff367305dbe,Oke Agbede Health Post
85a647ee-430f-52f9-728c-88b116f1c245,298734072165,,01df3079-ee12-51ce-1c31-5edaffea4ff6,ambulatory,162673000,General examination of patient,415a3a6d-8c6a-4b65-8223-8ff367305dbe,Oke Agbede Health Post
5bd63fd4-aeda-bf3a-3bbc-2a178f421be0,424964472165,,01df3079-ee12-51ce-1c31-5edaffea4ff6,ambulatory,162673000,General examination of patient,415a3a6d-8c6a-4b65-8223-8ff367305dbe,Oke Agbede Health Post
999c39c0-c7af-9db7-4df6-6d1480e0083b,456522072165,,01df3079-ee12-51ce-1c31-5edaffea4ff6,ambulatory,162673000,General examination of patient,415a3a6d-8c6a-4b65-8223-8ff367305dbe,Oke Agbede Health Post
221ad1a9-d00e-ecd5-bb93-33d647c3f42c,488079672165,,01df3079-ee12-51ce-1c31-5edaffea4ff6,ambulatory,162673000,General examination of patient,415a3a6d-8c6a-4b65-8223-8ff367305dbe,Oke Agbede Health Post
3a7a5743-b425-2bb9-87c3-c9f3b4a6d048,582752472165,,01df3079-ee12-51ce-1c31-5edaffea4ff6,ambulatory,162673000,General examination of patient,415a3a6d-8c6a-4b65-8223-8ff367305dbe,Oke Agbede Health Post
7d08199a-d629-bb4a-7e80-984c64b8be41,645867672165,,01df3079-ee12-51ce-1c31-5edaffea4ff6,ambulatory,162673000,General examination of patient,415a3a6d-8c6a-4b65-8223-8ff367305dbe,Oke Agbede Health Post
80180b47-abc8-cfda-7405-555666359846,677425272165,,01df3079-ee12-51ce-1c31-5edaffea4ff6,ambulatory,162673000,General examination of patient,415a3a6d-8c6a-4b65-8223-8ff367305dbe,Oke Agbede Health Post
29c8a211-b2bd-a9f0-5ef7-4cba75b054e2,708982872165,,01df3079-ee12-51ce-1c31-5edaffea4ff6,ambulatory,162673000,General examination of patient,415a3a6d-8c6a-4b65-8223-8ff367305dbe,Oke Agbede Health Post
a81c53f5-4275-b199-5b41-e68464abf75a,740540472165,,01df3079-ee12-51ce-1c31-5edaffea4ff6,ambulatory,162673000,General examination of patient,415a3a6d-8c6a-4b65-8223-8ff367305dbe,Oke Agbede Health Post
8076b6ff-f745-eae2-4f4c-48506e0a0042,772098072165,,01df3079-ee12-51ce-1c31-5edaffea4ff6,ambulatory,162673000,General examination of patient,415a3a6d-8c6a-4b65-8223-8ff367305dbe,Oke Agbede Health Post
24884d53-5308-fa88-049b-2e222fbdbc10,835213272165,,01df3079-ee12-51ce-1c31-5edaffea4ff6,ambulatory,162673000,General examination of patient,415a3a6d-8c6a-4b65-8223-8ff367305dbe,Oke Agbede Health Post
67491ba1-449c-4870-1466-ede87ae80e43,866770872165,,01df3079-ee12-51ce-1c31-5edaffea4ff6,ambulatory,162673000,General examination of patient,415a3a6d-8c6a-4b65-8223-8ff367305dbe,Oke Agbede Health Post
3a9e987b-57a4-be86-268a-47c135521ecb,961443672165,,01df3079-ee12-51ce-1c31-5edaffea4ff6,ambulatory,162673000,General examination of patient,415a3a6d-8c6a-4b65-8223-8ff367305dbe,Oke Agbede Health Post
6af69309-2d0e-c9ec-927b-405988946e63,993001272165,,01df3079-ee12-51ce-1c31-5edaffea4ff6,ambulatory,162673000,General examination of patient,415a3a6d-8c6a-4b65-8223-8ff367305dbe,Oke Agbede Health Post
cbe6b23e-24c5-489b-aadf-3837387e60e9,1024558872165,,01df3079-ee12-51ce-1c31-5edaffea4ff6,ambulatory,162673000,General examination of patient,415a3a6d-8c6a-4b65-8223-8ff367305dbe,Oke Agbede Health Post
1712c0c6-cc2b-7df0-75f0-78136b93d02b,1087674072165,,01df3079-ee12-51ce-1c31-5edaffea4ff6,ambulatory,162673000,General examination of patient,415a3a6d-8c6a-4b65-8223-8ff367305dbe,Oke Agbede Health Post
c5e77514-c6bb-14ad-c933-c7d09a5916da,1245462072165,,01df3079-ee12-51ce-1c31-5edaffea4ff6,ambulatory,162673000,General examination of patient,415a3a6d-8c6a-4b65-8223-8ff367305dbe,Oke Agbede Health Post
eba5ebc9-9eb6-a5b7-eeb3-837703f3a883,1371692472165,,01df3079-ee12-51ce-1c31-5edaffea4ff6,ambulatory,162673000,General examination of patient,415a3a6d-8c6a-4b65-8223-8ff367305dbe,Oke Agbede Health Post
79e2fa26-166f-7e11-fb3b-d89f84a9c585,1371930072165,,01df3079-ee12-51ce-1c31-5edaffea4ff6,ambulatory,185349003,Encounter for check up,415a3a6d-8c6a-4b65-8223-8ff367305dbe,Oke Agbede Health Post
ab506400-0289-ba1a-481a-71b0a1b054df,1403250072165,,01df3079-ee12-51ce-1c31-5edaffea4ff6,ambulatory,162673000,General examination of patient,415a3a6d-8c6a-4b65-8223-8ff367305dbe,Oke Agbede Health Post
b0fd0e83-eaf6-523d-aa5b-369099c11913,1434807672165,,01df3079-ee12-51ce-1c31-5edaffea4ff6,ambulatory,162673000,General examination of patient,415a3a6d-8c6a-4b65-8223-8ff367305dbe,Oke Agbede Health Post
be318746-5d60-7666-59a8-8052e0865799,1436066963382,,01df3079-ee12-51ce-1c31-5edaffea4ff6,ambulatory,185349003,Encounter for check up,415a3a6d-8c6a-4b65-8223-8ff367305dbe,Oke Agbede Health Post
dc4c69fd-ef76-918f-ca36-92a165dc27fd,1529480472165,,01df3079-ee12-51ce-1c31-5edaffea4ff6,ambulatory,162673000,General examination of patient,415a3a6d-8c6a-4b65-8223-8ff367305dbe,Oke Agbede Health Post
55500fa3-4a53-e620-c55c-a137cb5b200e,1592595672165,,01df3079-ee12-51ce-1c31-5edaffea4ff6,ambulatory,162673000,General examination of patient,415a3a6d-8c6a-4b65-8223-8ff367305dbe,Oke Agbede Health Post
648760de-a476-af13-7a45-c14e0925071a,1655710872165,,01df3079-ee12-51ce-1c31-5edaffea4ff6,ambulatory,162673000,General examination of patient,415a3a6d-8c6a-4b65-8223-8ff367305dbe,Oke Agbede Health Post
b685eec9-a2f3-e46d-41c2-ca2ad88fe19c,-147119727862,,7dffce29-c4a5-5113-cc60-155f6fb1b0b7,ambulatory,162673000,General examination of patient,2d645336-2c70-4771-86a7-f34e15e7c0cb,Atere Primary Health Center
71fda0f3-8eb9-a5af-72dd-ff4ada3dd62f,-147119727862,,7dffce29-c4a5-5113-cc60-155f6fb1b0b7,ambulatory,185349003,Encounter for check up,2d645336-2c70-4771-86a7-f34e15e7c0cb,Atere Primary Health Center
b2e39db0-7752-7d02-8a83-05189cb29f90,-115562127862,,7dffce29-c4a5-5113-cc60-155f6fb1b0b7,ambulatory,162673000,General examination of patient,2d645336-2c70-4771-86a7-f34e15e7c0cb,Atere Primary Health Center
21ae25df-af52-26cb-6660-7591df69d49a,-115110758254,,7dffce29-c4a5-5113-cc60-155f6fb1b0b7,ambulatory,185349003,Encounter for check up,2d645336-2c70-4771-86a7-f34e15e7c0cb,Atere Primary Health Center
80fcc18d-b242-db50-5188-4f0bbdc82ff1,-84004527862,,7dffce29-c4a5-5113-cc60-155f6fb1b0b7,ambulatory,162673000,General examination of patient,2d645336-2c70-4771-86a7-f34e15e7c0cb,Atere Primary Health Center
9ee6eb0a-4234-f754-1f9b-b1857f8108b7,-83139125233,,7dffce29-c4a5-5113-cc60-155f6fb1b0b7,ambulatory,185349003,Encounter for check up,2d645336-2c70-4771-86a7-f34e15e7c0cb,Atere Primary Health Center
ed95c232-8cfe-47b1-3a0e-f765e3c7520f,-52446927862,,7dffce29-c4a5-5113-cc60-155f6fb1b0b7,ambulatory,162673000,General examination of patient,2d645336-2c70-4771-86a7-f34e15e7c0cb,Atere Primary Health Center
4ece7b9e-e466-c767-bf1d-17954d2f188d,-51133506949,,7dffce29-c4a5-5113-cc60-155f6fb1b0b7,ambulatory,185349003,Encounter for check up,2d645336-2c70-4771-86a7-f34e15e7c0cb,Atere Primary Health Center
4986ef01-9d4f-80c0-1a66-af414dddc27a,10668272138,,7dffce29-c4a5-5113-cc60-155f6fb1b0b7,ambulatory,185349003,Encounter for check up,2d645336-2c70-4771-86a7-f34e15e7c0cb,Atere Primary Health Center
076dd105-3524-60da-731b-52f1056d9435,74663648721,,7dffce29-c4a5-5113-cc60-155f6fb1b0b7,ambulatory,185349003,Encounter for check up,2d645336-2c70-4771-86a7-f34e15e7c0cb,Atere Primary Health Center
f1603989-360d-a93a-94b7-54a98722bd50,170434616713,,7dffce29-c4a5-5113-cc60-155f6fb1b0b7,ambulatory,185349003,Encounter for check up,2d645336-2c70-4771-86a7-f34e15e7c0cb,Atere Primary Health Center
47b92f5f-9057-c43e-3679-ce2a1c51571e,263129072138,,7dffce29-c4a5-5113-cc60-155f6fb1b0b7,ambulatory,162673000,General examination of patient,2d645336-2c70-4771-86a7-f34e15e7c0cb,Atere Primary Health Center
060a240f-40fb-a587-d9b9-972367205174,294686672138,,7dffce29-c4a5-5113-cc60-155f6fb1b0b7,ambulatory,162673000,General examination of patient,2d645336-2c70-4771-86a7-f34e15e7c0cb,Atere Primary Health Center
1cb21a7a-0290-94c3-4789-6ba4dec716e5,326244272138,,7dffce29-c4a5-5113-cc60-155f6fb1b0b7,ambulatory,162673000,General examination of patient,2d645336-2c70-4771-86a7-f34e15e7c0cb,Atere Primary Health Center
73f77e3a-a7fc-bc80-0a43-a42ef63f4646,357801872138,,7dffce29-c4a5-5113-cc60-155f6fb1b0b7,ambulatory,162673000,General examination of patient,2d645336-2c70-4771-86a7-f34e15e7c0cb,Atere Primary Health Center
799633b9-91dd-47e7-6095-940059ff597d,389359472138,,7dffce29-c4a5-5113-cc60-155f6fb1b0b7,ambulatory,162673000,General examination of patient,2d645336-2c70-4771-86a7-f34e15e7c0cb,Atere Primary Health Center
37ce27f6-c44f-dfbd-25bc-a9fc7c6920a3,420917072138,,7dffce29-c4a5-5113-cc60-155f6fb1b0b7,ambulatory,162673000,General examination of patient,2d645336-2c70-4771-86a7-f34e15e7c0cb,Atere Primary Health Center
831830bf-67db-a4ca-b8f9-75da2bbbc682,515589872138,,7dffce29-c4a5-5113-cc60-155f6fb1b0b7,ambulatory,162673000,General examination of patient,2d645336-2c70-4771-86a7-f34e15e7c0cb,Atere Primary Health Center
71f32b33-613b-37f9-c6d8-6e06cb0a98d4,610262672138,,7dffce29-c4a5-5113-cc60-155f6fb1b0b7,ambulatory,162673000,General examination of patient,2d645336-2c70-4771-86a7-f34e15e7c0cb,Atere Primary Health Center
bea2a5c6-449c-62da-f78a-24d42292f1dd,641820272138,,7dffce29-c4a5-5113-cc60-155f6fb1b0b7,ambulatory,162673000,General examination of patient,2d645336-2c70-4771-86a7-f34e15e7c0cb,Atere Primary Health Center
469b5e34-8efe-a902-0acb-cdb901e2b2eb,704935472138,,7dffce29-c4a5-5113-cc60-155f6fb1b0b7,ambulatory,162673000,General examination of patient,2d645336-2c70-4771-86a7-f34e15e7c0cb,Atere Primary Health Center
821f8dc4-b11b-a70a-2d29-853be43ab6f4,736493072138,,7dffce29-c4a5-5113-cc60-155f6fb1b0b7,ambulatory,162673000,General examination of patient,2d645336-2c70-4771-86a7-f34e15e7c0cb,Atere Primary Health Center
6441fc15-b7c6-90a4-382e-1fedc207bd79,768050672138,,7dffce29-c4a5-5113-cc60-155f6fb1b0b7,ambulatory,162673000,General examination of patient,2d645336-2c70-4771-86a7-f34e15e7c0cb,Atere Primary Health Center
4e3bb183-b071-09ad-5a41-72c4b00c459a,799608272138,,7dffce29-c4a5-5113-cc60-155f6fb1b0b7,ambulatory,162673000,General examination of patient,2d645336-2c70-4771-86a7-f34e15e7c0cb,Atere Primary Health Center
9760b459-4af6-e353-3ced-44839e205444,1020511472138,,7dffce29-c4a5-5113-cc60-155f6fb1b0b7,ambulatory,162673000,General examination of patient,2d645336-2c70-4771-86a7-f34e15e7c0cb,Atere Primary Health Center
17cd7bdd-c65d-6ec2-4b1b-45105839991e,1052069072138,,7dffce29-c4a5-5113-cc60-155f6fb1b0b7,ambulatory,162673000,General examination of patient,2d645336-2c70-4771-86a7-f34e15e7c0cb,Atere Primary Health Center
dd3de07f-9cef-eedb-dab4-fbd26443ffd5,1146741872138,,7dffce29-c4a5-5113-cc60-155f6fb1b0b7,ambulatory,162673000,General examination of patient,2d645336-2c70-4771-86a7-f34e15e7c0cb,Atere Primary Health Center
3471ea28-b395-b59e-3962-bb61b334ff57,1178299472138,,7dffce29-c4a5-5113-cc60-155f6fb1b0b7,ambulatory,162673000,General examination of patient,2d645336-2c70-4771-86a7-f34e15e7c0cb,Atere Primary Health Center
0c409523-21ce-8827-d386-544725e89d2f,1209857072138,,7dffce29-c4a5-5113-cc60-155f6fb1b0b7,ambulatory,162673000,General examination of patient,2d645336-2c70-4771-86a7-f34e15e7c0cb,Atere Primary Health Center
c4e3ba55-c895-2bc0-cf47-96a2b11c8e84,1336087472138,,7dffce29-c4a5-5113-cc60-155f6fb1b0b7,ambulatory,162673000,General examination of patient,2d645336-2c70-4771-86a7-f34e15e7c0cb,Atere Primary Health Center
056bb9c7-6430-8064-ab3a-9547e8f78d4a,1399202672138,,7dffce29-c4a5-5113-cc60-155f6fb1b0b7,ambulatory,162673000,General examination of patient,2d645336-2c70-4771-86a7-f34e15e7c0cb,Atere Primary Health Center
e561db7d-86f3-2190-40b6-ae9799c1d611,1588548272138,,7dffce29-c4a5-5113-cc60-155f6fb1b0b7,ambulatory,162673000,General examination of patient,2d645336-2c70-4771-86a7-f34e15e7c0cb,Atere Primary Health Center
bdc5a3f9-d3ba-cd61-bcb0-653037303c32,1620105872138,,7dffce29-c4a5-5113-cc60-155f6fb1b0b7,ambulatory,162673000,General examination of patient,2d645336-2c70-4771-86a7-f34e15e7c0cb,Atere Primary Health Center
9a32223f-907c-a034-ab61-65b8b8f30478,1651663472138,,7dffce29-c4a5-5113-cc60-155f6fb1b0b7,ambulatory,162673000,General examination of patient,2d645336-2c70-4771-86a7-f34e15e7c0cb,Atere Primary Health Center
360dae5b-52e3-387b-67fa-5f09dd61cb62,1714778672138,,7dffce29-c4a5-5113-cc60-155f6fb1b0b7,ambulatory,162673000,General examination of patient,2d645336-2c70-4771-86a7-f34e15e7c0cb,Atere Primary Health Center
8d2c857b-69ec-fc18-b5bb-085ffa54ebb1,1777893872138,,7dffce29-c4a5-5113-cc60-155f6fb1b0b7,ambulatory,162673000,General examination of patient,2d645336-2c70-4771-86a7-f34e15e7c0cb,Atere Primary Health Center
280b53d5-a64b-d255-3055-cd06e50e51ab,1182384826619,,2a16f051-42a3-00f6-10a3-e48564fbe886,ambulatory,162673000,General examination of patient (procedure),5c63a064-0c45-4268-9cb7-3b421072430f,Topmost Clinic
afca2747-3585-f2fa-970a-284bb4407ca3,1182384826619,,2a16f051-42a3-00f6-10a3-e48564fbe886,ambulatory,185349003,Encounter for check up,5c63a064-0c45-4268-9cb7-3b421072430f,Topmost Clinic
27c9a238-a33f-8fa2-04ab-d08a508b2654,1213942426619,,2a16f051-42a3-00f6-10a3-e48564fbe886,ambulatory,162673000,General examination of patient,5c63a064-0c45-4268-9cb7-3b421072430f,Topmost Clinic
58a09710-fca5-e8a4-a4be-69718464f672,1214353486840,,2a16f051-42a3-00f6-10a3-e48564fbe886,ambulatory,185349003,Encounter for check up,5c63a064-0c45-4268-9cb7-3b421072430f,Topmost Clinic
141e6d1c-4344-06f2-b21a-7c6b5800a59f,1245500026619,,2a16f051-42a3-00f6-10a3-e48564fbe886,ambulatory,162673000,General examination of patient,5c63a064-0c45-4268-9cb7-3b421072430f,Topmost Clinic
51d20b82-58ba-7526-7a92-9838a01231bb,1245500026619,,2a16f051-42a3-00f6-10a3-e48564fbe886,ambulatory,185349003,Encounter for check up,5c63a064-0c45-4268-9cb7-3b421072430f,Topmost Clinic
59edd3aa-d776-17d7-6efd-c08553562272,1246212657686,,2a16f051-42a3-00f6-10a3-e48564fbe886,ambulatory,185349003,Encounter for check up,5c63a064-0c45-4268-9cb7-3b421072430f,Topmost Clinic
cb31bbc0-17cb-c58d-bf31-48922f622e0c,1277057626619,,2a16f051-42a3-00f6-10a3-e48564fbe886,ambulatory,162673000,General examination of patient,5c63a064-0c45-4268-9cb7-3b421072430f,Topmost Clinic
27ebf3ba-0019-a32a-8a23-26bda138c6f5,1340172826619,,2a16f051-42a3-00f6-10a3-e48564fbe886,ambulatory,162673000,General examination of patient,5c63a064-0c45-4268-9cb7-3b421072430f,Topmost Clinic
e82a2d50-d8cf-898f-80b0-764baa12da84,1371730426619,,2a16f051-42a3-00f6-10a3-e48564fbe886,ambulatory,162673000,General examination of patient,5c63a064-0c45-4268-9cb7-3b421072430f,Topmost Clinic
a0b0d08e-ad0f-4a19-3a94-7af0cda40491,1403288026619,,2a16f051-42a3-00f6-10a3-e48564fbe886,ambulatory,162673000,General examination of patient,5c63a064-0c45-4268-9cb7-3b421072430f,Topmost Clinic
d80aad54-e88d-7e27-3c83-8ef516395a26,1405310498520,,2a16f051-42a3-00f6-10a3-e48564fbe886,ambulatory,185349003,Encounter for check up (procedure),5c63a064-0c45-4268-9cb7-3b421072430f,Topmost Clinic
8a88e225-f123-8b41-adf3-7d3493e32185,1434845626619,,2a16f051-42a3-00f6-10a3-e48564fbe886,ambulatory,162673000,General examination of patient,5c63a064-0c45-4268-9cb7-3b421072430f,Topmost Clinic
2f2abf3f-71ed-5478-6c71-ffa853eef4ab,1529518426619,,2a16f051-42a3-00f6-10a3-e48564fbe886,ambulatory,162673000,General examination of patient,5c63a064-0c45-4268-9cb7-3b421072430f,Topmost Clinic
462ebda5-6d24-4928-43a4-0094fc86d6bb,1561076026619,,2a16f051-42a3-00f6-10a3-e48564fbe886,ambulatory,162673000,General examination of patient,5c63a064-0c45-4268-9cb7-3b421072430f,Topmost Clinic
c602c36b-6598-1d2d-5cd3-d85886ab8baf,1624191226619,,2a16f051-42a3-00f6-10a3-e48564fbe886,ambulatory,162673000,General examination of patient,5c63a064-0c45-4268-9cb7-3b421072430f,Topmost Clinic
abdddbd2-e74b-0c23-9f02-0b4dac06d339,1687306426619,,2a16f051-42a3-00f6-10a3-e48564fbe886,ambulatory,162673000,General examination of patient,5c63a064-0c45-4268-9cb7-3b421072430f,Topmost Clinic
f6f73574-e962-2466-8c3b-43caca1f4386,1718864026619,,2a16f051-42a3-00f6-10a3-e48564fbe886,ambulatory,162673000,General examination of patient,5c63a064-0c45-4268-9cb7-3b421072430f,Topmost Clinic
5835e12e-4fc7-f6a6-3593-33227a2bed93,1781979226619,,2a16f051-42a3-00f6-10a3-e48564fbe886,ambulatory,162673000,General examination of patient,5c63a064-0c45-4268-9cb7-3b421072430f,Topmost Clinic
e7f7aa6f-6981-ec83-79bd-b846a8951901,1143251869349,,2b9eeec9-14e2-900e-d6e1-262980204c00,ambulatory,162673000,General examination of patient,546a23e8-08fd-4f5f-80d3-4485950f57e5,Bello Private Hospital
a41e1bce-2c06-932a-1ef4-97b2542b633e,1143251869349,,2b9eeec9-14e2-900e-d6e1-262980204c00,ambulatory,185349003,Encounter for check up,546a23e8-08fd-4f5f-80d3-4485950f57e5,Bello Private Hospital
faf44234-4c4a-fc3b-c767-5d7161ca7db3,1143251869349,,2b9eeec9-14e2-900e-d6e1-262980204c00,ambulatory,185349003,Encounter for check up,546a23e8-08fd-4f5f-80d3-4485950f57e5,Bello Private Hospital
e24d5b7f-cef6-6521-a100-a9c99ab2973f,1174809469349,,2b9eeec9-14e2-900e-d6e1-262980204c00,ambulatory,162673000,General examination of patient,546a23e8-08fd-4f5f-80d3-4485950f57e5,Bello Private Hospital
b16936dd-9870-91b3-fc8a-3abf76e5ca20,1175143578946,,2b9eeec9-14e2-900e-d6e1-262980204c00,ambulatory,185349003,Encounter for check up,546a23e8-08fd-4f5f-80d3-4485950f57e5,Bello Private Hospital
0d4eb1d5-bfb6-656e-32b5-87846906a3da,1175617863158,,2b9eeec9-14e2-900e-d6e1-262980204c00,emergency,50849002,Emergency room admission,546a23e8-08fd-4f5f-80d3-4485950f57e5,Bello Private Hospital
30e0397c-44aa-67cd-d5c5-6d159c9781c3,1206367069349,,2b9eeec9-14e2-900e-d6e1-262980204c00,ambulatory,162673000,General examination of patient,546a23e8-08fd-4f5f-80d3-4485950f57e5,Bello Private Hospital
b15906f4-110e-13f3-8077-1e0ed163c8b8,1207191718994,,2b9eeec9-14e2-900e-d6e1-262980204c00,ambulatory,185349003,Encounter for check up,546a23e8-08fd-4f5f-80d3-4485950f57e5,Bello Private Hospital
a9720b3c-c934-c673-6d0d-39a500aef8a0,1237924669349,,2b9eeec9-14e2-900e-d6e1-262980204c00,ambulatory,162673000,General examination of patient,546a23e8-08fd-4f5f-80d3-4485950f57e5,Bello Private Hospital
88b9492b-c814-a8bc-51a8-445b79f41957,1239167504262,,2b9eeec9-14e2-900e-d6e1-262980204c00,ambulatory,185349003,Encounter for check up,546a23e8-08fd-4f5f-80d3-4485950f57e5,Bello Private Hospital
cb59162d-42cd-ffce-4dc2-a32c8943e72d,1269482269349,,2b9eeec9-14e2-900e-d6e1-262980204c00,ambulatory,162673000,General examination of patient,546a23e8-08fd-4f5f-80d3-4485950f57e5,Bello Private Hospital
8114d316-846e-6c7b-6928-300b8177ff81,1332597469349,,2b9eeec9-14e2-900e-d6e1-262980204c00,ambulatory,162673000,General examination of patient,546a23e8-08fd-4f5f-80d3-4485950f57e5,Bello Private Hospital
04cfe40b-9148-1023-8039-2d937b44e8ca,1365878194974,,2b9eeec9-14e2-900e-d6e1-262980204c00,ambulatory,185349003,Encounter for check up,546a23e8-08fd-4f5f-80d3-4485950f57e5,Bello Private Hospital
6efa288e-cbf5-df4d-2024-e9c7184c62fa,1395712669349,,2b9eeec9-14e2-900e-d6e1-262980204c00,ambulatory,162673000,General examination of patient,546a23e8-08fd-4f5f-80d3-4485950f57e5,Bello Private Hospital
9124ddd2-5551-8f83-28c0-95d2ab7f9fcf,1427270269349,,2b9eeec9-14e2-900e-d6e1-262980204c00,ambulatory,162673000,General examination of patient,546a23e8-08fd-4f5f-80d3-4485950f57e5,Bello Private Hospital
4757c8fb-9684-213b-31e0-971a0e6e10f5,1458827869349,,2b9eeec9-14e2-900e-d6e1-262980204c00,ambulatory,162673000,General examination of patient,546a23e8-08fd-4f5f-80d3-4485950f57e5,Bello Private Hospital
8a43f6d4-f87b-b8bc-46d5-59cc4d062c80,1490385469349,,2b9eeec9-14e2-900e-d6e1-262980204c00,ambulatory,162673000,General examination of patient,546a23e8-08fd-4f5f-80d3-4485950f57e5,Bello Private Hospital
b63472a3-8d12-a754-562d-61d02c162d63,1521943069349,,2b9eeec9-14e2-900e-d6e1-262980204c00,ambulatory,162673000,General examination of patient,546a23e8-08fd-4f5f-80d3-4485950f57e5,Bello Private Hospital
bed40845-6e4e-f794-626c-41da9d59e48e,1524610651536,,2b9eeec9-14e2-900e-d6e1-262980204c00,ambulatory,185349003,Encounter for check up,546a23e8-08fd-4f5f-80d3-4485950f57e5,Bello Private Hospital
a188aabb-e0a8-0704-2b74-33e66884cf97,1557066577901,,2b9eeec9-14e2-900e-d6e1-262980204c00,ambulatory,185349003,Encounter for check up,546a23e8-08fd-4f5f-80d3-4485950f57e5,Bello Private Hospital
9ab0779e-fb8c-d8de-8ad5-dcfda1d9abee,1585058269349,,2b9eeec9-14e2-900e-d6e1-262980204c00,ambulatory,162673000,General examination of patient,546a23e8-08fd-4f5f-80d3-4485950f57e5,Bello Private Hospital
4b7f1168-8f8f-ea89-9f02-0eca66581b6a,1616615869349,,2b9eeec9-14e2-900e-d6e1-262980204c00,ambulatory,162673000,General examination of patient,546a23e8-08fd-4f5f-80d3-4485950f57e5,Bello Private Hospital
efc8ce1e-6623-935f-db6c-c657c97c9302,1711288669349,,2b9eeec9-14e2-900e-d6e1-262980204c00,ambulatory,162673000,General examination of patient,546a23e8-08fd-4f5f-80d3-4485950f57e5,Bello Private Hospital
e0c71d1b-03ee-5fbb-a8b1-0807ef00a45b,1774403869349,,2b9eeec9-14e2-900e-d6e1-262980204c00,ambulatory,162673000,General examination of patient,546a23e8-08fd-4f5f-80d3-4485950f57e5,Bello Private Hospital
a001a8e1-c89f-6514-cef1-7e9b085920eb,-1296879947845,,c54cec14-af70-1a35-90da-3f7f2e4a106c,ambulatory,162673000,General examination of patient (procedure),5007f2fe-8821-446f-a38d-f206df8fa1b5,Mdgs Oloti Lagbua Area
0019d1c7-2b91-9381-7ed3-198152833c14,-1296879947845,,c54cec14-af70-1a35-90da-3f7f2e4a106c,ambulatory,185349003,Encounter for check up,5007f2fe-8821-446f-a38d-f206df8fa1b5,Mdgs Oloti Lagbua Area
6377fb6c-03b4-5aa8-dc18-adeed345b1b6,-1265322347845,,c54cec14-af70-1a35-90da-3f7f2e4a106c,ambulatory,185349003,Encounter for check up,5007f2fe-8821-446f-a38d-f206df8fa1b5,Mdgs Oloti Lagbua Area
dafec00a-2f9f-00f7-baf0-daeed670d19f,-1233764747845,,c54cec14-af70-1a35-90da-3f7f2e4a106c,ambulatory,162673000,General examination of patient,5007f2fe-8821-446f-a38d-f206df8fa1b5,Mdgs Oloti Lagbua Area
65eefece-321b-f02d-0f78-d9a74d3085a0,-1233298063538,,c54cec14-af70-1a35-90da-3f7f2e4a106c,ambulatory,185349003,Encounter for check up,5007f2fe-8821-446f-a38d-f206df8fa1b5,Mdgs Oloti Lagbua Area
00bd55f6-e990-1ea3-8c8a-fe432ff33bc1,-1232649288882,,c54cec14-af70-1a35-90da-3f7f2e4a106c,ambulatory,185349003,Encounter for check up,5007f2fe-8821-446f-a38d-f206df8fa1b5,Mdgs Oloti Lagbua Area
865e960f-7a21-68c8-ee30-8bf43a3a953d,-1202207147845,,c54cec14-af70-1a35-90da-3f7f2e4a106c,ambulatory,162673000,General examination of patient,5007f2fe-8821-446f-a38d-f206df8fa1b5,Mdgs Oloti Lagbua Area
f7847786-99b8-a58f-dd82-d6dd28db2029,-1201365258872,,c54cec14-af70-1a35-90da-3f7f2e4a106c,emergency,50849002,Emergency room admission,5007f2fe-8821-446f-a38d-f206df8fa1b5,Mdgs Oloti Lagbua Area
ef6c7879-6704-2296-8603-aab2603d2c50,-1170649547845,,c54cec14-af70-1a35-90da-3f7f2e4a106c,ambulatory,162673000,General examination of patient,5007f2fe-8821-446f-a38d-f206df8fa1b5,Mdgs Oloti Lagbua Area
7fc882db-ff74-92fb-86ce-c635f1f09b0e,-1139091947845,,c54cec14-af70-1a35-90da-3f7f2e4a106c,ambulatory,162673000,General examination of patient,5007f2fe-8821-446f-a38d-f206df8fa1b5,Mdgs Oloti Lagbua Area
0c43a68d-9d3c-55c5-eede-ca1c9df13621,-1107534347845,,c54cec14-af70-1a35-90da-3f7f2e4a106c,ambulatory,162673000,General examination of patient,5007f2fe-8821-446f-a38d-f206df8fa1b5,Mdgs Oloti Lagbua Area
3362585d-f365-2d17-2aa8-231db04959b7,-1075976747845,,c54cec14-af70-1a35-90da-3f7f2e4a106c,ambulatory,162673000,General examination of patient,5007f2fe-8821-446f-a38d-f206df8fa1b5,Mdgs Oloti Lagbua Area
ec806d30-ee5f-713f-7ea7-76190275fb9f,-1012861547845,,c54cec14-af70-1a35-90da-3f7f2e4a106c,ambulatory,162673000,General examination of patient,5007f2fe-8821-446f-a38d-f206df8fa1b5,Mdgs Oloti Lagbua Area
7c10e47f-1bec-63e9-dc04-0971a4969a59,-1010592797692,,c54cec14-af70-1a35-90da-3f7f2e4a106c,ambulatory,185349003,Encounter for check up,5007f2fe-8821-446f-a38d-f206df8fa1b5,Mdgs Oloti Lagbua Area
22f4601f-0fdb-62b9-8c14-3de51ecf8ec4,-981303947845,,c54cec14-af70-1a35-90da-3f7f2e4a106c,ambulatory,162673000,General examination of patient,5007f2fe-8821-446f-a38d-f206df8fa1b5,Mdgs Oloti Lagbua Area
758f0386-732e-1657-b251-e2c3fc0a9c2c,-949746347845,,c54cec14-af70-1a35-90da-3f7f2e4a106c,ambulatory,162673000,General examination of patient,5007f2fe-8821-446f-a38d-f206df8fa1b5,Mdgs Oloti Lagbua Area
a3473720-45ab-1a50-57a3-42782afee717,-823515947845,,c54cec14-af70-1a35-90da-3f7f2e4a106c,ambulatory,162673000,General examination of patient,5007f2fe-8821-446f-a38d-f206df8fa1b5,Mdgs Oloti Lagbua Area
e83c3772-863a-cb9a-0cc1-8147a701ce3b,-728843147845,,c54cec14-af70-1a35-90da-3f7f2e4a106c,ambulatory,162673000,General examination of patient,5007f2fe-8821-446f-a38d-f206df8fa1b5,Mdgs Oloti Lagbua Area
a22e326d-1320-0346-1d8e-1e755facce75,-634170347845,,c54cec14-af70-1a35-90da-3f7f2e4a106c,ambulatory,162673000,General examination of patient,5007f2fe-8821-446f-a38d-f206df8fa1b5,Mdgs Oloti Lagbua Area
ffe6bdb6-5890-dc02-75fe-92984ff36223,-539497547845,,c54cec14-af70-1a35-90da-3f7f2e4a106c,ambulatory,162673000,General examination of patient,5007f2fe-8821-446f-a38d-f206df8fa1b5,Mdgs Oloti Lagbua Area
64ff7261-9404-52a8-07c4-e889d5424bfd,-507939947845,,c54cec14-af70-1a35-90da-3f7f2e4a106c,ambulatory,162673000,General examination of patient,5007f2fe-8821-446f-a38d-f206df8fa1b5,Mdgs Oloti Lagbua Area
9fbc2688-f342-aa35-648f-93ae7e32ea69,-444824747845,,c54cec14-af70-1a35-90da-3f7f2e4a106c,ambulatory,162673000,General examination of patient,5007f2fe-8821-446f-a38d-f206df8fa1b5,Mdgs Oloti Lagbua Area
1ecf114e-01fb-8a41-c1a9-bbce094200cd,-413267147845,,c54cec14-af70-1a35-90da-3f7f2e4a106c,ambulatory,162673000,General examination of patient,5007f2fe-8821-446f-a38d-f206df8fa1b5,Mdgs Oloti Lagbua Area
23c8df62-2bfc-3ca2-a858-eec82eb97117,-255479147845,,c54cec14-af70-1a35-90da-3f7f2e4a106c,ambulatory,162673000,General examination of patient,5007f2fe-8821-446f-a38d-f206df8fa1b5,Mdgs Oloti Lagbua Area
15ebddd9-0116-31e9-ba97-a17d02126ee3,-129248747845,,c54cec14-af70-1a35-90da-3f7f2e4a106c,ambulatory,162673000,General examination of patient,5007f2fe-8821-446f-a38d-f206df8fa1b5,Mdgs Oloti Lagbua Area
d826e5bb-3240-89ef-80a9-bb04c7e25415,-97691147845,,c54cec14-af70-1a35-90da-3f7f2e4a106c,ambulatory,162673000,General examination of patient,5007f2fe-8821-446f-a38d-f206df8fa1b5,Mdgs Oloti Lagbua Area
8f860584-cf5e-0e06-0c01-56e370326bb0,-34575947845,,c54cec14-af70-1a35-90da-3f7f2e4a106c,ambulatory,162673000,General examination of patient,5007f2fe-8821-446f-a38d-f206df8fa1b5,Mdgs Oloti Lagbua Area
e7eaa366-c171-b821-3bb7-34023ee1e9de,-3018347845,,c54cec14-af70-1a35-90da-3f7f2e4a106c,ambulatory,162673000,General examination of patient,5007f2fe-8821-446f-a38d-f206df8fa1b5,Mdgs Oloti Lagbua Area
2ca7cce7-9275-d40b-952d-00428fc912c6,60096852155,,c54cec14-af70-1a35-90da-3f7f2e4a106c,ambulatory,162673000,General examination of patient,5007f2fe-8821-446f-a38d-f206df8fa1b5,Mdgs Oloti Lagbua Area
579af30b-535e-9ab2-3321-92f750ac185f,91654452155,,c54cec14-af70-1a35-90da-3f7f2e4a106c,ambulatory,162673000,General examination of patient,5007f2fe-8821-446f-a38d-f206df8fa1b5,Mdgs Oloti Lagbua Area
54d0ad9e-9537-27e6-0834-2f384821e0d8,186327252155,,c54cec14-af70-1a35-90da-3f7f2e4a106c,ambulatory,162673000,General examination of patient,5007f2fe-8821-446f-a38d-f206df8fa1b5,Mdgs Oloti Lagbua Area
217c0a06-a656-6ab9-3c11-aa67e05e02bf,281000052155,,c54cec14-af70-1a35-90da-3f7f2e4a106c,ambulatory,162673000,General examination of patient,5007f2fe-8821-446f-a38d-f206df8fa1b5,Mdgs Oloti Lagbua Area
2d42c704-4f9a-e15d-d9dd-880883c6c327,344115252155,,c54cec14-af70-1a35-90da-3f7f2e4a106c,ambulatory,162673000,General examination of patient,5007f2fe-8821-446f-a38d-f206df8fa1b5,Mdgs Oloti Lagbua Area
71805604-be41-16d6-fa8b-920ce533e90b,375672852155,,c54cec14-af70-1a35-90da-3f7f2e4a106c,ambulatory,162673000,General examination of patient,5007f2fe-8821-446f-a38d-f206df8fa1b5,Mdgs Oloti Lagbua Area
58097a50-c5c0-bb9c-0ffc-d7bccc293006,407230452155,,c54cec14-af70-1a35-90da-3f7f2e4a106c,ambulatory,162673000,General examination of patient,5007f2fe-8821-446f-a38d-f206df8fa1b5,Mdgs Oloti Lagbua Area
0df7ece1-53bb-b1a6-3553-08800a30b763,501903252155,,c54cec14-af70-1a35-90da-3f7f2e4a106c,ambulatory,162673000,General examination of patient,5007f2fe-8821-446f-a38d-f206df8fa1b5,Mdgs Oloti Lagbua Area
8aa96858-f190-8e89-97be-5ee4cc4e206b,596576052155,,c54cec14-af70-1a35-90da-3f7f2e4a106c,ambulatory,162673000,General examination of patient,5007f2fe-8821-446f-a38d-f206df8fa1b5,Mdgs Oloti Lagbua Area
03825421-8255-6897-a99c-ff6612469701,817479252155,,c54cec14-af70-1a35-90da-3f7f2e4a106c,ambulatory,162673000,General examination of patient,5007f2fe-8821-446f-a38d-f206df8fa1b5,Mdgs Oloti Lagbua Area
749f916e-2267-cde7-f04f-cd49cdc2e00a,880594452155,,c54cec14-af70-1a35-90da-3f7f2e4a106c,ambulatory,162673000,General examination of patient,5007f2fe-8821-446f-a38d-f206df8fa1b5,Mdgs Oloti Lagbua Area
6e56f662-6075-eb83-0249-07b73ec1ed38,880832052155,,c54cec14-af70-1a35-90da-3f7f2e4a106c,emergency,50849002,Emergency room admission,5007f2fe-8821-446f-a38d-f206df8fa1b5,Mdgs Oloti Lagbua Area
abdbd807-77ce-9983-a63c-d2b720b2a5c1,975267252155,,c54cec14-af70-1a35-90da-3f7f2e4a106c,ambulatory,162673000,General examination of patient,5007f2fe-8821-446f-a38d-f206df8fa1b5,Mdgs Oloti Lagbua Area
2e04b2e3-45c5-5c28-1d2f-c71223cd798f,1164612852155,,c54cec14-af70-1a35-90da-3f7f2e4a106c,ambulatory,162673000,General examination of patient,5007f2fe-8821-446f-a38d-f206df8fa1b5,Mdgs Oloti Lagbua Area
fbbdd895-9fad-7d93-5748-0b1365a23b1c,1165880492679,,c54cec14-af70-1a35-90da-3f7f2e4a106c,ambulatory,185349003,Encounter for check up,5007f2fe-8821-446f-a38d-f206df8fa1b5,Mdgs Oloti Lagbua Area
9d98e115-53bc-2006-e82a-63b5b1fbefd8,1196170452155,,c54cec14-af70-1a35-90da-3f7f2e4a106c,ambulatory,162673000,General examination of patient,5007f2fe-8821-446f-a38d-f206df8fa1b5,Mdgs Oloti Lagbua Area
c57fa3c2-2af9-248d-9884-fd75ba20dc97,1259523252155,,c54cec14-af70-1a35-90da-3f7f2e4a106c,ambulatory,185349003,Encounter for check up,5007f2fe-8821-446f-a38d-f206df8fa1b5,Mdgs Oloti Lagbua Area
c4cdeafe-f5d7-8d52-50c3-dfb360729629,1322400852155,,c54cec14-af70-1a35-90da-3f7f2e4a106c,ambulatory,162673000,General examination of patient,5007f2fe-8821-446f-a38d-f206df8fa1b5,Mdgs Oloti Lagbua Area
004dd8e6-3c56-ee12-1060-5b52a9addb8b,1353958452155,,c54cec14-af70-1a35-90da-3f7f2e4a106c,ambulatory,162673000,General examination of patient,5007f2fe-8821-446f-a38d-f206df8fa1b5,Mdgs Oloti Lagbua Area
17f0d605-a725-f1ef-7021-ff4074b0f301,1417073652155,,c54cec14-af70-1a35-90da-3f7f2e4a106c,ambulatory,162673000,General examination of patient,5007f2fe-8821-446f-a38d-f206df8fa1b5,Mdgs Oloti Lagbua Area
ad28226a-4d92-c366-aae3-016234849c55,1480188852155,,c54cec14-af70-1a35-90da-3f7f2e4a106c,ambulatory,162673000,General examination of patient,5007f2fe-8821-446f-a38d-f206df8fa1b5,Mdgs Oloti Lagbua Area
d7e40ef0-1ac2-3905-3d05-fff1af475b1a,1511746452155,,c54cec14-af70-1a35-90da-3f7f2e4a106c,ambulatory,162673000,General examination of patient,5007f2fe-8821-446f-a38d-f206df8fa1b5,Mdgs Oloti Lagbua Area
f7af7363-666e-ca81-06e8-e50b85f9dc5b,1543304052155,,c54cec14-af70-1a35-90da-3f7f2e4a106c,ambulatory,162673000,General examination of patient,5007f2fe-8821-446f-a38d-f206df8fa1b5,Mdgs Oloti Lagbua Area
66c3148e-5a41-e8b3-3d82-343c43f638e5,1637976852155,,c54cec14-af70-1a35-90da-3f7f2e4a106c,ambulatory,162673000,General examination of patient,5007f2fe-8821-446f-a38d-f206df8fa1b5,Mdgs Oloti Lagbua Area
b0ea63e0-155c-4d8c-5649-b58439478d08,-1028060210274,,b58a4f45-4270-22dd-b21f-3c22b673586c,ambulatory,162673000,General examination of patient,3d7298cb-4abe-43f2-9a99-8794c8d83b6f,Trinity Maternity Home
025788d1-9008-ecdc-387f-3774d304de87,-1028060210274,,b58a4f45-4270-22dd-b21f-3c22b673586c,ambulatory,185349003,Encounter for check up,3d7298cb-4abe-43f2-9a99-8794c8d83b6f,Trinity Maternity Home
8852b7f5-a08e-3f94-8477-6364229fac98,-996502610274,,b58a4f45-4270-22dd-b21f-3c22b673586c,ambulatory,162673000,General examination of patient,3d7298cb-4abe-43f2-9a99-8794c8d83b6f,Trinity Maternity Home
79e7c4ec-eb95-023b-2467-775bb525665b,-996214034856,,b58a4f45-4270-22dd-b21f-3c22b673586c,ambulatory,185349003,Encounter for check up,3d7298cb-4abe-43f2-9a99-8794c8d83b6f,Trinity Maternity Home
47b84cc8-1981-1ae6-84e9-9b5396e668ec,-996502610274,,b58a4f45-4270-22dd-b21f-3c22b673586c,ambulatory,185349003,Encounter for check up,3d7298cb-4abe-43f2-9a99-8794c8d83b6f,Trinity Maternity Home
248fa04c-8ad5-3d94-f0dd-f8297201945b,-964258215324,,b58a4f45-4270-22dd-b21f-3c22b673586c,ambulatory,185349003,Encounter for check up,3d7298cb-4abe-43f2-9a99-8794c8d83b6f,Trinity Maternity Home
d9287db3-ce6a-76a4-0aaa-281b43fb6ba1,-932304427059,,b58a4f45-4270-22dd-b21f-3c22b673586c,ambulatory,185349003,Encounter for check up,3d7298cb-4abe-43f2-9a99-8794c8d83b6f,Trinity Maternity Home
5aa1b077-7eb7-6a8e-8bcf-363dcb4a9221,-932405731205,,b58a4f45-4270-22dd-b21f-3c22b673586c,ambulatory,185349003,Encounter for check up,3d7298cb-4abe-43f2-9a99-8794c8d83b6f,Trinity Maternity Home
522130ee-f4c7-be5d-8848-f4213f579c71,-870272210274,,b58a4f45-4270-22dd-b21f-3c22b673586c,ambulatory,162673000,General examination of patient,3d7298cb-4abe-43f2-9a99-8794c8d83b6f,Trinity Maternity Home
e01bc83c-6a28-1ef8-cae5-326ce003832d,-807157010274,,b58a4f45-4270-22dd-b21f-3c22b673586c,ambulatory,162673000,General examination of patient,3d7298cb-4abe-43f2-9a99-8794c8d83b6f,Trinity Maternity Home
8aa3e2be-3aeb-40e9-86b5-ea0504eaf605,-775599410274,,b58a4f45-4270-22dd-b21f-3c22b673586c,ambulatory,162673000,General examination of patient,3d7298cb-4abe-43f2-9a99-8794c8d83b6f,Trinity Maternity Home
000c0597-6d6a-5714-d676-fbe2d5abfb65,-712484210274,,b58a4f45-4270-22dd-b21f-3c22b673586c,ambulatory,162673000,General examination of patient,3d7298cb-4abe-43f2-9a99-8794c8d83b6f,Trinity Maternity Home
39ca046d-3bf7-9e2a-7458-eaa35e47949d,-680926610274,,b58a4f45-4270-22dd-b21f-3c22b673586c,ambulatory,162673000,General examination of patient,3d7298cb-4abe-43f2-9a99-8794c8d83b6f,Trinity Maternity Home
d984ff5d-1edb-b043-494c-00091c26ff30,-649369010274,,b58a4f45-4270-22dd-b21f-3c22b673586c,ambulatory,162673000,General examination of patient,3d7298cb-4abe-43f2-9a99-8794c8d83b6f,Trinity Maternity Home
6069d972-cd51-5a2f-1e13-df702b84e65c,-554696210274,,b58a4f45-4270-22dd-b21f-3c22b673586c,ambulatory,162673000,General examination of patient,3d7298cb-4abe-43f2-9a99-8794c8d83b6f,Trinity Maternity Home
e8e9c03a-ecaf-9bcc-ab5e-077dd1768e31,-460023410274,,b58a4f45-4270-22dd-b21f-3c22b673586c,ambulatory,162673000,General examination of patient,3d7298cb-4abe-43f2-9a99-8794c8d83b6f,Trinity Maternity Home
aa4a1514-6068-f895-c985-60f93429e6f9,-396908210274,,b58a4f45-4270-22dd-b21f-3c22b673586c,ambulatory,162673000,General examination of patient,3d7298cb-4abe-43f2-9a99-8794c8d83b6f,Trinity Maternity Home
48c385fa-f55e-04b9-c91e-0b95e596d3f7,-333793010274,,b58a4f45-4270-22dd-b21f-3c22b673586c,ambulatory,162673000,General examination of patient,3d7298cb-4abe-43f2-9a99-8794c8d83b6f,Trinity Maternity Home
0062d8a9-14eb-f6d5-1043-48d3dad018a5,-302235410274,,b58a4f45-4270-22dd-b21f-3c22b673586c,ambulatory,162673000,General examination of patient,3d7298cb-4abe-43f2-9a99-8794c8d83b6f,Trinity Maternity Home
93019aeb-1b89-ca07-10c7-5a9c670a04b4,-270677810274,,b58a4f45-4270-22dd-b21f-3c22b673586c,ambulatory,162673000,General examination of patient,3d7298cb-4abe-43f2-9a99-8794c8d83b6f,Trinity Maternity Home
d855af55-565f-f602-751d-1eafc95fe777,-176005010274,,b58a4f45-4270-22dd-b21f-3c22b673586c,ambulatory,162673000,General examination of patient,3d7298cb-4abe-43f2-9a99-8794c8d83b6f,Trinity Maternity Home
93e8c37a-9486-5c36-a252-6ca333ea3502,-112889810274,,b58a4f45-4270-22dd-b21f-3c22b673586c,ambulatory,162673000,General examination of patient,3d7298cb-4abe-43f2-9a99-8794c8d83b6f,Trinity Maternity Home
7b9800ce-020c-54e4-beb8-36e2883cd11f,-81332210274,,b58a4f45-4270-22dd-b21f-3c22b673586c,ambulatory,162673000,General examination of patient,3d7298cb-4abe-43f2-9a99-8794c8d83b6f,Trinity Maternity Home
d4fbcd17-4e2b-ee9b-6abb-dbd39eeeba6c,13340589726,,b58a4f45-4270-22dd-b21f-3c22b673586c,ambulatory,162673000,General examination of patient,3d7298cb-4abe-43f2-9a99-8794c8d83b6f,Trinity Maternity Home
9ea3a596-1879-5830-2831-bdbdc7d27257,44898189726,,b58a4f45-4270-22dd-b21f-3c22b673586c,ambulatory,162673000,General examination of patient,3d7298cb-4abe-43f2-9a99-8794c8d83b6f,Trinity Maternity Home
760bc2be-0abf-c0d2-d3c0-1a67418bb62b,76455789726,,b58a4f45-4270-22dd-b21f-3c22b673586c,ambulatory,162673000,General examination of patient,3d7298cb-4abe-43f2-9a99-8794c8d83b6f,Trinity Maternity Home
935e07c2-a52f-79a5-3a0b-78b429b2f584,108013389726,,b58a4f45-4270-22dd-b21f-3c22b673586c,ambulatory,162673000,General examination of patient,3d7298cb-4abe-43f2-9a99-8794c8d83b6f,Trinity Maternity Home
af1c7486-9265-9f41-16b4-c8d122ff63fd,139570989726,,b58a4f45-4270-22dd-b21f-3c22b673586c,ambulatory,162673000,General examination of patient,3d7298cb-4abe-43f2-9a99-8794c8d83b6f,Trinity Maternity Home
4a4b6e32-8109-d369-4614-4102053cbc2c,202686189726,,b58a4f45-4270-22dd-b21f-3c22b673586c,ambulatory,162673000,General examination of patient,3d7298cb-4abe-43f2-9a99-8794c8d83b6f,Trinity Maternity Home
4bb8f36d-d138-58b3-fa7c-0994cdf471c5,234243789726,,b58a4f45-4270-22dd-b21f-3c22b673586c,ambulatory,162673000,General examination of patient,3d7298cb-4abe-43f2-9a99-8794c8d83b6f,Trinity Maternity Home
c7e7c52d-296d-369d-52ae-d8714601f0f9,265801389726,,b58a4f45-4270-22dd-b21f-3c22b673586c,ambulatory,162673000,General examination of patient,3d7298cb-4abe-43f2-9a99-8794c8d83b6f,Trinity Maternity Home
454eacb2-a395-e457-8b2c-90b06e06c5d0,328916589726,,b58a4f45-4270-22dd-b21f-3c22b673586c,ambulatory,162673000,General examination of patient,3d7298cb-4abe-43f2-9a99-8794c8d83b6f,Trinity Maternity Home
1c30f827-9f86-894a-2eab-934938df5a9c,455146989726,,b58a4f45-4270-22dd-b21f-3c22b673586c,ambulatory,162673000,General examination of patient,3d7298cb-4abe-43f2-9a99-8794c8d83b6f,Trinity Maternity Home
d091473e-dd21-5678-338e-1da71959cdf8,486704589726,,b58a4f45-4270-22dd-b21f-3c22b673586c,ambulatory,162673000,General examination of patient,3d7298cb-4abe-43f2-9a99-8794c8d83b6f,Trinity Maternity Home
6994f7bd-2e8b-9724-a43d-e2655fbca3f6,612934989726,,b58a4f45-4270-22dd-b21f-3c22b673586c,ambulatory,162673000,General examination of patient,3d7298cb-4abe-43f2-9a99-8794c8d83b6f,Trinity Maternity Home
c4338c95-be54-e4bc-2be0-cd39354c4df4,644492589726,,b58a4f45-4270-22dd-b21f-3c22b673586c,ambulatory,162673000,General examination of patient,3d7298cb-4abe-43f2-9a99-8794c8d83b6f,Trinity Maternity Home
73434b6f-b3d2-0a4e-f5f7-0cc6aa8518a8,676050189726,,b58a4f45-4270-22dd-b21f-3c22b673586c,ambulatory,162673000,General examination of patient,3d7298cb-4abe-43f2-9a99-8794c8d83b6f,Trinity Maternity Home
0c47b783-b262-99fd-53fa-b92dea38a703,802280589726,,b58a4f45-4270-22dd-b21f-3c22b673586c,ambulatory,162673000,General examination of patient,3d7298cb-4abe-43f2-9a99-8794c8d83b6f,Trinity Maternity Home
4af4388b-c3f9-fdd3-74d8-2362311623cb,833838189726,,b58a4f45-4270-22dd-b21f-3c22b673586c,ambulatory,162673000,General examination of patient,3d7298cb-4abe-43f2-9a99-8794c8d83b6f,Trinity Maternity Home
13d9e74d-6d07-eb0d-fbdf-0a062845ebda,1023183789726,,b58a4f45-4270-22dd-b21f-3c22b673586c,ambulatory,162673000,General examination of patient,3d7298cb-4abe-43f2-9a99-8794c8d83b6f,Trinity Maternity Home
03a85f7b-87e6-d1bb-cc14-1996c046e600,1056578021390,,b58a4f45-4270-22dd-b21f-3c22b673586c,ambulatory,185349003,Encounter for check up (procedure),3d7298cb-4abe-43f2-9a99-8794c8d83b6f,Trinity Maternity Home
6cc1b399-b35b-8417-e47a-fcfb23c42289,1086298989726,,b58a4f45-4270-22dd-b21f-3c22b673586c,ambulatory,162673000,General examination of patient,3d7298cb-4abe-43f2-9a99-8794c8d83b6f,Trinity Maternity Home
8e5287f0-e585-802c-ec77-336759be43d9,1212529389726,,b58a4f45-4270-22dd-b21f-3c22b673586c,ambulatory,162673000,General examination of patient,3d7298cb-4abe-43f2-9a99-8794c8d83b6f,Trinity Maternity Home
990246ac-9f39-01c3-eea6-2d783fa46fc9,1244086989726,,b58a4f45-4270-22dd-b21f-3c22b673586c,ambulatory,162673000,General examination of patient,3d7298cb-4abe-43f2-9a99-8794c8d83b6f,Trinity Maternity Home
12c2d7af-0813-03dd-b01e-bc5e09201061,1338759789726,,b58a4f45-4270-22dd-b21f-3c22b673586c,ambulatory,162673000,General examination of patient,3d7298cb-4abe-43f2-9a99-8794c8d83b6f,Trinity Maternity Home
7cac687c-44fc-f521-48c3-e42ecaf21161,1401874989726,,b58a4f45-4270-22dd-b21f-3c22b673586c,ambulatory,162673000,General examination of patient,3d7298cb-4abe-43f2-9a99-8794c8d83b6f,Trinity Maternity Home
705c635d-16db-c8c8-e8d0-23924da9102c,1433432589726,,b58a4f45-4270-22dd-b21f-3c22b673586c,ambulatory,162673000,General examination of patient,3d7298cb-4abe-43f2-9a99-8794c8d83b6f,Trinity Maternity Home
3564e28d-2616-8355-99aa-71c7ac9b1a1c,1464990189726,,b58a4f45-4270-22dd-b21f-3c22b673586c,ambulatory,162673000,General examination of patient,3d7298cb-4abe-43f2-9a99-8794c8d83b6f,Trinity Maternity Home
17ab9f66-4b54-d1dc-d6d2-338e27fe3b30,1559662989726,,b58a4f45-4270-22dd-b21f-3c22b673586c,ambulatory,162673000,General examination of patient,3d7298cb-4abe-43f2-9a99-8794c8d83b6f,Trinity Maternity Home
20eb6e39-d097-f531-7f85-ee2e0fddac92,1559900589726,,b58a4f45-4270-22dd-b21f-3c22b673586c,emergency,50849002,Emergency room admission,3d7298cb-4abe-43f2-9a99-8794c8d83b6f,Trinity Maternity Home
2914c39d-750d-d691-55fc-07f8fc7f92ab,1685893389726,,b58a4f45-4270-22dd-b21f-3c22b673586c,ambulatory,162673000,General examination of patient,3d7298cb-4abe-43f2-9a99-8794c8d83b6f,Trinity Maternity Home
443fac8d-629c-04ec-95aa-81900df7e2da,1015320496332,,324ff915-e278-53e2-3541-c57c771705b9,ambulatory,162673000,General examination of patient (procedure),07396f8a-2e6f-43a0-9fbf-d69233577e88,Cac Maternity Home
0c7e108d-2787-5d21-8881-bccd7848fc6c,1015320496332,,324ff915-e278-53e2-3541-c57c771705b9,ambulatory,185349003,Encounter for check up,07396f8a-2e6f-43a0-9fbf-d69233577e88,Cac Maternity Home
f71e1531-8119-4c24-faf3-c9e4e6a27e72,1046878096332,,324ff915-e278-53e2-3541-c57c771705b9,ambulatory,162673000,General examination of patient,07396f8a-2e6f-43a0-9fbf-d69233577e88,Cac Maternity Home
03454f04-f978-ebd0-d360-3292d28be1de,1047231587834,,324ff915-e278-53e2-3541-c57c771705b9,ambulatory,185349003,Encounter for check up,07396f8a-2e6f-43a0-9fbf-d69233577e88,Cac Maternity Home
7873d180-6413-dd7d-e2e5-19e7845e3cd1,1079157423364,,324ff915-e278-53e2-3541-c57c771705b9,ambulatory,185349003,Encounter for check up,07396f8a-2e6f-43a0-9fbf-d69233577e88,Cac Maternity Home
0c5db535-2196-4af6-d817-54876e6a9a3a,1109993296332,,324ff915-e278-53e2-3541-c57c771705b9,ambulatory,162673000,General examination of patient,07396f8a-2e6f-43a0-9fbf-d69233577e88,Cac Maternity Home
b1f03b16-16b0-c3c4-4e47-b5c55153a444,1109993296332,,324ff915-e278-53e2-3541-c57c771705b9,ambulatory,185349003,Encounter for check up,07396f8a-2e6f-43a0-9fbf-d69233577e88,Cac Maternity Home
9e319ed7-0e63-0e1e-c1eb-60184a05be71,1111127874614,,324ff915-e278-53e2-3541-c57c771705b9,ambulatory,185349003,Encounter for check up,07396f8a-2e6f-43a0-9fbf-d69233577e88,Cac Maternity Home
e45d191e-278a-d336-ff23-59f9d0de3289,1141550896332,,324ff915-e278-53e2-3541-c57c771705b9,ambulatory,162673000,General examination of patient,07396f8a-2e6f-43a0-9fbf-d69233577e88,Cac Maternity Home
75cdf809-40fc-cc63-8f59-753fdad622e4,1204666096332,,324ff915-e278-53e2-3541-c57c771705b9,ambulatory,162673000,General examination of patient,07396f8a-2e6f-43a0-9fbf-d69233577e88,Cac Maternity Home
3f326d6f-ca4d-6b70-87df-910bd3552de0,1236223696332,,324ff915-e278-53e2-3541-c57c771705b9,ambulatory,162673000,General examination of patient,07396f8a-2e6f-43a0-9fbf-d69233577e88,Cac Maternity Home
8bb0ecf0-7010-eedf-5150-4feaf7fb939b,1267781296332,,324ff915-e278-53e2-3541-c57c771705b9,ambulatory,162673000,General examination of patient,07396f8a-2e6f-43a0-9fbf-d69233577e88,Cac Maternity Home
d783a72b-8442-9584-192c-e3635ed4c171,1299338896332,,324ff915-e278-53e2-3541-c57c771705b9,ambulatory,162673000,General examination of patient,07396f8a-2e6f-43a0-9fbf-d69233577e88,Cac Maternity Home
b7cde3ce-2d7a-028d-93b3-c24bd77e2990,1330896496332,,324ff915-e278-53e2-3541-c57c771705b9,ambulatory,162673000,General examination of patient,07396f8a-2e6f-43a0-9fbf-d69233577e88,Cac Maternity Home
e4ad4c94-3d11-8830-5b7a-496c0d43fe31,1362454096332,,324ff915-e278-53e2-3541-c57c771705b9,ambulatory,162673000,General examination of patient,07396f8a-2e6f-43a0-9fbf-d69233577e88,Cac Maternity Home
46391e16-81a6-8492-fc33-bdf2dd7c4206,1394011696332,,324ff915-e278-53e2-3541-c57c771705b9,ambulatory,162673000,General examination of patient,07396f8a-2e6f-43a0-9fbf-d69233577e88,Cac Maternity Home
ed85afab-1bff-6418-d18c-5947824ae45b,1457126896332,,324ff915-e278-53e2-3541-c57c771705b9,ambulatory,162673000,General examination of patient,07396f8a-2e6f-43a0-9fbf-d69233577e88,Cac Maternity Home
cd7950a5-b444-fb5b-903a-5233c644637d,1488684496332,,324ff915-e278-53e2-3541-c57c771705b9,ambulatory,162673000,General examination of patient,07396f8a-2e6f-43a0-9fbf-d69233577e88,Cac Maternity Home
daa8fcbb-c29e-a1f9-c575-303dea9df224,1551799696332,,324ff915-e278-53e2-3541-c57c771705b9,ambulatory,162673000,General examination of patient,07396f8a-2e6f-43a0-9fbf-d69233577e88,Cac Maternity Home
23e0ea17-ea49-f5a5-4f00-58b7ac2177f1,1614914896332,,324ff915-e278-53e2-3541-c57c771705b9,ambulatory,162673000,General examination of patient,07396f8a-2e6f-43a0-9fbf-d69233577e88,Cac Maternity Home
4ec24341-dee9-f6cc-e814-69537770fd81,1646472496332,,324ff915-e278-53e2-3541-c57c771705b9,ambulatory,162673000,General examination of patient,07396f8a-2e6f-43a0-9fbf-d69233577e88,Cac Maternity Home
0da6514e-af8d-82c6-7e63-c42600ba42e7,1709587696332,,324ff915-e278-53e2-3541-c57c771705b9,ambulatory,162673000,General examination of patient,07396f8a-2e6f-43a0-9fbf-d69233577e88,Cac Maternity Home
e7a18a82-c0d0-f046-a22c-1744ecae100a,1741145296332,,324ff915-e278-53e2-3541-c57c771705b9,ambulatory,162673000,General examination of patient,07396f8a-2e6f-43a0-9fbf-d69233577e88,Cac Maternity Home
9a46a6db-749e-9e95-d98b-edfd9578f081,909784379941,,386c5e59-df51-428f-2c2b-9c126021a86e,ambulatory,162673000,General examination of patient,d064356a-7a5d-4ec9-9409-883fc1a1348e,Edunabon Comprehensive Health Center
710b92f1-7eec-258f-f94b-450addbac6c5,941341979941,,386c5e59-df51-428f-2c2b-9c126021a86e,ambulatory,162673000,General examination of patient,d064356a-7a5d-4ec9-9409-883fc1a1348e,Edunabon Comprehensive Health Center
6b1c1331-f5e5-05ed-b82c-3bdb23c23bc3,941341979941,,386c5e59-df51-428f-2c2b-9c126021a86e,ambulatory,185349003,Encounter for check up,d064356a-7a5d-4ec9-9409-883fc1a1348e,Edunabon Comprehensive Health Center
84375a81-4445-f901-dd07-ab96974023d0,972899579941,,386c5e59-df51-428f-2c2b-9c126021a86e,ambulatory,185349003,Encounter for check up,d064356a-7a5d-4ec9-9409-883fc1a1348e,Edunabon Comprehensive Health Center
38c54bf2-1164-dcb7-100d-bad0af6cee40,973243925050,,386c5e59-df51-428f-2c2b-9c126021a86e,ambulatory,185349003,Encounter for check up,d064356a-7a5d-4ec9-9409-883fc1a1348e,Edunabon Comprehensive Health Center
33933be5-22e5-c03d-d916-020b75f3be2d,1005209073528,,386c5e59-df51-428f-2c2b-9c126021a86e,ambulatory,185349003,Encounter for check up,d064356a-7a5d-4ec9-9409-883fc1a1348e,Edunabon Comprehensive Health Center
cb020f01-9140-23d3-858c-93f888809754,1067572379941,,386c5e59-df51-428f-2c2b-9c126021a86e,ambulatory,162673000,General examination of patient,d064356a-7a5d-4ec9-9409-883fc1a1348e,Edunabon Comprehensive Health Center
134856b5-426a-74f5-1a7a-42b68225d1f8,1130687579941,,386c5e59-df51-428f-2c2b-9c126021a86e,ambulatory,162673000,General examination of patient,d064356a-7a5d-4ec9-9409-883fc1a1348e,Edunabon Comprehensive Health Center
01eb70da-2aea-90d1-0846-6efb9bba57d3,1193802779941,,386c5e59-df51-428f-2c2b-9c126021a86e,ambulatory,162673000,General examination of patient,d064356a-7a5d-4ec9-9409-883fc1a1348e,Edunabon Comprehensive Health Center
a4c63f8b-4e66-0e0b-f182-7bfd6bb2c34e,1256917979941,,386c5e59-df51-428f-2c2b-9c126021a86e,ambulatory,162673000,General examination of patient,d064356a-7a5d-4ec9-9409-883fc1a1348e,Edunabon Comprehensive Health Center
00137c29-d0a0-2879-9aaa-0c66c6d9bca6,1351590779941,,386c5e59-df51-428f-2c2b-9c126021a86e,ambulatory,162673000,General examination of patient,d064356a-7a5d-4ec9-9409-883fc1a1348e,Edunabon Comprehensive Health Center
5202bdf6-ba84-27de-21b6-6371d0cecc77,1414705979941,,386c5e59-df51-428f-2c2b-9c126021a86e,ambulatory,162673000,General examination of patient,d064356a-7a5d-4ec9-9409-883fc1a1348e,Edunabon Comprehensive Health Center
74597d6c-2a3c-01d3-5b4e-edffe4420e11,1446263579941,,386c5e59-df51-428f-2c2b-9c126021a86e,ambulatory,162673000,General examination of patient,d064356a-7a5d-4ec9-9409-883fc1a1348e,Edunabon Comprehensive Health Center
99d73a08-d3fc-0d04-51d2-df9636bfd6f1,1572493979941,,386c5e59-df51-428f-2c2b-9c126021a86e,ambulatory,162673000,General examination of patient,d064356a-7a5d-4ec9-9409-883fc1a1348e,Edunabon Comprehensive Health Center
edb2d127-918d-92b8-1d32-f8d931593071,1604051579941,,386c5e59-df51-428f-2c2b-9c126021a86e,ambulatory,162673000,General examination of patient,d064356a-7a5d-4ec9-9409-883fc1a1348e,Edunabon Comprehensive Health Center
562a1a21-c4b5-fb5b-4242-e913f4b03658,1635609179941,,386c5e59-df51-428f-2c2b-9c126021a86e,ambulatory,162673000,General examination of patient,d064356a-7a5d-4ec9-9409-883fc1a1348e,Edunabon Comprehensive Health Center
785ada7e-9b2f-6de7-6a04-2b98009d9254,1667166779941,,386c5e59-df51-428f-2c2b-9c126021a86e,ambulatory,162673000,General examination of patient,d064356a-7a5d-4ec9-9409-883fc1a1348e,Edunabon Comprehensive Health Center
389dd848-6d75-ee57-fe09-249d585a934c,1761839579941,,386c5e59-df51-428f-2c2b-9c126021a86e,ambulatory,162673000,General examination of patient,d064356a-7a5d-4ec9-9409-883fc1a1348e,Edunabon Comprehensive Health Center
9bef2adb-63dc-9225-f587-737882ad96b9,-278131081938,,d1777d14-c20f-83bc-0b1c-391024a42333,ambulatory,162673000,General examination of patient (procedure),fe635c6c-c0c0-4aa9-91b0-77d77e4c02f7,Iresi Dispensary
cf2552ac-42c8-d025-04c1-257d1da0b57f,-278131081938,,d1777d14-c20f-83bc-0b1c-391024a42333,inpatient,32485007,Hospital admission,fe635c6c-c0c0-4aa9-91b0-77d77e4c02f7,Iresi Dispensary
5ba9da57-652d-febd-2471-dd2c102c635a,-959960396980,,b07780ae-4fd2-7a1a-fe68-0688b6b62b54,ambulatory,162673000,General examination of patient (procedure),431e02aa-6255-4083-82fc-b98dd920a5f0,Ise Oluwa Maternity Home
ddd4e1d9-b157-ef54-5c8f-8193cc9d75b7,-959960396980,,b07780ae-4fd2-7a1a-fe68-0688b6b62b54,ambulatory,185349003,Encounter for check up,431e02aa-6255-4083-82fc-b98dd920a5f0,Ise Oluwa Maternity Home
d33baeb8-06bf-73b9-8903-ea9925d23f8f,-928402796980,,b07780ae-4fd2-7a1a-fe68-0688b6b62b54,ambulatory,162673000,General examination of patient,431e02aa-6255-4083-82fc-b98dd920a5f0,Ise Oluwa Maternity Home
5ca83ad4-1daf-189e-9ed4-a80e1fa6017f,-928026659541,,b07780ae-4fd2-7a1a-fe68-0688b6b62b54,ambulatory,185349003,Encounter for check up,431e02aa-6255-4083-82fc-b98dd920a5f0,Ise Oluwa Maternity Home
31d21464-7bd5-46f7-9b40-bb72a459fae5,-928402796980,,b07780ae-4fd2-7a1a-fe68-0688b6b62b54,ambulatory,185349003,Encounter for check up,431e02aa-6255-4083-82fc-b98dd920a5f0,Ise Oluwa Maternity Home
b48501a9-1284-c0c3-7114-84cfd365c1eb,-896845196980,,b07780ae-4fd2-7a1a-fe68-0688b6b62b54,ambulatory,162673000,General examination of patient,431e02aa-6255-4083-82fc-b98dd920a5f0,Ise Oluwa Maternity Home
4574cedb-e994-3db5-46e1-ce2049bf1578,-896049496047,,b07780ae-4fd2-7a1a-fe68-0688b6b62b54,ambulatory,185349003,Encounter for check up,431e02aa-6255-4083-82fc-b98dd920a5f0,Ise Oluwa Maternity Home
d4e254d7-2e64-3210-d374-371369f2bd41,-864125473535,,b07780ae-4fd2-7a1a-fe68-0688b6b62b54,ambulatory,185349003,Encounter for check up,431e02aa-6255-4083-82fc-b98dd920a5f0,Ise Oluwa Maternity Home
57634810-64a7-9440-e696-e54bfcfefdef,-832546921409,,b07780ae-4fd2-7a1a-fe68-0688b6b62b54,ambulatory,185349003,Encounter for check up,431e02aa-6255-4083-82fc-b98dd920a5f0,Ise Oluwa Maternity Home
40de5ec0-b429-1d80-9592-e59028afa8d9,-802172396980,,b07780ae-4fd2-7a1a-fe68-0688b6b62b54,ambulatory,162673000,General examination of patient,431e02aa-6255-4083-82fc-b98dd920a5f0,Ise Oluwa Maternity Home
7af27fd0-bbed-d44e-bd47-bd4a20712903,-770614796980,,b07780ae-4fd2-7a1a-fe68-0688b6b62b54,ambulatory,162673000,General examination of patient,431e02aa-6255-4083-82fc-b98dd920a5f0,Ise Oluwa Maternity Home
ad3d9b43-f445-e029-e270-dbbcd5d186b8,-644384396980,,b07780ae-4fd2-7a1a-fe68-0688b6b62b54,ambulatory,162673000,General examination of patient,431e02aa-6255-4083-82fc-b98dd920a5f0,Ise Oluwa Maternity Home
8d56b19f-d8fe-c326-7343-4f442c9f26cc,-612826796980,,b07780ae-4fd2-7a1a-fe68-0688b6b62b54,ambulatory,162673000,General examination of patient,431e02aa-6255-4083-82fc-b98dd920a5f0,Ise Oluwa Maternity Home
07c534a3-723b-d680-88bd-dcb2ece75598,-581269196980,,b07780ae-4fd2-7a1a-fe68-0688b6b62b54,ambulatory,162673000,General examination of patient,431e02aa-6255-4083-82fc-b98dd920a5f0,Ise Oluwa Maternity Home
2bfaa9d0-ca68-1254-70a9-dff4dff00d12,-549711596980,,b07780ae-4fd2-7a1a-fe68-0688b6b62b54,ambulatory,162673000,General examination of patient,431e02aa-6255-4083-82fc-b98dd920a5f0,Ise Oluwa Maternity Home
4b978afb-34b9-1867-7866-f8f8bf789cc9,-486596396980,,b07780ae-4fd2-7a1a-fe68-0688b6b62b54,ambulatory,162673000,General examination of patient,431e02aa-6255-4083-82fc-b98dd920a5f0,Ise Oluwa Maternity Home
29618d84-c166-aa4d-8836-12a6e7c39d73,-423481196980,,b07780ae-4fd2-7a1a-fe68-0688b6b62b54,ambulatory,162673000,General examination of patient,431e02aa-6255-4083-82fc-b98dd920a5f0,Ise Oluwa Maternity Home
6ee5014c-80a4-28da-c110-79c081d7ba78,-328808396980,,b07780ae-4fd2-7a1a-fe68-0688b6b62b54,ambulatory,162673000,General examination of patient,431e02aa-6255-4083-82fc-b98dd920a5f0,Ise Oluwa Maternity Home
6c5675bd-8b94-c56d-e9d5-0f93b3723baa,-171020396980,,b07780ae-4fd2-7a1a-fe68-0688b6b62b54,ambulatory,162673000,General examination of patient,431e02aa-6255-4083-82fc-b98dd920a5f0,Ise Oluwa Maternity Home
d2b3d301-811b-bbff-c670-4f72ed2f2700,-76347596980,,b07780ae-4fd2-7a1a-fe68-0688b6b62b54,ambulatory,162673000,General examination of patient,431e02aa-6255-4083-82fc-b98dd920a5f0,Ise Oluwa Maternity Home
fc27010c-70b7-f1f1-76ee-845c72134d60,-44789996980,,b07780ae-4fd2-7a1a-fe68-0688b6b62b54,ambulatory,162673000,General examination of patient,431e02aa-6255-4083-82fc-b98dd920a5f0,Ise Oluwa Maternity Home
56fb3e20-baf2-f8ec-7d3b-5c364dd5fccd,49882803020,,b07780ae-4fd2-7a1a-fe68-0688b6b62b54,ambulatory,162673000,General examination of patient,431e02aa-6255-4083-82fc-b98dd920a5f0,Ise Oluwa Maternity Home
eb54ce0f-c5a0-5c0a-559c-0114f2a56de4,144555603020,,b07780ae-4fd2-7a1a-fe68-0688b6b62b54,ambulatory,162673000,General examination of patient,431e02aa-6255-4083-82fc-b98dd920a5f0,Ise Oluwa Maternity Home
343adf4b-7c61-7556-3b4f-8726f6d76a97,176113203020,,b07780ae-4fd2-7a1a-fe68-0688b6b62b54,ambulatory,162673000,General examination of patient,431e02aa-6255-4083-82fc-b98dd920a5f0,Ise Oluwa Maternity Home
c8444106-f7b8-92bf-a70e-4ab2d6a6337c,239228403020,,b07780ae-4fd2-7a1a-fe68-0688b6b62b54,ambulatory,162673000,General examination of patient,431e02aa-6255-4083-82fc-b98dd920a5f0,Ise Oluwa Maternity Home
74dc77e7-0fad-c1a3-8711-febfd2f9b99b,270786003020,,b07780ae-4fd2-7a1a-fe68-0688b6b62b54,ambulatory,162673000,General examination of patient,431e02aa-6255-4083-82fc-b98dd920a5f0,Ise Oluwa Maternity Home
ed93571a-fb20-c741-1301-005520cfd8a8,302343603020,,b07780ae-4fd2-7a1a-fe68-0688b6b62b54,ambulatory,162673000,General examination of patient,431e02aa-6255-4083-82fc-b98dd920a5f0,Ise Oluwa Maternity Home
663ab8f8-1c72-ade1-674a-ada9d44dc8ef,333901203020,,b07780ae-4fd2-7a1a-fe68-0688b6b62b54,ambulatory,162673000,General examination of patient,431e02aa-6255-4083-82fc-b98dd920a5f0,Ise Oluwa Maternity Home
759e3c42-78be-7e5e-1621-08f962fb2b19,365458803020,,b07780ae-4fd2-7a1a-fe68-0688b6b62b54,ambulatory,162673000,General examination of patient,431e02aa-6255-4083-82fc-b98dd920a5f0,Ise Oluwa Maternity Home
39888d01-16df-e955-f909-7e0d624ce810,397016403020,,b07780ae-4fd2-7a1a-fe68-0688b6b62b54,ambulatory,162673000,General examination of patient,431e02aa-6255-4083-82fc-b98dd920a5f0,Ise Oluwa Maternity Home
505941a9-630f-6fd9-f4c5-d1967794f381,523246803020,,b07780ae-4fd2-7a1a-fe68-0688b6b62b54,ambulatory,162673000,General examination of patient,431e02aa-6255-4083-82fc-b98dd920a5f0,Ise Oluwa Maternity Home
583aa97d-a3dd-85ec-b94e-f34b07b1ef48,586362003020,,b07780ae-4fd2-7a1a-fe68-0688b6b62b54,ambulatory,162673000,General examination of patient,431e02aa-6255-4083-82fc-b98dd920a5f0,Ise Oluwa Maternity Home
629f4a81-4999-6d32-09d5-809bb4909621,617919603020,,b07780ae-4fd2-7a1a-fe68-0688b6b62b54,ambulatory,162673000,General examination of patient,431e02aa-6255-4083-82fc-b98dd920a5f0,Ise Oluwa Maternity Home
e498052f-695e-5d24-d965-dc300fab422c,649477203020,,b07780ae-4fd2-7a1a-fe68-0688b6b62b54,ambulatory,162673000,General examination of patient,431e02aa-6255-4083-82fc-b98dd920a5f0,Ise Oluwa Maternity Home
89d64e67-c43f-12e9-8060-b0d90d570a83,681034803020,,b07780ae-4fd2-7a1a-fe68-0688b6b62b54,ambulatory,162673000,General examination of patient,431e02aa-6255-4083-82fc-b98dd920a5f0,Ise Oluwa Maternity Home
e6737d8c-cdbc-5286-288b-9d60b8732983,744150003020,,b07780ae-4fd2-7a1a-fe68-0688b6b62b54,ambulatory,162673000,General examination of patient,431e02aa-6255-4083-82fc-b98dd920a5f0,Ise Oluwa Maternity Home
6cbee1bd-b39f-9ebb-5a79-f2e16c5e9950,807265203020,,b07780ae-4fd2-7a1a-fe68-0688b6b62b54,ambulatory,162673000,General examination of patient,431e02aa-6255-4083-82fc-b98dd920a5f0,Ise Oluwa Maternity Home
26e7519f-3b1c-2738-7668-b1634cade294,838822803020,,b07780ae-4fd2-7a1a-fe68-0688b6b62b54,ambulatory,162673000,General examination of patient,431e02aa-6255-4083-82fc-b98dd920a5f0,Ise Oluwa Maternity Home
6a7efdb9-3df3-fdbf-7cee-f41dafc8ae10,870380403020,,b07780ae-4fd2-7a1a-fe68-0688b6b62b54,ambulatory,162673000,General examination of patient,431e02aa-6255-4083-82fc-b98dd920a5f0,Ise Oluwa Maternity Home
e9718d21-5eed-3d7b-a921-c5fc18ae1514,901938003020,,b07780ae-4fd2-7a1a-fe68-0688b6b62b54,ambulatory,162673000,General examination of patient,431e02aa-6255-4083-82fc-b98dd920a5f0,Ise Oluwa Maternity Home
1ae1aa1f-081f-2c52-70a1-60340e1fd183,933495603020,,b07780ae-4fd2-7a1a-fe68-0688b6b62b54,ambulatory,162673000,General examination of patient,431e02aa-6255-4083-82fc-b98dd920a5f0,Ise Oluwa Maternity Home
68f21c51-c755-96a7-83d4-3a6c89a62c54,996610803020,,b07780ae-4fd2-7a1a-fe68-0688b6b62b54,ambulatory,162673000,General examination of patient,431e02aa-6255-4083-82fc-b98dd920a5f0,Ise Oluwa Maternity Home
79cea076-fb6a-c77f-2413-c97940ffe4b3,1028168403020,,b07780ae-4fd2-7a1a-fe68-0688b6b62b54,ambulatory,162673000,General examination of patient,431e02aa-6255-4083-82fc-b98dd920a5f0,Ise Oluwa Maternity Home
c3315667-02f3-1b18-9444-d71ef55ee13e,1122841203020,,b07780ae-4fd2-7a1a-fe68-0688b6b62b54,ambulatory,162673000,General examination of patient,431e02aa-6255-4083-82fc-b98dd920a5f0,Ise Oluwa Maternity Home
9ed9216a-f085-8bf7-1685-d7541b9ae7e1,1185956403020,,b07780ae-4fd2-7a1a-fe68-0688b6b62b54,ambulatory,162673000,General examination of patient,431e02aa-6255-4083-82fc-b98dd920a5f0,Ise Oluwa Maternity Home
d62e24c8-6ff8-9fc7-67e3-15c5ef9e1315,1217514003020,,b07780ae-4fd2-7a1a-fe68-0688b6b62b54,ambulatory,162673000,General examination of patient,431e02aa-6255-4083-82fc-b98dd920a5f0,Ise Oluwa Maternity Home
5b367263-8f35-e289-6c52-ce605047cce9,1343744403020,,b07780ae-4fd2-7a1a-fe68-0688b6b62b54,ambulatory,162673000,General examination of patient,431e02aa-6255-4083-82fc-b98dd920a5f0,Ise Oluwa Maternity Home
f7ae1cd2-930a-398e-6817-16b6a447e897,1438417203020,,b07780ae-4fd2-7a1a-fe68-0688b6b62b54,ambulatory,162673000,General examination of patient,431e02aa-6255-4083-82fc-b98dd920a5f0,Ise Oluwa Maternity Home
982112dc-428b-f2ec-d0e4-932ab9603093,1469974803020,,b07780ae-4fd2-7a1a-fe68-0688b6b62b54,ambulatory,162673000,General examination of patient,431e02aa-6255-4083-82fc-b98dd920a5f0,Ise Oluwa Maternity Home
efc80ba0-df9b-5ee4-1545-e85ef17c1076,1501532403020,,b07780ae-4fd2-7a1a-fe68-0688b6b62b54,ambulatory,162673000,General examination of patient,431e02aa-6255-4083-82fc-b98dd920a5f0,Ise Oluwa Maternity Home
4cfb3607-5753-b7e4-8453-bccd8ac7fd99,1596205203020,,b07780ae-4fd2-7a1a-fe68-0688b6b62b54,ambulatory,162673000,General examination of patient,431e02aa-6255-4083-82fc-b98dd920a5f0,Ise Oluwa Maternity Home
8c81dbeb-af4d-590a-e242-790a3fdc4f35,1627762803020,,b07780ae-4fd2-7a1a-fe68-0688b6b62b54,ambulatory,162673000,General examination of patient,431e02aa-6255-4083-82fc-b98dd920a5f0,Ise Oluwa Maternity Home
edcf55ae-8366-904d-b121-74fa22a85122,1628000403020,,b07780ae-4fd2-7a1a-fe68-0688b6b62b54,emergency,50849002,Emergency room admission,431e02aa-6255-4083-82fc-b98dd920a5f0,Ise Oluwa Maternity Home
445dc958-f39e-78d9-e5f7-5f45ea82c0bd,1723854124827,,b07780ae-4fd2-7a1a-fe68-0688b6b62b54,ambulatory,185349003,Encounter for check up,431e02aa-6255-4083-82fc-b98dd920a5f0,Ise Oluwa Maternity Home
ce632976-2961-a02c-3ad1-c54a31181201,1753993203020,,b07780ae-4fd2-7a1a-fe68-0688b6b62b54,ambulatory,162673000,General examination of patient,431e02aa-6255-4083-82fc-b98dd920a5f0,Ise Oluwa Maternity Home
227072c9-a85d-b09a-8632-7fcd7ab4efda,-280365432628,,835727ea-4ffc-99b7-58ed-8ba420252274,ambulatory,162673000,General examination of patient (procedure),b76e0d24-c50a-4c5a-ac94-71f1012a6969,Oke Irun Algon Primary Health Center
a5a06aeb-ee07-c159-6b7c-b6317535e1db,-280365432628,,835727ea-4ffc-99b7-58ed-8ba420252274,inpatient,32485007,Hospital admission,b76e0d24-c50a-4c5a-ac94-71f1012a6969,Oke Irun Algon Primary Health Center
bd359a8b-bc6a-b8d7-2712-9bc4f6d97243,-248807832628,,835727ea-4ffc-99b7-58ed-8ba420252274,emergency,50849002,Emergency room admission,b76e0d24-c50a-4c5a-ac94-71f1012a6969,Oke Irun Algon Primary Health Center
b1e90b75-bd28-b0d0-046e-d601b6773679,-217250232628,,835727ea-4ffc-99b7-58ed-8ba420252274,ambulatory,185349003,Encounter for check up,b76e0d24-c50a-4c5a-ac94-71f1012a6969,Oke Irun Algon Primary Health Center
63434e4c-fc99-16ca-90d7-a207d4e6afe8,-216828099812,,835727ea-4ffc-99b7-58ed-8ba420252274,ambulatory,185349003,Encounter for check up,b76e0d24-c50a-4c5a-ac94-71f1012a6969,Oke Irun Algon Primary Health Center
0d418306-b24e-6cb2-f733-278f71ebaced,-185692632628,,835727ea-4ffc-99b7-58ed-8ba420252274,ambulatory,162673000,General examination of patient,b76e0d24-c50a-4c5a-ac94-71f1012a6969,Oke Irun Algon Primary Health Center
878e1615-af48-5d3f-f3d6-24b517be6483,-154135032628,,835727ea-4ffc-99b7-58ed-8ba420252274,ambulatory,162673000,General examination of patient,b76e0d24-c50a-4c5a-ac94-71f1012a6969,Oke Irun Algon Primary Health Center
d742cb5f-986e-94e7-7208-d5a05d3b231d,-122577432628,,835727ea-4ffc-99b7-58ed-8ba420252274,ambulatory,162673000,General examination of patient,b76e0d24-c50a-4c5a-ac94-71f1012a6969,Oke Irun Algon Primary Health Center
106582a1-5696-a30c-dfd5-eb2af771b112,-91019832628,,835727ea-4ffc-99b7-58ed-8ba420252274,ambulatory,162673000,General examination of patient,b76e0d24-c50a-4c5a-ac94-71f1012a6969,Oke Irun Algon Primary Health Center
f9009534-447c-16e6-a80d-6334ea84f496,98973375635,,835727ea-4ffc-99b7-58ed-8ba420252274,ambulatory,185349003,Encounter for check up,b76e0d24-c50a-4c5a-ac94-71f1012a6969,Oke Irun Algon Primary Health Center
fb088909-3752-9261-9f04-0f03165bf60f,129883367372,,835727ea-4ffc-99b7-58ed-8ba420252274,ambulatory,162673000,General examination of patient,b76e0d24-c50a-4c5a-ac94-71f1012a6969,Oke Irun Algon Primary Health Center
e478113f-42e4-8291-4d84-e21095d99aaf,161440967372,,835727ea-4ffc-99b7-58ed-8ba420252274,ambulatory,162673000,General examination of patient,b76e0d24-c50a-4c5a-ac94-71f1012a6969,Oke Irun Algon Primary Health Center
62547691-53d7-382d-f161-c792e80b3b29,192998567372,,835727ea-4ffc-99b7-58ed-8ba420252274,ambulatory,162673000,General examination of patient,b76e0d24-c50a-4c5a-ac94-71f1012a6969,Oke Irun Algon Primary Health Center
f44fcd10-8d29-9667-5150-0dd2e900b224,224556167372,,835727ea-4ffc-99b7-58ed-8ba420252274,ambulatory,162673000,General examination of patient,b76e0d24-c50a-4c5a-ac94-71f1012a6969,Oke Irun Algon Primary Health Center
8d02141c-024f-897d-4b89-6fd902556542,287671367372,,835727ea-4ffc-99b7-58ed-8ba420252274,ambulatory,162673000,General examination of patient,b76e0d24-c50a-4c5a-ac94-71f1012a6969,Oke Irun Algon Primary Health Center
c43cd31e-ea43-ba33-8476-aa9fa2be30a6,319228967372,,835727ea-4ffc-99b7-58ed-8ba420252274,ambulatory,162673000,General examination of patient,b76e0d24-c50a-4c5a-ac94-71f1012a6969,Oke Irun Algon Primary Health Center
4fda93b6-f0a6-e747-2101-317a5930f953,382344167372,,835727ea-4ffc-99b7-58ed-8ba420252274,ambulatory,162673000,General examination of patient,b76e0d24-c50a-4c5a-ac94-71f1012a6969,Oke Irun Algon Primary Health Center
c54e8748-b26e-960b-6af9-ce67e7b66c50,508574567372,,835727ea-4ffc-99b7-58ed-8ba420252274,ambulatory,162673000,General examination of patient,b76e0d24-c50a-4c5a-ac94-71f1012a6969,Oke Irun Algon Primary Health Center
51381ac8-c15f-c4c2-6689-400f2c64a792,540132167372,,835727ea-4ffc-99b7-58ed-8ba420252274,ambulatory,162673000,General examination of patient,b76e0d24-c50a-4c5a-ac94-71f1012a6969,Oke Irun Algon Primary Health Center
53f98f28-f378-813b-6c5d-8ab325e38013,571689767372,,835727ea-4ffc-99b7-58ed-8ba420252274,ambulatory,162673000,General examination of patient,b76e0d24-c50a-4c5a-ac94-71f1012a6969,Oke Irun Algon Primary Health Center
0e26c1bc-47be-754b-69d3-7564dad63ee4,634804967372,,835727ea-4ffc-99b7-58ed-8ba420252274,ambulatory,162673000,General examination of patient,b76e0d24-c50a-4c5a-ac94-71f1012a6969,Oke Irun Algon Primary Health Center
08919866-0d66-882f-427e-857cf974b408,729477767372,,835727ea-4ffc-99b7-58ed-8ba420252274,ambulatory,162673000,General examination of patient,b76e0d24-c50a-4c5a-ac94-71f1012a6969,Oke Irun Algon Primary Health Center
9dae5eab-1fd6-15b7-451a-3ea2169b6037,855708167372,,835727ea-4ffc-99b7-58ed-8ba420252274,ambulatory,162673000,General examination of patient,b76e0d24-c50a-4c5a-ac94-71f1012a6969,Oke Irun Algon Primary Health Center
6f6c92fd-24c4-a904-435d-46a8abb174c6,918823367372,,835727ea-4ffc-99b7-58ed-8ba420252274,ambulatory,162673000,General examination of patient,b76e0d24-c50a-4c5a-ac94-71f1012a6969,Oke Irun Algon Primary Health Center
79312ed3-0019-643b-01ff-1ce49e9a3dc0,950380967372,,835727ea-4ffc-99b7-58ed-8ba420252274,ambulatory,162673000,General examination of patient,b76e0d24-c50a-4c5a-ac94-71f1012a6969,Oke Irun Algon Primary Health Center
3ef68a39-31fb-7ade-630c-0589bb7d48e6,1045053767372,,835727ea-4ffc-99b7-58ed-8ba420252274,ambulatory,162673000,General examination of patient,b76e0d24-c50a-4c5a-ac94-71f1012a6969,Oke Irun Algon Primary Health Center
d954ea39-fa74-c50d-121e-b1a7a4e6200c,1076611367372,,835727ea-4ffc-99b7-58ed-8ba420252274,ambulatory,162673000,General examination of patient,b76e0d24-c50a-4c5a-ac94-71f1012a6969,Oke Irun Algon Primary Health Center
9b9c6569-a674-998b-6da1-03c194e885aa,1171284167372,,835727ea-4ffc-99b7-58ed-8ba420252274,ambulatory,162673000,General examination of patient,b76e0d24-c50a-4c5a-ac94-71f1012a6969,Oke Irun Algon Primary Health Center
1c97f895-20ad-77b4-5335-dca87b6db6e9,1234399367372,,835727ea-4ffc-99b7-58ed-8ba420252274,ambulatory,162673000,General examination of patient,b76e0d24-c50a-4c5a-ac94-71f1012a6969,Oke Irun Algon Primary Health Center
1533d7bf-f8c6-f2fc-fda3-7e05b7e729e4,1265956967372,,835727ea-4ffc-99b7-58ed-8ba420252274,ambulatory,162673000,General examination of patient,b76e0d24-c50a-4c5a-ac94-71f1012a6969,Oke Irun Algon Primary Health Center
d7eae416-5d70-f43b-5306-6ee793a010a5,1297514567372,,835727ea-4ffc-99b7-58ed-8ba420252274,ambulatory,162673000,General examination of patient,b76e0d24-c50a-4c5a-ac94-71f1012a6969,Oke Irun Algon Primary Health Center
5ad7ec55-d2dc-a011-142e-7b98ec85cacb,1329072167372,,835727ea-4ffc-99b7-58ed-8ba420252274,ambulatory,162673000,General examination of patient,b76e0d24-c50a-4c5a-ac94-71f1012a6969,Oke Irun Algon Primary Health Center
b5e1286e-61eb-1a57-83dc-df6949802f0b,1392187367372,,835727ea-4ffc-99b7-58ed-8ba420252274,ambulatory,162673000,General examination of patient,b76e0d24-c50a-4c5a-ac94-71f1012a6969,Oke Irun Algon Primary Health Center
9daa38db-e5b3-8cc9-25d5-0a4fbf099378,1423744967372,,835727ea-4ffc-99b7-58ed-8ba420252274,ambulatory,162673000,General examination of patient,b76e0d24-c50a-4c5a-ac94-71f1012a6969,Oke Irun Algon Primary Health Center
6120b167-aee5-7929-a3e2-946a324026e6,1518417767372,,835727ea-4ffc-99b7-58ed-8ba420252274,ambulatory,162673000,General examination of patient,b76e0d24-c50a-4c5a-ac94-71f1012a6969,Oke Irun Algon Primary Health Center
114741c1-0714-0da8-2fcc-78cb4894ed84,1549975367372,,835727ea-4ffc-99b7-58ed-8ba420252274,ambulatory,162673000,General examination of patient,b76e0d24-c50a-4c5a-ac94-71f1012a6969,Oke Irun Algon Primary Health Center
544a4717-ea0e-fa0e-013a-26d5848da539,1581532967372,,835727ea-4ffc-99b7-58ed-8ba420252274,ambulatory,162673000,General examination of patient,b76e0d24-c50a-4c5a-ac94-71f1012a6969,Oke Irun Algon Primary Health Center
fbbd598a-29f9-97f0-fcdb-40c6dc887592,1644648167372,,835727ea-4ffc-99b7-58ed-8ba420252274,ambulatory,162673000,General examination of patient,b76e0d24-c50a-4c5a-ac94-71f1012a6969,Oke Irun Algon Primary Health Center
234382e2-7074-8aa6-e410-e9cac39d7e96,1676205767372,,835727ea-4ffc-99b7-58ed-8ba420252274,ambulatory,162673000,General examination of patient,b76e0d24-c50a-4c5a-ac94-71f1012a6969,Oke Irun Algon Primary Health Center
6ef18add-3980-d136-a6fd-986b92c9b728,1739320967372,,835727ea-4ffc-99b7-58ed-8ba420252274,ambulatory,162673000,General examination of patient,b76e0d24-c50a-4c5a-ac94-71f1012a6969,Oke Irun Algon Primary Health Center
46e82874-9aab-bb37-40e8-cdde11cdb25d,1770878567372,,835727ea-4ffc-99b7-58ed-8ba420252274,ambulatory,162673000,General examination of patient,b76e0d24-c50a-4c5a-ac94-71f1012a6969,Oke Irun Algon Primary Health Center
8256397e-5f00-c129-eda0-e496ab163c16,1771116167372,,835727ea-4ffc-99b7-58ed-8ba420252274,emergency,50849002,Emergency room admission,b76e0d24-c50a-4c5a-ac94-71f1012a6969,Oke Irun Algon Primary Health Center
8cc5389e-5f5a-207a-3036-2bbbf7504da5,1077070303532,,eee5533d-3274-01a2-4902-8720c00d8567,ambulatory,162673000,General examination of patient,0eccaa56-c304-4955-8bf0-d720ee85ec4a,Ijoka Primary Health Center
0b06202d-399e-2497-42af-50b572e3dd12,1108627903532,,eee5533d-3274-01a2-4902-8720c00d8567,ambulatory,162673000,General examination of patient,0eccaa56-c304-4955-8bf0-d720ee85ec4a,Ijoka Primary Health Center
a0153450-97a7-508f-2ffe-fcb1e9b27952,1108627903532,,eee5533d-3274-01a2-4902-8720c00d8567,ambulatory,185349003,Encounter for check up,0eccaa56-c304-4955-8bf0-d720ee85ec4a,Ijoka Primary Health Center
d5355a6f-34d2-b8db-8354-3a393ca310a5,1140612376293,,eee5533d-3274-01a2-4902-8720c00d8567,ambulatory,185349003,Encounter for check up,0eccaa56-c304-4955-8bf0-d720ee85ec4a,Ijoka Primary Health Center
10f1984e-9253-4d6e-f519-854b4bad18d9,1171743103532,,eee5533d-3274-01a2-4902-8720c00d8567,ambulatory,162673000,General examination of patient,0eccaa56-c304-4955-8bf0-d720ee85ec4a,Ijoka Primary Health Center
8ef5a029-e8bd-3105-8b1c-5ea102ce3932,1203300703532,,eee5533d-3274-01a2-4902-8720c00d8567,ambulatory,162673000,General examination of patient,0eccaa56-c304-4955-8bf0-d720ee85ec4a,Ijoka Primary Health Center
0d50ee72-a320-3b51-2c51-12736645713b,1234858303532,,eee5533d-3274-01a2-4902-8720c00d8567,ambulatory,162673000,General examination of patient,0eccaa56-c304-4955-8bf0-d720ee85ec4a,Ijoka Primary Health Center
77a20f54-2440-fc00-06ee-231211baabdc,1266415903532,,eee5533d-3274-01a2-4902-8720c00d8567,ambulatory,162673000,General examination of patient,0eccaa56-c304-4955-8bf0-d720ee85ec4a,Ijoka Primary Health Center
71dfd198-21c8-3044-b242-59f2c56241e1,1297973503532,,eee5533d-3274-01a2-4902-8720c00d8567,ambulatory,162673000,General examination of patient,0eccaa56-c304-4955-8bf0-d720ee85ec4a,Ijoka Primary Health Center
9394c269-8094-69ee-bde6-319ef4842d25,1329531103532,,eee5533d-3274-01a2-4902-8720c00d8567,ambulatory,162673000,General examination of patient,0eccaa56-c304-4955-8bf0-d720ee85ec4a,Ijoka Primary Health Center
69e215f3-2827-60c1-f457-d89dd60ab800,1361088703532,,eee5533d-3274-01a2-4902-8720c00d8567,ambulatory,162673000,General examination of patient,0eccaa56-c304-4955-8bf0-d720ee85ec4a,Ijoka Primary Health Center
9fc348f2-fce5-f0c0-9114-f41dce1011c9,1392646303532,,eee5533d-3274-01a2-4902-8720c00d8567,ambulatory,162673000,General examination of patient,0eccaa56-c304-4955-8bf0-d720ee85ec4a,Ijoka Primary Health Center
6efc0447-78f0-6e91-aa77-f35cc7c66d4a,1424203903532,,eee5533d-3274-01a2-4902-8720c00d8567,ambulatory,162673000,General examination of patient,0eccaa56-c304-4955-8bf0-d720ee85ec4a,Ijoka Primary Health Center
146ee142-26d8-495f-7f5b-388baf3b7ea2,1487319103532,,eee5533d-3274-01a2-4902-8720c00d8567,ambulatory,162673000,General examination of patient,0eccaa56-c304-4955-8bf0-d720ee85ec4a,Ijoka Primary Health Center
396b1b91-d01e-093c-5177-40f29a5347dd,1581991903532,,eee5533d-3274-01a2-4902-8720c00d8567,ambulatory,162673000,General examination of patient,0eccaa56-c304-4955-8bf0-d720ee85ec4a,Ijoka Primary Health Center
f305e732-2948-586d-4a6f-cbc2e6a42591,1676664703532,,eee5533d-3274-01a2-4902-8720c00d8567,ambulatory,162673000,General examination of patient,0eccaa56-c304-4955-8bf0-d720ee85ec4a,Ijoka Primary Health Center
1b164c5b-b1b0-2235-d8d9-946a4b984f56,597372940348,,f2ea1d76-c895-d42d-4c30-25fe1aea097a,ambulatory,162673000,General examination of patient (procedure),19af0f8e-9717-441c-bb48-865c0379162d,Oke Oja Primary Health Center
1ded2363-23b9-15bb-c45b-a630cd8deb3a,597372940348,,f2ea1d76-c895-d42d-4c30-25fe1aea097a,inpatient,32485007,Hospital admission,19af0f8e-9717-441c-bb48-865c0379162d,Oke Oja Primary Health Center
178bceb8-cfeb-ee9d-2645-a6cf32b84e5f,628930540348,,f2ea1d76-c895-d42d-4c30-25fe1aea097a,emergency,50849002,Emergency room admission,19af0f8e-9717-441c-bb48-865c0379162d,Oke Oja Primary Health Center
e369e6a4-08b2-6f5d-4145-5de3a93727f2,723917077547,,f2ea1d76-c895-d42d-4c30-25fe1aea097a,ambulatory,185349003,Encounter for check up,19af0f8e-9717-441c-bb48-865c0379162d,Oke Oja Primary Health Center
00a6ba12-3f5d-88ab-0814-dc9c34ea5b27,755160940348,,f2ea1d76-c895-d42d-4c30-25fe1aea097a,ambulatory,162673000,General examination of patient,19af0f8e-9717-441c-bb48-865c0379162d,Oke Oja Primary Health Center
4054df10-b423-85a9-d6ef-c61b722d7878,786718540348,,f2ea1d76-c895-d42d-4c30-25fe1aea097a,ambulatory,162673000,General examination of patient,19af0f8e-9717-441c-bb48-865c0379162d,Oke Oja Primary Health Center
c3d8ee09-a2f0-292d-f3ce-283221e43f6b,818276140348,,f2ea1d76-c895-d42d-4c30-25fe1aea097a,ambulatory,162673000,General examination of patient,19af0f8e-9717-441c-bb48-865c0379162d,Oke Oja Primary Health Center
c6f88f0a-ee72-dc69-bf1b-1449fb8206ee,849833740348,,f2ea1d76-c895-d42d-4c30-25fe1aea097a,ambulatory,162673000,General examination of patient,19af0f8e-9717-441c-bb48-865c0379162d,Oke Oja Primary Health Center
f4b2a74c-3e8f-bec2-5ffd-48e0e36ea145,881391340348,,f2ea1d76-c895-d42d-4c30-25fe1aea097a,ambulatory,162673000,General examination of patient,19af0f8e-9717-441c-bb48-865c0379162d,Oke Oja Primary Health Center
42ff46c5-2dc2-5365-7b0c-e5d159fbeb0d,912948940348,,f2ea1d76-c895-d42d-4c30-25fe1aea097a,ambulatory,162673000,General examination of patient,19af0f8e-9717-441c-bb48-865c0379162d,Oke Oja Primary Health Center
64465790-4a7f-ca1f-4b02-83e9d6dad75e,944506540348,,f2ea1d76-c895-d42d-4c30-25fe1aea097a,ambulatory,162673000,General examination of patient,19af0f8e-9717-441c-bb48-865c0379162d,Oke Oja Primary Health Center
d588b4cd-8bf8-bf4d-854e-1b0cf419d6af,944506540348,,f2ea1d76-c895-d42d-4c30-25fe1aea097a,ambulatory,185349003,Encounter for check up,19af0f8e-9717-441c-bb48-865c0379162d,Oke Oja Primary Health Center
dc0421f0-50cb-bcc7-13e5-1f11ace9fd00,976064140348,,f2ea1d76-c895-d42d-4c30-25fe1aea097a,ambulatory,162673000,General examination of patient,19af0f8e-9717-441c-bb48-865c0379162d,Oke Oja Primary Health Center
ced391ad-e3a1-51ef-6877-cf4228c37034,1007621740348,,f2ea1d76-c895-d42d-4c30-25fe1aea097a,ambulatory,162673000,General examination of patient,19af0f8e-9717-441c-bb48-865c0379162d,Oke Oja Primary Health Center
73b74f77-fa14-1863-5a1d-c541598698d1,1133852140348,,f2ea1d76-c895-d42d-4c30-25fe1aea097a,ambulatory,162673000,General examination of patient,19af0f8e-9717-441c-bb48-865c0379162d,Oke Oja Primary Health Center
d39848cc-54e3-f6fe-33d9-1b7a9518cdc3,1165409740348,,f2ea1d76-c895-d42d-4c30-25fe1aea097a,ambulatory,162673000,General examination of patient,19af0f8e-9717-441c-bb48-865c0379162d,Oke Oja Primary Health Center
9912069c-909b-e34e-b295-68e9d5ab4438,1323197740348,,f2ea1d76-c895-d42d-4c30-25fe1aea097a,ambulatory,162673000,General examination of patient,19af0f8e-9717-441c-bb48-865c0379162d,Oke Oja Primary Health Center
bd591cfa-535d-059d-1bc5-ec3462df1c49,1417870540348,,f2ea1d76-c895-d42d-4c30-25fe1aea097a,ambulatory,162673000,General examination of patient,19af0f8e-9717-441c-bb48-865c0379162d,Oke Oja Primary Health Center
98c3686a-e741-4563-73a6-4257ebd6c86a,1480985740348,,f2ea1d76-c895-d42d-4c30-25fe1aea097a,ambulatory,162673000,General examination of patient,19af0f8e-9717-441c-bb48-865c0379162d,Oke Oja Primary Health Center
75fdf70e-2d61-04b8-6d78-de15a900c80e,1607216140348,,f2ea1d76-c895-d42d-4c30-25fe1aea097a,ambulatory,162673000,General examination of patient,19af0f8e-9717-441c-bb48-865c0379162d,Oke Oja Primary Health Center
47536061-92df-7008-e082-07422aa63e7f,1638773740348,,f2ea1d76-c895-d42d-4c30-25fe1aea097a,ambulatory,162673000,General examination of patient,19af0f8e-9717-441c-bb48-865c0379162d,Oke Oja Primary Health Center
63f7d53e-bb29-28a1-21e2-fe369d7f3b7a,1670331340348,,f2ea1d76-c895-d42d-4c30-25fe1aea097a,ambulatory,162673000,General examination of patient,19af0f8e-9717-441c-bb48-865c0379162d,Oke Oja Primary Health Center
b380d57f-f2cd-4970-72c4-019adefa58c6,1733446540348,,f2ea1d76-c895-d42d-4c30-25fe1aea097a,ambulatory,162673000,General examination of patient,19af0f8e-9717-441c-bb48-865c0379162d,Oke Oja Primary Health Center
6f130275-46c2-5844-2672-d3cd1f2e8f6f,1765004140348,,f2ea1d76-c895-d42d-4c30-25fe1aea097a,ambulatory,162673000,General examination of patient,19af0f8e-9717-441c-bb48-865c0379162d,Oke Oja Primary Health Center
557bd6ef-d78f-12b6-e5d6-80fa9fae9801,1620122702320,,0bebc8be-06fa-ae7d-4baf-5b09bd247f76,ambulatory,162673000,General examination of patient (procedure),942d6865-2995-4dc5-8846-4109deaf0f9b,Omotoyosi Maternity Home
63f03fc6-7205-7102-b67f-ccbd2a6e41ba,1620122702320,,0bebc8be-06fa-ae7d-4baf-5b09bd247f76,inpatient,32485007,Hospital admission,942d6865-2995-4dc5-8846-4109deaf0f9b,Omotoyosi Maternity Home
51c97521-66e2-f033-6fbf-b013f22f0ca8,1651680302320,,0bebc8be-06fa-ae7d-4baf-5b09bd247f76,ambulatory,185349003,Encounter for check up,942d6865-2995-4dc5-8846-4109deaf0f9b,Omotoyosi Maternity Home
2585d531-80f6-b126-ca4b-e6cbcc43840b,1715353488980,,0bebc8be-06fa-ae7d-4baf-5b09bd247f76,ambulatory,185349003,Encounter for check up,942d6865-2995-4dc5-8846-4109deaf0f9b,Omotoyosi Maternity Home
68c90c78-b37d-c299-23f2-b7bcbe453860,1746353102320,,0bebc8be-06fa-ae7d-4baf-5b09bd247f76,ambulatory,162673000,General examination of patient,942d6865-2995-4dc5-8846-4109deaf0f9b,Omotoyosi Maternity Home
68f7f09d-38b4-65ab-d882-d76ad972fef1,1777910702320,,0bebc8be-06fa-ae7d-4baf-5b09bd247f76,ambulatory,162673000,General examination of patient,942d6865-2995-4dc5-8846-4109deaf0f9b,Omotoyosi Maternity Home
49fc22ae-d155-57fe-fc23-975d27553053,-796773150637,,a4b9e229-7671-d294-aedb-7d04041ca0f8,ambulatory,162673000,General examination of patient,0338aa22-1780-4dfb-8577-bbb46206c4d4,Akiriboto Oke Primary Health Center
2dc1209e-8c1f-5231-15a8-4d05118c57b5,-733657950637,,a4b9e229-7671-d294-aedb-7d04041ca0f8,ambulatory,162673000,General examination of patient,0338aa22-1780-4dfb-8577-bbb46206c4d4,Akiriboto Oke Primary Health Center
eb7c8614-5a3b-b9dc-b161-3e30c42c6e05,-733657950637,,a4b9e229-7671-d294-aedb-7d04041ca0f8,ambulatory,185349003,Encounter for check up,0338aa22-1780-4dfb-8577-bbb46206c4d4,Akiriboto Oke Primary Health Center
5cfd150b-74ec-2cc6-39cc-e36292070928,-702100350637,,a4b9e229-7671-d294-aedb-7d04041ca0f8,emergency,50849002,Emergency room admission,0338aa22-1780-4dfb-8577-bbb46206c4d4,Akiriboto Oke Primary Health Center
cf2e6fb6-18af-d6d6-31bf-1ba16a9fd9ab,-701692261678,,a4b9e229-7671-d294-aedb-7d04041ca0f8,ambulatory,185349003,Encounter for check up,0338aa22-1780-4dfb-8577-bbb46206c4d4,Akiriboto Oke Primary Health Center
0a6087ce-a96a-6ae3-fe87-f729e2ac9d74,-670542750637,,a4b9e229-7671-d294-aedb-7d04041ca0f8,ambulatory,162673000,General examination of patient,0338aa22-1780-4dfb-8577-bbb46206c4d4,Akiriboto Oke Primary Health Center
d7f122df-885e-e88d-2301-e362d494b379,-638985150637,,a4b9e229-7671-d294-aedb-7d04041ca0f8,ambulatory,162673000,General examination of patient,0338aa22-1780-4dfb-8577-bbb46206c4d4,Akiriboto Oke Primary Health Center
e54b2179-94e4-8f3b-0ab2-64610d67c53c,-575869950637,,a4b9e229-7671-d294-aedb-7d04041ca0f8,ambulatory,162673000,General examination of patient,0338aa22-1780-4dfb-8577-bbb46206c4d4,Akiriboto Oke Primary Health Center
7886140a-ee5a-5239-557b-bd929948473b,-449639550637,,a4b9e229-7671-d294-aedb-7d04041ca0f8,ambulatory,162673000,General examination of patient,0338aa22-1780-4dfb-8577-bbb46206c4d4,Akiriboto Oke Primary Health Center
ef0b0f62-3b87-ae05-5908-60e3ffc7f013,-418081950637,,a4b9e229-7671-d294-aedb-7d04041ca0f8,ambulatory,162673000,General examination of patient,0338aa22-1780-4dfb-8577-bbb46206c4d4,Akiriboto Oke Primary Health Center
b7815e8e-c59f-5f71-6228-c55c64ffce2c,-386524350637,,a4b9e229-7671-d294-aedb-7d04041ca0f8,ambulatory,162673000,General examination of patient,0338aa22-1780-4dfb-8577-bbb46206c4d4,Akiriboto Oke Primary Health Center
eca1660c-923b-5b5c-bb95-b5b552394a27,-354966750637,,a4b9e229-7671-d294-aedb-7d04041ca0f8,ambulatory,162673000,General examination of patient,0338aa22-1780-4dfb-8577-bbb46206c4d4,Akiriboto Oke Primary Health Center
f788f54d-7eda-f1d9-0cfd-0d6c1f856433,-323409150637,,a4b9e229-7671-d294-aedb-7d04041ca0f8,ambulatory,162673000,General examination of patient,0338aa22-1780-4dfb-8577-bbb46206c4d4,Akiriboto Oke Primary Health Center
28a6d7d6-f830-989d-adb2-5920c3da4842,-291851550637,,a4b9e229-7671-d294-aedb-7d04041ca0f8,ambulatory,162673000,General examination of patient,0338aa22-1780-4dfb-8577-bbb46206c4d4,Akiriboto Oke Primary Health Center
f173477d-3d5b-f60e-16a9-a5adaf7c9e4a,-260293950637,,a4b9e229-7671-d294-aedb-7d04041ca0f8,ambulatory,162673000,General examination of patient,0338aa22-1780-4dfb-8577-bbb46206c4d4,Akiriboto Oke Primary Health Center
8cd746af-9d3f-e185-5030-237d4c8984b2,-197178750637,,a4b9e229-7671-d294-aedb-7d04041ca0f8,ambulatory,162673000,General examination of patient,0338aa22-1780-4dfb-8577-bbb46206c4d4,Akiriboto Oke Primary Health Center
0dd466bc-ac19-338b-9f6c-d5eff683c5b5,-165621150637,,a4b9e229-7671-d294-aedb-7d04041ca0f8,ambulatory,162673000,General examination of patient,0338aa22-1780-4dfb-8577-bbb46206c4d4,Akiriboto Oke Primary Health Center
8ccb4f81-207d-2888-7bbe-26f30c8c3e1b,-134063550637,,a4b9e229-7671-d294-aedb-7d04041ca0f8,ambulatory,162673000,General examination of patient,0338aa22-1780-4dfb-8577-bbb46206c4d4,Akiriboto Oke Primary Health Center
e2d55460-6090-bfea-395a-31e0fbc6e0ed,-102505950637,,a4b9e229-7671-d294-aedb-7d04041ca0f8,ambulatory,162673000,General examination of patient,0338aa22-1780-4dfb-8577-bbb46206c4d4,Akiriboto Oke Primary Health Center
450623c1-9b5f-f11a-0889-e78af79c0c13,-39390750637,,a4b9e229-7671-d294-aedb-7d04041ca0f8,ambulatory,162673000,General examination of patient,0338aa22-1780-4dfb-8577-bbb46206c4d4,Akiriboto Oke Primary Health Center
6f2ee429-8187-9339-b44f-3c4fadbcf848,-7833150637,,a4b9e229-7671-d294-aedb-7d04041ca0f8,ambulatory,162673000,General examination of patient,0338aa22-1780-4dfb-8577-bbb46206c4d4,Akiriboto Oke Primary Health Center
f4d5e16f-ad0b-cb1f-e8af-81baa0435603,23724449363,,a4b9e229-7671-d294-aedb-7d04041ca0f8,ambulatory,162673000,General examination of patient,0338aa22-1780-4dfb-8577-bbb46206c4d4,Akiriboto Oke Primary Health Center
f274bf16-fe28-03e1-df21-d45c81df5219,55282049363,,a4b9e229-7671-d294-aedb-7d04041ca0f8,ambulatory,162673000,General examination of patient,0338aa22-1780-4dfb-8577-bbb46206c4d4,Akiriboto Oke Primary Health Center
f2ef8704-6dda-de30-28b9-6ee3d3493594,86839649363,,a4b9e229-7671-d294-aedb-7d04041ca0f8,ambulatory,162673000,General examination of patient,0338aa22-1780-4dfb-8577-bbb46206c4d4,Akiriboto Oke Primary Health Center
3f213957-9c7f-0323-feb1-d2f34d722663,181512449363,,a4b9e229-7671-d294-aedb-7d04041ca0f8,ambulatory,162673000,General examination of patient,0338aa22-1780-4dfb-8577-bbb46206c4d4,Akiriboto Oke Primary Health Center
5df0ddb3-cdef-246b-c180-3f812fb4c3f7,244627649363,,a4b9e229-7671-d294-aedb-7d04041ca0f8,ambulatory,162673000,General examination of patient,0338aa22-1780-4dfb-8577-bbb46206c4d4,Akiriboto Oke Primary Health Center
368a4f79-c6a9-cf68-1490-0fd8f3c8befd,276185249363,,a4b9e229-7671-d294-aedb-7d04041ca0f8,ambulatory,162673000,General examination of patient,0338aa22-1780-4dfb-8577-bbb46206c4d4,Akiriboto Oke Primary Health Center
704b7651-9967-f8d8-0668-17916af8a8b0,307742849363,,a4b9e229-7671-d294-aedb-7d04041ca0f8,ambulatory,162673000,General examination of patient,0338aa22-1780-4dfb-8577-bbb46206c4d4,Akiriboto Oke Primary Health Center
0d5bab38-b1b3-11e6-d728-ff774028a449,339300449363,,a4b9e229-7671-d294-aedb-7d04041ca0f8,ambulatory,162673000,General examination of patient,0338aa22-1780-4dfb-8577-bbb46206c4d4,Akiriboto Oke Primary Health Center
fdf486e5-167f-fbae-abc8-6228b30fbef4,370858049363,,a4b9e229-7671-d294-aedb-7d04041ca0f8,ambulatory,162673000,General examination of patient,0338aa22-1780-4dfb-8577-bbb46206c4d4,Akiriboto Oke Primary Health Center
cc8b6459-ec80-4c32-e4f8-6196243f5cdb,402415649363,,a4b9e229-7671-d294-aedb-7d04041ca0f8,ambulatory,162673000,General examination of patient,0338aa22-1780-4dfb-8577-bbb46206c4d4,Akiriboto Oke Primary Health Center
6ca3f9f5-791d-9676-fec0-6724c35e3993,433973249363,,a4b9e229-7671-d294-aedb-7d04041ca0f8,ambulatory,162673000,General examination of patient,0338aa22-1780-4dfb-8577-bbb46206c4d4,Akiriboto Oke Primary Health Center
16dd17b4-8773-682d-926d-1f5c5e4df9df,528646049363,,a4b9e229-7671-d294-aedb-7d04041ca0f8,ambulatory,162673000,General examination of patient,0338aa22-1780-4dfb-8577-bbb46206c4d4,Akiriboto Oke Primary Health Center
d18720aa-9479-3e7c-f76f-7d43a056374f,560203649363,,a4b9e229-7671-d294-aedb-7d04041ca0f8,ambulatory,162673000,General examination of patient,0338aa22-1780-4dfb-8577-bbb46206c4d4,Akiriboto Oke Primary Health Center
5bf71aa0-e66e-1a5a-1243-5048368cdf2c,591761249363,,a4b9e229-7671-d294-aedb-7d04041ca0f8,ambulatory,162673000,General examination of patient,0338aa22-1780-4dfb-8577-bbb46206c4d4,Akiriboto Oke Primary Health Center
6d15dbc4-d474-aa95-1211-88207dbdcbb3,654876449363,,a4b9e229-7671-d294-aedb-7d04041ca0f8,ambulatory,162673000,General examination of patient,0338aa22-1780-4dfb-8577-bbb46206c4d4,Akiriboto Oke Primary Health Center
3abf89fc-8a70-d565-dc93-8432efd5b34b,749549249363,,a4b9e229-7671-d294-aedb-7d04041ca0f8,ambulatory,162673000,General examination of patient,0338aa22-1780-4dfb-8577-bbb46206c4d4,Akiriboto Oke Primary Health Center
33b55b54-8e9d-3bf7-0090-f13c3f9c6691,781106849363,,a4b9e229-7671-d294-aedb-7d04041ca0f8,ambulatory,162673000,General examination of patient,0338aa22-1780-4dfb-8577-bbb46206c4d4,Akiriboto Oke Primary Health Center
873c82dc-8cf3-c6a4-df36-7770f82ab0ce,812664449363,,a4b9e229-7671-d294-aedb-7d04041ca0f8,ambulatory,162673000,General examination of patient,0338aa22-1780-4dfb-8577-bbb46206c4d4,Akiriboto Oke Primary Health Center
04b2ddbf-33e2-d619-57a9-62fbf2e7d1d2,844222049363,,a4b9e229-7671-d294-aedb-7d04041ca0f8,ambulatory,162673000,General examination of patient,0338aa22-1780-4dfb-8577-bbb46206c4d4,Akiriboto Oke Primary Health Center
461d1b67-174c-4ec5-9cd1-2139089d7d33,907337249363,,a4b9e229-7671-d294-aedb-7d04041ca0f8,ambulatory,162673000,General examination of patient,0338aa22-1780-4dfb-8577-bbb46206c4d4,Akiriboto Oke Primary Health Center
e27f5547-001f-c320-f20f-912eeadfca54,938894849363,,a4b9e229-7671-d294-aedb-7d04041ca0f8,ambulatory,162673000,General examination of patient,0338aa22-1780-4dfb-8577-bbb46206c4d4,Akiriboto Oke Primary Health Center
1e19cbf1-ef0f-4a88-08f6-895c93505849,970452449363,,a4b9e229-7671-d294-aedb-7d04041ca0f8,ambulatory,162673000,General examination of patient,0338aa22-1780-4dfb-8577-bbb46206c4d4,Akiriboto Oke Primary Health Center
4e37ab98-0f27-8034-68e5-dcbfe1b2d122,1002010049363,,a4b9e229-7671-d294-aedb-7d04041ca0f8,ambulatory,162673000,General examination of patient,0338aa22-1780-4dfb-8577-bbb46206c4d4,Akiriboto Oke Primary Health Center
3ddbbf25-61fb-0b33-336c-6d37cbd75840,1128240449363,,a4b9e229-7671-d294-aedb-7d04041ca0f8,ambulatory,162673000,General examination of patient,0338aa22-1780-4dfb-8577-bbb46206c4d4,Akiriboto Oke Primary Health Center
3fe93c2b-dcf6-09b5-e9ca-1f3e0b6d1b83,1191355649363,,a4b9e229-7671-d294-aedb-7d04041ca0f8,ambulatory,162673000,General examination of patient,0338aa22-1780-4dfb-8577-bbb46206c4d4,Akiriboto Oke Primary Health Center
0cc918f3-4fe3-5b3b-0ef0-a08c54b37243,1223150849363,,a4b9e229-7671-d294-aedb-7d04041ca0f8,ambulatory,185349003,Encounter for check up,0338aa22-1780-4dfb-8577-bbb46206c4d4,Akiriboto Oke Primary Health Center
6e3d263e-d50a-df83-e44b-cfeb49947745,1254470849363,,a4b9e229-7671-d294-aedb-7d04041ca0f8,ambulatory,162673000,General examination of patient,0338aa22-1780-4dfb-8577-bbb46206c4d4,Akiriboto Oke Primary Health Center
53440c8f-d8cd-61cb-91b8-2ea1a4928afc,1286028449363,,a4b9e229-7671-d294-aedb-7d04041ca0f8,ambulatory,162673000,General examination of patient,0338aa22-1780-4dfb-8577-bbb46206c4d4,Akiriboto Oke Primary Health Center
2379ae30-e681-c0fd-b4e0-95359864c47e,1286966578832,,a4b9e229-7671-d294-aedb-7d04041ca0f8,emergency,50849002,Emergency room admission,0338aa22-1780-4dfb-8577-bbb46206c4d4,Akiriboto Oke Primary Health Center
a9edf965-df5d-5fbf-9662-40ad84d5d24a,1317586049363,,a4b9e229-7671-d294-aedb-7d04041ca0f8,ambulatory,162673000,General examination of patient,0338aa22-1780-4dfb-8577-bbb46206c4d4,Akiriboto Oke Primary Health Center
7308176c-a6ea-1e7a-29c3-713c61ea56c4,1380701249363,,a4b9e229-7671-d294-aedb-7d04041ca0f8,ambulatory,162673000,General examination of patient,0338aa22-1780-4dfb-8577-bbb46206c4d4,Akiriboto Oke Primary Health Center
b8b3ec92-6382-b557-b9ba-0c484dfd491d,1443816449363,,a4b9e229-7671-d294-aedb-7d04041ca0f8,ambulatory,162673000,General examination of patient,0338aa22-1780-4dfb-8577-bbb46206c4d4,Akiriboto Oke Primary Health Center
e302a48d-6dee-088f-4e20-6bbe99d15cf7,1475374049363,,a4b9e229-7671-d294-aedb-7d04041ca0f8,ambulatory,162673000,General examination of patient,0338aa22-1780-4dfb-8577-bbb46206c4d4,Akiriboto Oke Primary Health Center
573fae01-9b48-1f5d-55e5-63e03c5cdf91,1506931649363,,a4b9e229-7671-d294-aedb-7d04041ca0f8,ambulatory,162673000,General examination of patient,0338aa22-1780-4dfb-8577-bbb46206c4d4,Akiriboto Oke Primary Health Center
c33d0d5a-19b4-d015-82a5-542a9f805f80,1570046849363,,a4b9e229-7671-d294-aedb-7d04041ca0f8,ambulatory,162673000,General examination of patient,0338aa22-1780-4dfb-8577-bbb46206c4d4,Akiriboto Oke Primary Health Center
37c1e483-91e9-4996-1973-fc3b44f567c0,1635122985863,,a4b9e229-7671-d294-aedb-7d04041ca0f8,ambulatory,185349003,Encounter for check up,0338aa22-1780-4dfb-8577-bbb46206c4d4,Akiriboto Oke Primary Health Center
29603a31-dfb2-171f-1b5a-fd95958b418d,1664719649363,,a4b9e229-7671-d294-aedb-7d04041ca0f8,ambulatory,162673000,General examination of patient,0338aa22-1780-4dfb-8577-bbb46206c4d4,Akiriboto Oke Primary Health Center
4a6a9906-eeeb-25fd-b90a-c20a8ae3b502,1696277249363,,a4b9e229-7671-d294-aedb-7d04041ca0f8,ambulatory,162673000,General examination of patient,0338aa22-1780-4dfb-8577-bbb46206c4d4,Akiriboto Oke Primary Health Center
3b9242e4-4c63-6bf9-8d38-c925c9dd455c,1727834849363,,a4b9e229-7671-d294-aedb-7d04041ca0f8,ambulatory,162673000,General examination of patient,0338aa22-1780-4dfb-8577-bbb46206c4d4,Akiriboto Oke Primary Health Center
3d4ce295-c524-f82e-aaca-f6dba72e289b,-826241317173,,dad44c24-515a-86e9-85e2-dbd7ad398787,ambulatory,162673000,General examination of patient,a1bee98d-9a91-458f-9d7e-d7884e8b11a0,Lasegba Primary Health Center
ca230dc5-4178-e55a-7c15-cd0895bbd419,-826241317173,,dad44c24-515a-86e9-85e2-dbd7ad398787,ambulatory,185349003,Encounter for check up,a1bee98d-9a91-458f-9d7e-d7884e8b11a0,Lasegba Primary Health Center
305ac5c4-3af1-275a-20b8-92945f381b04,-794683717173,,dad44c24-515a-86e9-85e2-dbd7ad398787,ambulatory,162673000,General examination of patient,a1bee98d-9a91-458f-9d7e-d7884e8b11a0,Lasegba Primary Health Center
5c6a8cb1-6411-cf54-27d1-6b047cc08456,-794683717173,,dad44c24-515a-86e9-85e2-dbd7ad398787,ambulatory,185349003,Encounter for check up,a1bee98d-9a91-458f-9d7e-d7884e8b11a0,Lasegba Primary Health Center
b63b55ef-9693-4646-015b-c9056e7eeb26,-762714489161,,dad44c24-515a-86e9-85e2-dbd7ad398787,ambulatory,185349003,Encounter for check up,a1bee98d-9a91-458f-9d7e-d7884e8b11a0,Lasegba Primary Health Center
8b0bbe9c-b267-7c14-c034-1508222b5c71,-730789165542,,dad44c24-515a-86e9-85e2-dbd7ad398787,ambulatory,185349003,Encounter for check up,a1bee98d-9a91-458f-9d7e-d7884e8b11a0,Lasegba Primary Health Center
dffe237f-98f2-4735-9de0-e01d909c42b9,-700010917173,,dad44c24-515a-86e9-85e2-dbd7ad398787,ambulatory,162673000,General examination of patient,a1bee98d-9a91-458f-9d7e-d7884e8b11a0,Lasegba Primary Health Center
63313f7b-6849-557a-79d0-c06799aaa608,-668453317173,,dad44c24-515a-86e9-85e2-dbd7ad398787,ambulatory,162673000,General examination of patient,a1bee98d-9a91-458f-9d7e-d7884e8b11a0,Lasegba Primary Health Center
4c035de5-ea77-a90f-4e9e-31505824e823,-510665317173,,dad44c24-515a-86e9-85e2-dbd7ad398787,ambulatory,162673000,General examination of patient,a1bee98d-9a91-458f-9d7e-d7884e8b11a0,Lasegba Primary Health Center
5e25ef87-269a-fa50-bc76-e65c589d7bcf,-479107717173,,dad44c24-515a-86e9-85e2-dbd7ad398787,ambulatory,162673000,General examination of patient,a1bee98d-9a91-458f-9d7e-d7884e8b11a0,Lasegba Primary Health Center
b502cec4-479d-cceb-d411-284c5c924135,-414799669749,,dad44c24-515a-86e9-85e2-dbd7ad398787,ambulatory,185349003,Encounter for check up,a1bee98d-9a91-458f-9d7e-d7884e8b11a0,Lasegba Primary Health Center
1fe6cb4f-3948-3b11-5d60-50024cb04224,-384434917173,,dad44c24-515a-86e9-85e2-dbd7ad398787,ambulatory,162673000,General examination of patient,a1bee98d-9a91-458f-9d7e-d7884e8b11a0,Lasegba Primary Health Center
08408ebf-23f0-a499-b576-e2c935bdd5d4,-352877317173,,dad44c24-515a-86e9-85e2-dbd7ad398787,ambulatory,162673000,General examination of patient,a1bee98d-9a91-458f-9d7e-d7884e8b11a0,Lasegba Primary Health Center
a301b5c4-8aa8-a456-b7f1-bff08d016211,-258204517173,,dad44c24-515a-86e9-85e2-dbd7ad398787,ambulatory,162673000,General examination of patient,a1bee98d-9a91-458f-9d7e-d7884e8b11a0,Lasegba Primary Health Center
9d95220e-8292-264c-7704-74cee1d1bc26,-226646917173,,dad44c24-515a-86e9-85e2-dbd7ad398787,ambulatory,162673000,General examination of patient,a1bee98d-9a91-458f-9d7e-d7884e8b11a0,Lasegba Primary Health Center
f1386666-6fcd-4fa2-83c9-b0c3375d73fa,-195089317173,,dad44c24-515a-86e9-85e2-dbd7ad398787,ambulatory,162673000,General examination of patient,a1bee98d-9a91-458f-9d7e-d7884e8b11a0,Lasegba Primary Health Center
d9ad36d4-6aed-4c47-6cef-00c598c2929e,-100416517173,,dad44c24-515a-86e9-85e2-dbd7ad398787,ambulatory,162673000,General examination of patient,a1bee98d-9a91-458f-9d7e-d7884e8b11a0,Lasegba Primary Health Center
704ba287-24ec-af11-7310-ac3443a0dbff,-37301317173,,dad44c24-515a-86e9-85e2-dbd7ad398787,ambulatory,162673000,General examination of patient,a1bee98d-9a91-458f-9d7e-d7884e8b11a0,Lasegba Primary Health Center
bc1b4118-02a7-5d77-5833-944e43be839b,25813882827,,dad44c24-515a-86e9-85e2-dbd7ad398787,ambulatory,162673000,General examination of patient,a1bee98d-9a91-458f-9d7e-d7884e8b11a0,Lasegba Primary Health Center
55d80d65-32f6-3f31-493f-fa702f855f5e,120486682827,,dad44c24-515a-86e9-85e2-dbd7ad398787,ambulatory,162673000,General examination of patient,a1bee98d-9a91-458f-9d7e-d7884e8b11a0,Lasegba Primary Health Center
af7f52d8-999a-e2b4-32bd-166e40e161ae,152044282827,,dad44c24-515a-86e9-85e2-dbd7ad398787,ambulatory,162673000,General examination of patient,a1bee98d-9a91-458f-9d7e-d7884e8b11a0,Lasegba Primary Health Center
f3bafd27-ec53-452d-560d-5aaffbe48361,278274682827,,dad44c24-515a-86e9-85e2-dbd7ad398787,ambulatory,162673000,General examination of patient,a1bee98d-9a91-458f-9d7e-d7884e8b11a0,Lasegba Primary Health Center
857632e3-d918-3c06-d3ff-fa01f787eeb6,341389882827,,dad44c24-515a-86e9-85e2-dbd7ad398787,ambulatory,162673000,General examination of patient,a1bee98d-9a91-458f-9d7e-d7884e8b11a0,Lasegba Primary Health Center
14543afb-5a5b-dbeb-056d-84371d3ad410,562293082827,,dad44c24-515a-86e9-85e2-dbd7ad398787,ambulatory,162673000,General examination of patient,a1bee98d-9a91-458f-9d7e-d7884e8b11a0,Lasegba Primary Health Center
ad306bae-3159-df19-6fe1-576740c4c7a5,656965882827,,dad44c24-515a-86e9-85e2-dbd7ad398787,ambulatory,162673000,General examination of patient,a1bee98d-9a91-458f-9d7e-d7884e8b11a0,Lasegba Primary Health Center
4331c29e-b1ed-5fc9-213c-3bd923393862,688523482827,,dad44c24-515a-86e9-85e2-dbd7ad398787,ambulatory,162673000,General examination of patient,a1bee98d-9a91-458f-9d7e-d7884e8b11a0,Lasegba Primary Health Center
7b4b5028-ff0e-6cea-abe3-f91c3c81ee1d,751638682827,,dad44c24-515a-86e9-85e2-dbd7ad398787,ambulatory,162673000,General examination of patient,a1bee98d-9a91-458f-9d7e-d7884e8b11a0,Lasegba Primary Health Center
012829a0-69ff-0662-f422-e3181cc630be,909426682827,,dad44c24-515a-86e9-85e2-dbd7ad398787,ambulatory,162673000,General examination of patient,a1bee98d-9a91-458f-9d7e-d7884e8b11a0,Lasegba Primary Health Center
d69b62e1-70bd-d58f-db5a-b3b1e80d8488,1035657082827,,dad44c24-515a-86e9-85e2-dbd7ad398787,ambulatory,162673000,General examination of patient,a1bee98d-9a91-458f-9d7e-d7884e8b11a0,Lasegba Primary Health Center
1a720338-f806-c79e-4002-bbbaf8e8b1de,1067214682827,,dad44c24-515a-86e9-85e2-dbd7ad398787,ambulatory,162673000,General examination of patient,a1bee98d-9a91-458f-9d7e-d7884e8b11a0,Lasegba Primary Health Center
d89c85e3-4e0f-fe4e-2aea-4a3809f941cb,1098772282827,,dad44c24-515a-86e9-85e2-dbd7ad398787,ambulatory,162673000,General examination of patient,a1bee98d-9a91-458f-9d7e-d7884e8b11a0,Lasegba Primary Health Center
358ac4c6-e07c-8973-c013-4e47881e77ac,1130329882827,,dad44c24-515a-86e9-85e2-dbd7ad398787,ambulatory,162673000,General examination of patient,a1bee98d-9a91-458f-9d7e-d7884e8b11a0,Lasegba Primary Health Center
76f6e1f3-1fcc-ba54-91e1-207545e3ca41,1288117882827,,dad44c24-515a-86e9-85e2-dbd7ad398787,ambulatory,162673000,General examination of patient,a1bee98d-9a91-458f-9d7e-d7884e8b11a0,Lasegba Primary Health Center
72138b85-fa48-3cc2-5e16-26ddb3e48aba,1288355482827,,dad44c24-515a-86e9-85e2-dbd7ad398787,ambulatory,185349003,Encounter for check up,a1bee98d-9a91-458f-9d7e-d7884e8b11a0,Lasegba Primary Health Center
bc76e7d9-978d-5c78-b429-6f540ad4e783,1319675482827,,dad44c24-515a-86e9-85e2-dbd7ad398787,ambulatory,162673000,General examination of patient,a1bee98d-9a91-458f-9d7e-d7884e8b11a0,Lasegba Primary Health Center
af2b5adb-e9bf-7091-f9ba-3a2794d03cd4,1382790682827,,dad44c24-515a-86e9-85e2-dbd7ad398787,ambulatory,162673000,General examination of patient,a1bee98d-9a91-458f-9d7e-d7884e8b11a0,Lasegba Primary Health Center
0abb2269-9388-ec84-0959-c84b91ebebae,1445905882827,,dad44c24-515a-86e9-85e2-dbd7ad398787,ambulatory,162673000,General examination of patient,a1bee98d-9a91-458f-9d7e-d7884e8b11a0,Lasegba Primary Health Center
7d3a141d-8b15-e74e-7a53-32283773f433,1540578682827,,dad44c24-515a-86e9-85e2-dbd7ad398787,ambulatory,162673000,General examination of patient,a1bee98d-9a91-458f-9d7e-d7884e8b11a0,Lasegba Primary Health Center
00f6b5f1-b8b3-d406-acef-207b661eff7e,1572136282827,,dad44c24-515a-86e9-85e2-dbd7ad398787,ambulatory,162673000,General examination of patient,a1bee98d-9a91-458f-9d7e-d7884e8b11a0,Lasegba Primary Health Center
8fc98439-b89d-dcfc-283b-2af5f2808673,1603931482827,,dad44c24-515a-86e9-85e2-dbd7ad398787,emergency,50849002,Emergency room admission,a1bee98d-9a91-458f-9d7e-d7884e8b11a0,Lasegba Primary Health Center
7c8cdb5f-1f23-ed77-4629-817f855f520f,1604788097758,,dad44c24-515a-86e9-85e2-dbd7ad398787,emergency,50849002,Emergency room admission,a1bee98d-9a91-458f-9d7e-d7884e8b11a0,Lasegba Primary Health Center
557d2a34-a896-70f1-f61d-6a5f990d64ee,1668554047840,,dad44c24-515a-86e9-85e2-dbd7ad398787,ambulatory,185349003,Encounter for check up,a1bee98d-9a91-458f-9d7e-d7884e8b11a0,Lasegba Primary Health Center
de5e3d1f-4331-617c-b262-4ed8f6ec8a04,1698366682827,,dad44c24-515a-86e9-85e2-dbd7ad398787,ambulatory,162673000,General examination of patient,a1bee98d-9a91-458f-9d7e-d7884e8b11a0,Lasegba Primary Health Center
0b620463-d434-b67e-20ba-61f50cc024a1,1091341028613,,2c916f5b-956d-89c1-5736-e76c09026aa8,ambulatory,162673000,General examination of patient (procedure),9ffcf268-55b4-46b9-b330-9dea0575b97b,De Shalom Pharmacy
a3c2889f-31cf-4bff-e480-41b4c07cb752,1091341028613,,2c916f5b-956d-89c1-5736-e76c09026aa8,inpatient,32485007,Hospital admission,9ffcf268-55b4-46b9-b330-9dea0575b97b,De Shalom Pharmacy
cc28b77f-e3cb-a493-da40-1741491929d6,1122898628613,,2c916f5b-956d-89c1-5736-e76c09026aa8,ambulatory,185349003,Encounter for check up,9ffcf268-55b4-46b9-b330-9dea0575b97b,De Shalom Pharmacy
0afb67bd-cea1-2679-8e69-b15f412aabb6,1186371849965,,2c916f5b-956d-89c1-5736-e76c09026aa8,ambulatory,185349003,Encounter for check up,9ffcf268-55b4-46b9-b330-9dea0575b97b,De Shalom Pharmacy
799bfac4-e148-e22b-1d75-c4f7e5e1caa1,1217571428613,,2c916f5b-956d-89c1-5736-e76c09026aa8,ambulatory,162673000,General examination of patient,9ffcf268-55b4-46b9-b330-9dea0575b97b,De Shalom Pharmacy
9c1e950c-d3a4-d511-719d-4cd2ac7780e0,1218353702687,,2c916f5b-956d-89c1-5736-e76c09026aa8,ambulatory,185349003,Encounter for check up,9ffcf268-55b4-46b9-b330-9dea0575b97b,De Shalom Pharmacy
6db780b4-7322-3d01-345b-d776549b6d66,1312244228613,,2c916f5b-956d-89c1-5736-e76c09026aa8,ambulatory,162673000,General examination of patient,9ffcf268-55b4-46b9-b330-9dea0575b97b,De Shalom Pharmacy
a6d40119-2191-69b1-42a7-fed91e8b6a4c,1406917028613,,2c916f5b-956d-89c1-5736-e76c09026aa8,ambulatory,162673000,General examination of patient,9ffcf268-55b4-46b9-b330-9dea0575b97b,De Shalom Pharmacy
dd950d5b-a9df-da6a-bfbf-705ab4386b71,1438474628613,,2c916f5b-956d-89c1-5736-e76c09026aa8,ambulatory,162673000,General examination of patient,9ffcf268-55b4-46b9-b330-9dea0575b97b,De Shalom Pharmacy
09275dc0-ce4e-c96e-e5dd-81426a150c73,1501589828613,,2c916f5b-956d-89c1-5736-e76c09026aa8,emergency,50849002,Emergency room admission,9ffcf268-55b4-46b9-b330-9dea0575b97b,De Shalom Pharmacy
2bcebcc0-7fdb-37c1-e019-90c943dd530f,1564705028613,,2c916f5b-956d-89c1-5736-e76c09026aa8,ambulatory,162673000,General examination of patient,9ffcf268-55b4-46b9-b330-9dea0575b97b,De Shalom Pharmacy
dba8908a-4ffc-96d1-5997-ab0460339865,1596262628613,,2c916f5b-956d-89c1-5736-e76c09026aa8,ambulatory,162673000,General examination of patient,9ffcf268-55b4-46b9-b330-9dea0575b97b,De Shalom Pharmacy
9266e9bb-a948-9450-1c8c-8838406a2f45,1627820228613,,2c916f5b-956d-89c1-5736-e76c09026aa8,ambulatory,162673000,General examination of patient,9ffcf268-55b4-46b9-b330-9dea0575b97b,De Shalom Pharmacy
10a0c219-7191-a4af-f9c4-5325ddeb7fa5,1785608228613,,2c916f5b-956d-89c1-5736-e76c09026aa8,ambulatory,162673000,General examination of patient,9ffcf268-55b4-46b9-b330-9dea0575b97b,De Shalom Pharmacy
cd5fa849-b3c6-1898-0532-192dd5ff9c9c,1729773606926,,e3e6331b-224b-c993-cda0-38fce2d783d2,ambulatory,162673000,General examination of patient (procedure),dab5cf82-ad44-47c3-a1dd-31a6e46138d7,Omo Oloye Nursing and Maternity
f92c5803-5d06-294c-774d-c5ed7e61a838,1729773606926,,e3e6331b-224b-c993-cda0-38fce2d783d2,ambulatory,185349003,Encounter for check up,dab5cf82-ad44-47c3-a1dd-31a6e46138d7,Omo Oloye Nursing and Maternity
b6ae14b6-5ffd-8aba-635c-d91206d4e910,1303753596310,,21c1636e-22f5-e814-1893-f36309be5b4c,ambulatory,162673000,General examination of patient,498deb6e-5070-458f-8486-12170d8322b9,Oyi Adunni Primary Health Center
03b564ae-bd99-6e0e-99bc-5c35519637dc,1303753596310,,21c1636e-22f5-e814-1893-f36309be5b4c,ambulatory,185349003,Encounter for check up,498deb6e-5070-458f-8486-12170d8322b9,Oyi Adunni Primary Health Center
7c80a496-dfaf-c1b9-b4c0-e3108ec33fe9,1335907797817,,21c1636e-22f5-e814-1893-f36309be5b4c,ambulatory,185349003,Encounter for check up,498deb6e-5070-458f-8486-12170d8322b9,Oyi Adunni Primary Health Center
23cff96a-5100-f648-df23-06a6d65b8336,1367808358272,,21c1636e-22f5-e814-1893-f36309be5b4c,ambulatory,185349003,Encounter for check up,498deb6e-5070-458f-8486-12170d8322b9,Oyi Adunni Primary Health Center
d47bd9c4-e8e3-b2cd-a871-89107dc1c2db,1399684424195,,21c1636e-22f5-e814-1893-f36309be5b4c,ambulatory,185349003,Encounter for check up,498deb6e-5070-458f-8486-12170d8322b9,Oyi Adunni Primary Health Center
14a4a9e7-493f-568c-a04e-b1f8fc5f7ef3,1429983996310,,21c1636e-22f5-e814-1893-f36309be5b4c,ambulatory,162673000,General examination of patient,498deb6e-5070-458f-8486-12170d8322b9,Oyi Adunni Primary Health Center
1890b1e9-726b-b8f3-5bf1-8dcc27d21063,1461541596310,,21c1636e-22f5-e814-1893-f36309be5b4c,ambulatory,162673000,General examination of patient,498deb6e-5070-458f-8486-12170d8322b9,Oyi Adunni Primary Health Center
44cdc8f4-8323-dd15-a027-0a4363d29c96,1524656796310,,21c1636e-22f5-e814-1893-f36309be5b4c,ambulatory,162673000,General examination of patient,498deb6e-5070-458f-8486-12170d8322b9,Oyi Adunni Primary Health Center
eee574d6-f70c-6a2d-aa42-ad8d24cbd2ad,1619329596310,,21c1636e-22f5-e814-1893-f36309be5b4c,ambulatory,162673000,General examination of patient,498deb6e-5070-458f-8486-12170d8322b9,Oyi Adunni Primary Health Center
178f5066-3f3b-cdd0-4db2-52c584d2aa24,1650887196310,,21c1636e-22f5-e814-1893-f36309be5b4c,ambulatory,162673000,General examination of patient,498deb6e-5070-458f-8486-12170d8322b9,Oyi Adunni Primary Health Center
cb7d7a60-d242-2b90-aa0b-187ab83f64f3,1650887196310,,21c1636e-22f5-e814-1893-f36309be5b4c,ambulatory,185349003,Encounter for check up,498deb6e-5070-458f-8486-12170d8322b9,Oyi Adunni Primary Health Center
220761db-1eaf-1b11-45da-2b20ad419779,1745559996310,,21c1636e-22f5-e814-1893-f36309be5b4c,ambulatory,162673000,General examination of patient,498deb6e-5070-458f-8486-12170d8322b9,Oyi Adunni Primary Health Center
ca6d0c66-387b-350e-dc05-55d8d85b403c,930370803264,,3b3f3d6c-dd0b-1bff-bb11-c1d5f1eefc43,ambulatory,162673000,General examination of patient (procedure),a0461171-a0bd-4480-8148-431b65fb8fbb,Otan Ile Maternity Center
8a196d18-b9ad-ef8a-94d1-00142e597514,930370803264,,3b3f3d6c-dd0b-1bff-bb11-c1d5f1eefc43,ambulatory,185349003,Encounter for check up,a0461171-a0bd-4480-8148-431b65fb8fbb,Otan Ile Maternity Center
813b7b1c-ee75-fdac-5498-29ae1dba4fbe,930370803264,,3b3f3d6c-dd0b-1bff-bb11-c1d5f1eefc43,ambulatory,185349003,Encounter for check up,a0461171-a0bd-4480-8148-431b65fb8fbb,Otan Ile Maternity Center
423cdb89-143f-d4fe-9f3c-5d6dff776a81,961928403264,,3b3f3d6c-dd0b-1bff-bb11-c1d5f1eefc43,ambulatory,162673000,General examination of patient,a0461171-a0bd-4480-8148-431b65fb8fbb,Otan Ile Maternity Center
4a1cec7d-7aff-804e-55a9-1b8c42c84b05,962281476671,,3b3f3d6c-dd0b-1bff-bb11-c1d5f1eefc43,ambulatory,185349003,Encounter for check up,a0461171-a0bd-4480-8148-431b65fb8fbb,Otan Ile Maternity Center
fda5b835-4da1-8ae0-f64f-4a88fb2d85f0,962589414888,,3b3f3d6c-dd0b-1bff-bb11-c1d5f1eefc43,ambulatory,185349003,Encounter for check up,a0461171-a0bd-4480-8148-431b65fb8fbb,Otan Ile Maternity Center
8e3a9795-9510-4700-1d3b-fbe0acc39a43,993486003264,,3b3f3d6c-dd0b-1bff-bb11-c1d5f1eefc43,ambulatory,162673000,General examination of patient,a0461171-a0bd-4480-8148-431b65fb8fbb,Otan Ile Maternity Center
71bd4834-b87b-5b14-8822-42d2d77c9635,994373194729,,3b3f3d6c-dd0b-1bff-bb11-c1d5f1eefc43,ambulatory,185349003,Encounter for check up,a0461171-a0bd-4480-8148-431b65fb8fbb,Otan Ile Maternity Center
a66e12cb-2125-4735-c85a-b82ce48ea178,1025043603264,,3b3f3d6c-dd0b-1bff-bb11-c1d5f1eefc43,ambulatory,162673000,General examination of patient,a0461171-a0bd-4480-8148-431b65fb8fbb,Otan Ile Maternity Center
ff971870-c0c0-deab-7c59-461421dccdb7,1056601203264,,3b3f3d6c-dd0b-1bff-bb11-c1d5f1eefc43,ambulatory,162673000,General examination of patient,a0461171-a0bd-4480-8148-431b65fb8fbb,Otan Ile Maternity Center
22ff0e05-5f6d-eb4d-db03-536642cdc747,1058132919184,,3b3f3d6c-dd0b-1bff-bb11-c1d5f1eefc43,ambulatory,185349003,Encounter for check up,a0461171-a0bd-4480-8148-431b65fb8fbb,Otan Ile Maternity Center
bdc2d423-e7ed-4b58-0c10-96d0c086a4c7,1088158803264,,3b3f3d6c-dd0b-1bff-bb11-c1d5f1eefc43,ambulatory,162673000,General examination of patient,a0461171-a0bd-4480-8148-431b65fb8fbb,Otan Ile Maternity Center
8b125be9-ef9e-1c39-b7f0-374e7aedb8ab,1182831603264,,3b3f3d6c-dd0b-1bff-bb11-c1d5f1eefc43,ambulatory,162673000,General examination of patient,a0461171-a0bd-4480-8148-431b65fb8fbb,Otan Ile Maternity Center
11a05ec6-79d4-8e87-e193-d48d96f3236f,1277504403264,,3b3f3d6c-dd0b-1bff-bb11-c1d5f1eefc43,ambulatory,162673000,General examination of patient,a0461171-a0bd-4480-8148-431b65fb8fbb,Otan Ile Maternity Center
6364e4c4-cd52-4711-1f13-635569ec4c5d,1311688231770,,3b3f3d6c-dd0b-1bff-bb11-c1d5f1eefc43,emergency,50849002,Emergency room admission,a0461171-a0bd-4480-8148-431b65fb8fbb,Otan Ile Maternity Center
ae593e6e-8136-78ae-624d-27162abce6b4,1435292403264,,3b3f3d6c-dd0b-1bff-bb11-c1d5f1eefc43,ambulatory,162673000,General examination of patient,a0461171-a0bd-4480-8148-431b65fb8fbb,Otan Ile Maternity Center
8f8c65a5-501f-2e8c-17cb-1469133218bd,1529965203264,,3b3f3d6c-dd0b-1bff-bb11-c1d5f1eefc43,ambulatory,162673000,General examination of patient,a0461171-a0bd-4480-8148-431b65fb8fbb,Otan Ile Maternity Center
2f2f46d2-6429-1df9-2ebe-efe5b2375614,1561522803264,,3b3f3d6c-dd0b-1bff-bb11-c1d5f1eefc43,ambulatory,162673000,General examination of patient,a0461171-a0bd-4480-8148-431b65fb8fbb,Otan Ile Maternity Center
920798bc-ba0b-ff47-82d3-de06fec5de70,1624638003264,,3b3f3d6c-dd0b-1bff-bb11-c1d5f1eefc43,ambulatory,162673000,General examination of patient,a0461171-a0bd-4480-8148-431b65fb8fbb,Otan Ile Maternity Center
e8a15ef3-2eda-cf9d-56bc-88b6b1adba35,1719310803264,,3b3f3d6c-dd0b-1bff-bb11-c1d5f1eefc43,ambulatory,162673000,General examination of patient,a0461171-a0bd-4480-8148-431b65fb8fbb,Otan Ile Maternity Center
492311e7-4e18-ab0f-0bdf-04bdb725da5a,1750868403264,,3b3f3d6c-dd0b-1bff-bb11-c1d5f1eefc43,ambulatory,162673000,General examination of patient,a0461171-a0bd-4480-8148-431b65fb8fbb,Otan Ile Maternity Center
0128e92b-40fd-d021-048b-a7bc4ba5786d,1782426003264,,3b3f3d6c-dd0b-1bff-bb11-c1d5f1eefc43,ambulatory,162673000,General examination of patient,a0461171-a0bd-4480-8148-431b65fb8fbb,Otan Ile Maternity Center
012972a5-bc20-f3ec-184a-070b4658d16d,1126227288889,,2d557873-db53-77f4-7c42-c95f8773a901,ambulatory,162673000,General examination of patient (procedure),6ebc5ad9-d119-433c-9c83-84d44f613fe8,Jagilegbo Primary Health Center
62ac2d10-5580-03e3-13de-7a70b5bfc863,1126227288889,,2d557873-db53-77f4-7c42-c95f8773a901,ambulatory,185349003,Encounter for check up,6ebc5ad9-d119-433c-9c83-84d44f613fe8,Jagilegbo Primary Health Center
74a98b43-08a9-ec51-00b3-3f32c34388ed,1157784888889,,2d557873-db53-77f4-7c42-c95f8773a901,ambulatory,162673000,General examination of patient,6ebc5ad9-d119-433c-9c83-84d44f613fe8,Jagilegbo Primary Health Center
d873a644-40d0-2e68-e09b-a5c749f8e32c,1158162468506,,2d557873-db53-77f4-7c42-c95f8773a901,ambulatory,185349003,Encounter for check up,6ebc5ad9-d119-433c-9c83-84d44f613fe8,Jagilegbo Primary Health Center
e89aec3a-e682-1ac3-d2eb-b36e08c7c93a,1190077912615,,2d557873-db53-77f4-7c42-c95f8773a901,ambulatory,185349003,Encounter for check up,6ebc5ad9-d119-433c-9c83-84d44f613fe8,Jagilegbo Primary Health Center
8b993a09-a912-6587-9c92-e5fc3fc10bb9,1221911511461,,2d557873-db53-77f4-7c42-c95f8773a901,ambulatory,185349003,Encounter for check up,6ebc5ad9-d119-433c-9c83-84d44f613fe8,Jagilegbo Primary Health Center
97e320f2-ed68-7740-26a1-5a16fb125f38,1252457688889,,2d557873-db53-77f4-7c42-c95f8773a901,ambulatory,162673000,General examination of patient,6ebc5ad9-d119-433c-9c83-84d44f613fe8,Jagilegbo Primary Health Center
ad40de31-4c4f-7c2d-4fdf-c2619c1c3686,1252457688889,,2d557873-db53-77f4-7c42-c95f8773a901,ambulatory,185349003,Encounter for check up,6ebc5ad9-d119-433c-9c83-84d44f613fe8,Jagilegbo Primary Health Center
4de6bad5-1729-da35-f7cc-da4258192e50,1347130488889,,2d557873-db53-77f4-7c42-c95f8773a901,ambulatory,162673000,General examination of patient,6ebc5ad9-d119-433c-9c83-84d44f613fe8,Jagilegbo Primary Health Center
44d997f5-afd7-3af6-cec0-726f52510da4,1410245688889,,2d557873-db53-77f4-7c42-c95f8773a901,ambulatory,162673000,General examination of patient,6ebc5ad9-d119-433c-9c83-84d44f613fe8,Jagilegbo Primary Health Center
8187ae28-d9b4-0dcd-42a8-925a58e2e50c,1441803288889,,2d557873-db53-77f4-7c42-c95f8773a901,ambulatory,162673000,General examination of patient,6ebc5ad9-d119-433c-9c83-84d44f613fe8,Jagilegbo Primary Health Center
af6090f5-a981-3727-eb33-d0390b8e3464,1504918488889,,2d557873-db53-77f4-7c42-c95f8773a901,ambulatory,162673000,General examination of patient,6ebc5ad9-d119-433c-9c83-84d44f613fe8,Jagilegbo Primary Health Center
89a01e67-674e-d059-477b-19ad70e641c5,1599591288889,,2d557873-db53-77f4-7c42-c95f8773a901,ambulatory,162673000,General examination of patient,6ebc5ad9-d119-433c-9c83-84d44f613fe8,Jagilegbo Primary Health Center
a3438a10-2407-d835-9342-a2ec632852f7,1631148888889,,2d557873-db53-77f4-7c42-c95f8773a901,ambulatory,162673000,General examination of patient,6ebc5ad9-d119-433c-9c83-84d44f613fe8,Jagilegbo Primary Health Center
828e917e-8efa-d332-3394-cb0bf90c2c44,1662706488889,,2d557873-db53-77f4-7c42-c95f8773a901,ambulatory,162673000,General examination of patient,6ebc5ad9-d119-433c-9c83-84d44f613fe8,Jagilegbo Primary Health Center
300c276a-0924-5a47-bc0a-c4722470ddec,979090901690,,342319b4-66d3-836f-2ed8-709c0f613201,ambulatory,162673000,General examination of patient,696de6d9-0e71-428f-91ba-55696fd11b41,Rehabilitation of Oja Timi Primary Health Center
55bca75d-8269-3a54-6dd9-3c06c3dc254f,979090901690,,342319b4-66d3-836f-2ed8-709c0f613201,ambulatory,185349003,Encounter for check up,696de6d9-0e71-428f-91ba-55696fd11b41,Rehabilitation of Oja Timi Primary Health Center
f2142fbc-b1b4-1ca9-721f-f73bed49dabf,1010648501690,,342319b4-66d3-836f-2ed8-709c0f613201,ambulatory,162673000,General examination of patient,696de6d9-0e71-428f-91ba-55696fd11b41,Rehabilitation of Oja Timi Primary Health Center
ae6f7232-2c2c-93ec-3694-c9ee9a68c35f,1010968622750,,342319b4-66d3-836f-2ed8-709c0f613201,ambulatory,185349003,Encounter for check up,696de6d9-0e71-428f-91ba-55696fd11b41,Rehabilitation of Oja Timi Primary Health Center
6a4475ff-57e9-3765-a4ea-e27039f8176b,1042206101690,,342319b4-66d3-836f-2ed8-709c0f613201,ambulatory,162673000,General examination of patient,696de6d9-0e71-428f-91ba-55696fd11b41,Rehabilitation of Oja Timi Primary Health Center
e853d5df-a762-fe54-14cc-7a30aa301bf2,1042805566308,,342319b4-66d3-836f-2ed8-709c0f613201,ambulatory,185349003,Encounter for check up,696de6d9-0e71-428f-91ba-55696fd11b41,Rehabilitation of Oja Timi Primary Health Center
c547c0de-1535-8e0e-e5cb-98295bdf3e01,1074769292594,,342319b4-66d3-836f-2ed8-709c0f613201,ambulatory,185349003,Encounter for check up,696de6d9-0e71-428f-91ba-55696fd11b41,Rehabilitation of Oja Timi Primary Health Center
6258e10b-4b69-ba73-68dc-b59434f0558b,1136878901690,,342319b4-66d3-836f-2ed8-709c0f613201,ambulatory,185349003,Encounter for check up,696de6d9-0e71-428f-91ba-55696fd11b41,Rehabilitation of Oja Timi Primary Health Center
9f2788b9-f313-2274-cc25-a7593d89f272,1168436501690,,342319b4-66d3-836f-2ed8-709c0f613201,ambulatory,162673000,General examination of patient,696de6d9-0e71-428f-91ba-55696fd11b41,Rehabilitation of Oja Timi Primary Health Center
20ee342f-6b40-a760-2c3f-8c3868d93b98,1294666901690,,342319b4-66d3-836f-2ed8-709c0f613201,ambulatory,162673000,General examination of patient,696de6d9-0e71-428f-91ba-55696fd11b41,Rehabilitation of Oja Timi Primary Health Center
6716a518-89e5-fd0e-1802-f660828a546a,1357782101690,,342319b4-66d3-836f-2ed8-709c0f613201,ambulatory,162673000,General examination of patient,696de6d9-0e71-428f-91ba-55696fd11b41,Rehabilitation of Oja Timi Primary Health Center
1b35cc2a-1d37-2ec6-e0c4-3fde7cd527db,1358931723653,,342319b4-66d3-836f-2ed8-709c0f613201,emergency,50849002,Emergency room admission,696de6d9-0e71-428f-91ba-55696fd11b41,Rehabilitation of Oja Timi Primary Health Center
519aecc0-cc4c-7334-742a-9791f5459da9,1389339701690,,342319b4-66d3-836f-2ed8-709c0f613201,ambulatory,162673000,General examination of patient,696de6d9-0e71-428f-91ba-55696fd11b41,Rehabilitation of Oja Timi Primary Health Center
5a40e042-7b51-b40d-f17f-6f1a12b5c3af,1420897301690,,342319b4-66d3-836f-2ed8-709c0f613201,ambulatory,162673000,General examination of patient,696de6d9-0e71-428f-91ba-55696fd11b41,Rehabilitation of Oja Timi Primary Health Center
63d7d3fb-6f0d-0bf3-4b8c-98e862bd0880,1484012501690,,342319b4-66d3-836f-2ed8-709c0f613201,ambulatory,162673000,General examination of patient,696de6d9-0e71-428f-91ba-55696fd11b41,Rehabilitation of Oja Timi Primary Health Center
b2123c3b-c1d6-a251-6ee7-566b762fd06d,1547127701690,,342319b4-66d3-836f-2ed8-709c0f613201,ambulatory,162673000,General examination of patient,696de6d9-0e71-428f-91ba-55696fd11b41,Rehabilitation of Oja Timi Primary Health Center
b64ab01c-0b9d-23a6-bc2c-21842e10a843,1641800501690,,342319b4-66d3-836f-2ed8-709c0f613201,ambulatory,162673000,General examination of patient,696de6d9-0e71-428f-91ba-55696fd11b41,Rehabilitation of Oja Timi Primary Health Center
256a4f80-7301-86d9-0433-029cd36c544d,1704915701690,,342319b4-66d3-836f-2ed8-709c0f613201,ambulatory,162673000,General examination of patient,696de6d9-0e71-428f-91ba-55696fd11b41,Rehabilitation of Oja Timi Primary Health Center
6e4fb094-b4a0-a62b-b255-90d7b96d0314,1768030901690,,342319b4-66d3-836f-2ed8-709c0f613201,ambulatory,162673000,General examination of patient,696de6d9-0e71-428f-91ba-55696fd11b41,Rehabilitation of Oja Timi Primary Health Center
74c0e457-b857-3a5c-2418-ac09ec14daae,-174709842184,,7fe8989e-0832-e9c4-7aec-ad0aa7cc0584,ambulatory,162673000,General examination of patient (procedure),ed660251-be9a-4efb-8cfe-f3762a1083af,Oke Oko Health Post
f8c2e0a4-79e3-250f-8612-67ff8f3b18b9,-174709842184,,7fe8989e-0832-e9c4-7aec-ad0aa7cc0584,ambulatory,185349003,Encounter for check up,ed660251-be9a-4efb-8cfe-f3762a1083af,Oke Oko Health Post
ad47f8e4-ec98-482f-4306-6a76dbf41197,-143152242184,,7fe8989e-0832-e9c4-7aec-ad0aa7cc0584,ambulatory,162673000,General examination of patient,ed660251-be9a-4efb-8cfe-f3762a1083af,Oke Oko Health Post
b34acf25-52a8-c8be-1852-bab1a9756a64,-142822097839,,7fe8989e-0832-e9c4-7aec-ad0aa7cc0584,ambulatory,185349003,Encounter for check up,ed660251-be9a-4efb-8cfe-f3762a1083af,Oke Oko Health Post
a75bd210-9a65-4449-b443-a825a555747b,-111594642184,,7fe8989e-0832-e9c4-7aec-ad0aa7cc0584,ambulatory,162673000,General examination of patient,ed660251-be9a-4efb-8cfe-f3762a1083af,Oke Oko Health Post
4907a5cc-a2a5-013a-bb2e-e44d2913a164,-110887668898,,7fe8989e-0832-e9c4-7aec-ad0aa7cc0584,ambulatory,185349003,Encounter for check up,ed660251-be9a-4efb-8cfe-f3762a1083af,Oke Oko Health Post
b248563c-0446-e10d-16dc-a2ae00702aca,-78876914267,,7fe8989e-0832-e9c4-7aec-ad0aa7cc0584,ambulatory,185349003,Encounter for check up,ed660251-be9a-4efb-8cfe-f3762a1083af,Oke Oko Health Post
079bf3b0-1803-96c6-4225-ec6b634219bc,-48479442184,,7fe8989e-0832-e9c4-7aec-ad0aa7cc0584,ambulatory,185349003,Encounter for check up,ed660251-be9a-4efb-8cfe-f3762a1083af,Oke Oko Health Post
a16333a5-1d66-4473-65b4-dfc78737d511,-16921842184,,7fe8989e-0832-e9c4-7aec-ad0aa7cc0584,ambulatory,162673000,General examination of patient,ed660251-be9a-4efb-8cfe-f3762a1083af,Oke Oko Health Post
be4748bf-0ae7-4444-f8df-af02a1e3da8f,-15970772097,,7fe8989e-0832-e9c4-7aec-ad0aa7cc0584,ambulatory,185349003,Encounter for check up,ed660251-be9a-4efb-8cfe-f3762a1083af,Oke Oko Health Post
0cb3afa7-fac6-456c-904d-9e2950a24fa6,77750957816,,7fe8989e-0832-e9c4-7aec-ad0aa7cc0584,ambulatory,162673000,General examination of patient,ed660251-be9a-4efb-8cfe-f3762a1083af,Oke Oko Health Post
ee5c4bf1-d0f2-323d-0489-ea934a60ab44,109308557816,,7fe8989e-0832-e9c4-7aec-ad0aa7cc0584,ambulatory,162673000,General examination of patient,ed660251-be9a-4efb-8cfe-f3762a1083af,Oke Oko Health Post
b9abff3e-6c2b-ebc4-691a-4cc7d6afe7b5,172423757816,,7fe8989e-0832-e9c4-7aec-ad0aa7cc0584,ambulatory,162673000,General examination of patient,ed660251-be9a-4efb-8cfe-f3762a1083af,Oke Oko Health Post
7b389179-00b1-3578-eea0-2b5e2cbb9ee3,203981357816,,7fe8989e-0832-e9c4-7aec-ad0aa7cc0584,ambulatory,162673000,General examination of patient,ed660251-be9a-4efb-8cfe-f3762a1083af,Oke Oko Health Post
d1eb47ea-af3f-3851-dde2-2de9606851eb,298654157816,,7fe8989e-0832-e9c4-7aec-ad0aa7cc0584,ambulatory,162673000,General examination of patient,ed660251-be9a-4efb-8cfe-f3762a1083af,Oke Oko Health Post
d83dc2c1-55ee-85ed-dd7d-a3d93f0194ec,361769357816,,7fe8989e-0832-e9c4-7aec-ad0aa7cc0584,ambulatory,162673000,General examination of patient,ed660251-be9a-4efb-8cfe-f3762a1083af,Oke Oko Health Post
c81c6935-bafa-f3cc-08f5-d474461e40f6,393326957816,,7fe8989e-0832-e9c4-7aec-ad0aa7cc0584,ambulatory,162673000,General examination of patient,ed660251-be9a-4efb-8cfe-f3762a1083af,Oke Oko Health Post
33d6cd3e-1369-5a41-10a6-372ceb9329ea,519557357816,,7fe8989e-0832-e9c4-7aec-ad0aa7cc0584,ambulatory,162673000,General examination of patient,ed660251-be9a-4efb-8cfe-f3762a1083af,Oke Oko Health Post
c76aa7f1-a04a-f385-9edb-af18e6147c35,582672557816,,7fe8989e-0832-e9c4-7aec-ad0aa7cc0584,ambulatory,162673000,General examination of patient,ed660251-be9a-4efb-8cfe-f3762a1083af,Oke Oko Health Post
a972d1e8-a1f9-bf98-99a7-f804b85f885a,645787757816,,7fe8989e-0832-e9c4-7aec-ad0aa7cc0584,ambulatory,162673000,General examination of patient,ed660251-be9a-4efb-8cfe-f3762a1083af,Oke Oko Health Post
8d6ce3d6-9607-c262-6b8a-6a9ef9adccdf,677345357816,,7fe8989e-0832-e9c4-7aec-ad0aa7cc0584,ambulatory,162673000,General examination of patient,ed660251-be9a-4efb-8cfe-f3762a1083af,Oke Oko Health Post
012b2a53-84e3-f858-5353-62e8e7272f79,708902957816,,7fe8989e-0832-e9c4-7aec-ad0aa7cc0584,ambulatory,162673000,General examination of patient,ed660251-be9a-4efb-8cfe-f3762a1083af,Oke Oko Health Post
5ec8c37b-7cf4-326c-6cb4-0f1fe30c6a04,772018157816,,7fe8989e-0832-e9c4-7aec-ad0aa7cc0584,ambulatory,162673000,General examination of patient,ed660251-be9a-4efb-8cfe-f3762a1083af,Oke Oko Health Post
714cfce0-9dc0-4b73-86f9-b57eaf48b64f,803575757816,,7fe8989e-0832-e9c4-7aec-ad0aa7cc0584,ambulatory,162673000,General examination of patient,ed660251-be9a-4efb-8cfe-f3762a1083af,Oke Oko Health Post
9584a396-36ef-3929-329d-7782901dd91a,866690957816,,7fe8989e-0832-e9c4-7aec-ad0aa7cc0584,ambulatory,162673000,General examination of patient,ed660251-be9a-4efb-8cfe-f3762a1083af,Oke Oko Health Post
5e57f13c-be61-bfe0-146e-c8b91485da7e,992921357816,,7fe8989e-0832-e9c4-7aec-ad0aa7cc0584,ambulatory,162673000,General examination of patient,ed660251-be9a-4efb-8cfe-f3762a1083af,Oke Oko Health Post
b6a36c7c-f87f-9abb-ae43-dd776662a30b,1056036557816,,7fe8989e-0832-e9c4-7aec-ad0aa7cc0584,ambulatory,162673000,General examination of patient,ed660251-be9a-4efb-8cfe-f3762a1083af,Oke Oko Health Post
58758a22-fd7c-1014-68e8-4eab5623a58d,1276939757816,,7fe8989e-0832-e9c4-7aec-ad0aa7cc0584,ambulatory,162673000,General examination of patient,ed660251-be9a-4efb-8cfe-f3762a1083af,Oke Oko Health Post
670026a2-a761-53be-2837-83f45a716c8e,1308497357816,,7fe8989e-0832-e9c4-7aec-ad0aa7cc0584,ambulatory,162673000,General examination of patient,ed660251-be9a-4efb-8cfe-f3762a1083af,Oke Oko Health Post
fa1e40f5-cdee-6c41-04ff-aa3503b7eb65,1371612557816,,7fe8989e-0832-e9c4-7aec-ad0aa7cc0584,ambulatory,162673000,General examination of patient,ed660251-be9a-4efb-8cfe-f3762a1083af,Oke Oko Health Post
fbf63f83-61ad-adc2-c11f-7e5af735c283,1403170157816,,7fe8989e-0832-e9c4-7aec-ad0aa7cc0584,ambulatory,162673000,General examination of patient,ed660251-be9a-4efb-8cfe-f3762a1083af,Oke Oko Health Post
d4292354-e30c-db64-f305-fbdad1ea68fe,1434727757816,,7fe8989e-0832-e9c4-7aec-ad0aa7cc0584,ambulatory,162673000,General examination of patient,ed660251-be9a-4efb-8cfe-f3762a1083af,Oke Oko Health Post
61d41bc5-cdf7-df3e-574d-9fe9d56f68a9,1497842957816,,7fe8989e-0832-e9c4-7aec-ad0aa7cc0584,ambulatory,162673000,General examination of patient,ed660251-be9a-4efb-8cfe-f3762a1083af,Oke Oko Health Post
e617141d-c111-4545-acf7-eac3bf2c8c06,1529400557816,,7fe8989e-0832-e9c4-7aec-ad0aa7cc0584,ambulatory,162673000,General examination of patient,ed660251-be9a-4efb-8cfe-f3762a1083af,Oke Oko Health Post
d697843a-512f-11ce-3dd6-0346b71650fc,1592515757816,,7fe8989e-0832-e9c4-7aec-ad0aa7cc0584,ambulatory,162673000,General examination of patient,ed660251-be9a-4efb-8cfe-f3762a1083af,Oke Oko Health Post
66d1c232-d3ab-ceb4-09b8-2eec4714fd63,691225845434,,d4d3803b-9f9d-9509-9c09-4524b353d1e4,ambulatory,162673000,General examination of patient (procedure),68b29ffa-686d-41fb-8e24-778f476a38d1,Ike Oluwa
3b0326b5-1c25-5415-2d2a-2389673de5d7,691225845434,,d4d3803b-9f9d-9509-9c09-4524b353d1e4,ambulatory,185349003,Encounter for check up,68b29ffa-686d-41fb-8e24-778f476a38d1,Ike Oluwa
040ada03-504f-9552-badd-1ac99410006f,691225845434,,d4d3803b-9f9d-9509-9c09-4524b353d1e4,emergency,50849002,Emergency room admission,68b29ffa-686d-41fb-8e24-778f476a38d1,Ike Oluwa
f1e6edae-769d-cb56-3be2-777ecdc89d24,722783445434,,d4d3803b-9f9d-9509-9c09-4524b353d1e4,ambulatory,162673000,General examination of patient,68b29ffa-686d-41fb-8e24-778f476a38d1,Ike Oluwa
57c15cff-233f-298e-c2c5-dae6ca0f13ab,754341045434,,d4d3803b-9f9d-9509-9c09-4524b353d1e4,ambulatory,162673000,General examination of patient,68b29ffa-686d-41fb-8e24-778f476a38d1,Ike Oluwa
d42d94a0-6012-2e7b-285e-3519c1b39f1f,754642914276,,d4d3803b-9f9d-9509-9c09-4524b353d1e4,ambulatory,185349003,Encounter for check up,68b29ffa-686d-41fb-8e24-778f476a38d1,Ike Oluwa
8240adf0-408f-9f8c-9139-af633baf8436,786552338764,,d4d3803b-9f9d-9509-9c09-4524b353d1e4,ambulatory,185349003,Encounter for check up,68b29ffa-686d-41fb-8e24-778f476a38d1,Ike Oluwa
5dd706ed-40f0-87f2-60f5-ae0f10486681,849013845434,,d4d3803b-9f9d-9509-9c09-4524b353d1e4,ambulatory,162673000,General examination of patient,68b29ffa-686d-41fb-8e24-778f476a38d1,Ike Oluwa
85408ea7-0cb0-ff84-48fe-eeab3bc2ec05,1164589845434,,d4d3803b-9f9d-9509-9c09-4524b353d1e4,ambulatory,162673000,General examination of patient,68b29ffa-686d-41fb-8e24-778f476a38d1,Ike Oluwa
babff617-86a1-f877-2c67-106d03b47020,1196147445434,,d4d3803b-9f9d-9509-9c09-4524b353d1e4,ambulatory,162673000,General examination of patient,68b29ffa-686d-41fb-8e24-778f476a38d1,Ike Oluwa
f0610511-4ceb-a97d-a086-1befbb472cd3,1290820245434,,d4d3803b-9f9d-9509-9c09-4524b353d1e4,ambulatory,162673000,General examination of patient,68b29ffa-686d-41fb-8e24-778f476a38d1,Ike Oluwa
3cb9d508-04ab-7467-ea15-8e17f263c734,1322377845434,,d4d3803b-9f9d-9509-9c09-4524b353d1e4,ambulatory,162673000,General examination of patient,68b29ffa-686d-41fb-8e24-778f476a38d1,Ike Oluwa
2e4576c6-3bcc-4d42-6e97-27743f368da9,1353935445434,,d4d3803b-9f9d-9509-9c09-4524b353d1e4,ambulatory,162673000,General examination of patient,68b29ffa-686d-41fb-8e24-778f476a38d1,Ike Oluwa
661f9ad1-1306-806c-3c00-41feba60fe1d,1417050645434,,d4d3803b-9f9d-9509-9c09-4524b353d1e4,ambulatory,162673000,General examination of patient,68b29ffa-686d-41fb-8e24-778f476a38d1,Ike Oluwa
d17b1b71-7e13-a8d0-a893-46f3cf907af0,1480165845434,,d4d3803b-9f9d-9509-9c09-4524b353d1e4,ambulatory,162673000,General examination of patient,68b29ffa-686d-41fb-8e24-778f476a38d1,Ike Oluwa
1c841c99-f887-936c-d8be-524b5bc0c0a5,1511723445434,,d4d3803b-9f9d-9509-9c09-4524b353d1e4,ambulatory,162673000,General examination of patient,68b29ffa-686d-41fb-8e24-778f476a38d1,Ike Oluwa
221af058-b933-d215-e5fe-af80383a7fe6,1543281045434,,d4d3803b-9f9d-9509-9c09-4524b353d1e4,ambulatory,162673000,General examination of patient,68b29ffa-686d-41fb-8e24-778f476a38d1,Ike Oluwa
1191ed76-a02a-45e8-17c6-3ec41ce64368,1574838645434,,d4d3803b-9f9d-9509-9c09-4524b353d1e4,ambulatory,162673000,General examination of patient,68b29ffa-686d-41fb-8e24-778f476a38d1,Ike Oluwa
10c0ab6f-50c6-0e95-d1cb-37e6633e84db,1637953845434,,d4d3803b-9f9d-9509-9c09-4524b353d1e4,ambulatory,162673000,General examination of patient,68b29ffa-686d-41fb-8e24-778f476a38d1,Ike Oluwa
9ded7ff8-f6d5-53bd-aa4d-f725364f3757,1732626645434,,d4d3803b-9f9d-9509-9c09-4524b353d1e4,ambulatory,162673000,General examination of patient,68b29ffa-686d-41fb-8e24-778f476a38d1,Ike Oluwa
70a59c92-5811-8d68-a01f-7ac715d9441d,632202118025,,4a760e1b-f393-ef75-9373-014c0340280e,ambulatory,162673000,General examination of patient (procedure),0334aabd-8c0f-4a5b-916e-4ebb97d7bc01,Abata Egba Health Center
fee2f39a-89e7-8cd1-af5d-1baeca6bfbfb,632202118025,,4a760e1b-f393-ef75-9373-014c0340280e,ambulatory,185349003,Encounter for check up,0334aabd-8c0f-4a5b-916e-4ebb97d7bc01,Abata Egba Health Center
43df8596-ca65-8145-4ddb-7a087e8b909b,632202118025,,4a760e1b-f393-ef75-9373-014c0340280e,ambulatory,185349003,Encounter for check up,0334aabd-8c0f-4a5b-916e-4ebb97d7bc01,Abata Egba Health Center
c608bcc3-8cd1-031d-4e80-b231f10fcc59,663759718025,,4a760e1b-f393-ef75-9373-014c0340280e,ambulatory,162673000,General examination of patient,0334aabd-8c0f-4a5b-916e-4ebb97d7bc01,Abata Egba Health Center
7016f3ad-4d02-989d-3f95-7dff3cf6c636,664088941098,,4a760e1b-f393-ef75-9373-014c0340280e,ambulatory,185349003,Encounter for check up,0334aabd-8c0f-4a5b-916e-4ebb97d7bc01,Abata Egba Health Center
f0473107-843f-ab0c-8895-cd86d5dfbf79,664627913377,,4a760e1b-f393-ef75-9373-014c0340280e,ambulatory,185349003,Encounter for check up,0334aabd-8c0f-4a5b-916e-4ebb97d7bc01,Abata Egba Health Center
f12f2211-a154-e2ad-e8f4-98e671048e6f,695941448558,,4a760e1b-f393-ef75-9373-014c0340280e,ambulatory,185349003,Encounter for check up,0334aabd-8c0f-4a5b-916e-4ebb97d7bc01,Abata Egba Health Center
7a30f5b6-23fe-72c5-575b-b8c376fe1fa2,726874918025,,4a760e1b-f393-ef75-9373-014c0340280e,ambulatory,162673000,General examination of patient,0334aabd-8c0f-4a5b-916e-4ebb97d7bc01,Abata Egba Health Center
cafd7eee-d3e4-8349-0a32-954484f3bf50,727882746855,,4a760e1b-f393-ef75-9373-014c0340280e,ambulatory,185349003,Encounter for check up,0334aabd-8c0f-4a5b-916e-4ebb97d7bc01,Abata Egba Health Center
3f684f32-cd71-6ebd-b02a-272c5f105134,728477119069,,4a760e1b-f393-ef75-9373-014c0340280e,emergency,50849002,Emergency room admission,0334aabd-8c0f-4a5b-916e-4ebb97d7bc01,Abata Egba Health Center
7f1c56e3-abf7-64c1-691a-a723ca85be7d,758432518025,,4a760e1b-f393-ef75-9373-014c0340280e,ambulatory,162673000,General examination of patient,0334aabd-8c0f-4a5b-916e-4ebb97d7bc01,Abata Egba Health Center
ce6ef1b8-a201-9160-ee01-16436beed4cd,947778118025,,4a760e1b-f393-ef75-9373-014c0340280e,ambulatory,162673000,General examination of patient,0334aabd-8c0f-4a5b-916e-4ebb97d7bc01,Abata Egba Health Center
cbb21daa-8f96-7c45-4711-3f3967bce634,1010893318025,,4a760e1b-f393-ef75-9373-014c0340280e,ambulatory,162673000,General examination of patient,0334aabd-8c0f-4a5b-916e-4ebb97d7bc01,Abata Egba Health Center
dd49843c-0368-d502-1ebd-12d24dbfe583,1168681318025,,4a760e1b-f393-ef75-9373-014c0340280e,ambulatory,162673000,General examination of patient,0334aabd-8c0f-4a5b-916e-4ebb97d7bc01,Abata Egba Health Center
4518eb8b-d78e-3db9-bc6b-d3e6185666db,1294911718025,,4a760e1b-f393-ef75-9373-014c0340280e,ambulatory,162673000,General examination of patient,0334aabd-8c0f-4a5b-916e-4ebb97d7bc01,Abata Egba Health Center
9689208c-6f7d-76f0-9ab7-1163fc5ae1cc,1326469318025,,4a760e1b-f393-ef75-9373-014c0340280e,ambulatory,162673000,General examination of patient,0334aabd-8c0f-4a5b-916e-4ebb97d7bc01,Abata Egba Health Center
8be45dea-e97a-368e-686b-c3b44bd6d55a,1389584518025,,4a760e1b-f393-ef75-9373-014c0340280e,ambulatory,162673000,General examination of patient,0334aabd-8c0f-4a5b-916e-4ebb97d7bc01,Abata Egba Health Center
105ccffc-b603-04ee-07b4-1d90b1d41352,1452699718025,,4a760e1b-f393-ef75-9373-014c0340280e,ambulatory,162673000,General examination of patient,0334aabd-8c0f-4a5b-916e-4ebb97d7bc01,Abata Egba Health Center
eac0eef9-1161-e1a1-e3ea-78faa42d50be,1484257318025,,4a760e1b-f393-ef75-9373-014c0340280e,ambulatory,162673000,General examination of patient,0334aabd-8c0f-4a5b-916e-4ebb97d7bc01,Abata Egba Health Center
dde7537f-d5ed-9d38-14d2-e55aa7f5e429,1517123612148,,4a760e1b-f393-ef75-9373-014c0340280e,ambulatory,185349003,Encounter for check up (procedure),0334aabd-8c0f-4a5b-916e-4ebb97d7bc01,Abata Egba Health Center
b0ced56f-a0fa-f09b-e480-5d5230950d16,1578930118025,,4a760e1b-f393-ef75-9373-014c0340280e,ambulatory,162673000,General examination of patient,0334aabd-8c0f-4a5b-916e-4ebb97d7bc01,Abata Egba Health Center
c2bb6aef-75b8-54bc-9f59-095ec00c4621,1768275718025,,4a760e1b-f393-ef75-9373-014c0340280e,ambulatory,162673000,General examination of patient,0334aabd-8c0f-4a5b-916e-4ebb97d7bc01,Abata Egba Health Center
6996ee74-53b4-4e04-8170-4c311748dad4,-120909404974,,7b050cb3-efd7-95f8-c9a7-5809e4e8d4b5,ambulatory,162673000,General examination of patient,8b682753-e814-4c0e-8d86-3c86b232919e,Jaleyemi Primary Health Center
a540a1d7-9d46-c961-df6d-ebd2d3b02cf1,-89351804974,,7b050cb3-efd7-95f8-c9a7-5809e4e8d4b5,emergency,50849002,Emergency room admission,8b682753-e814-4c0e-8d86-3c86b232919e,Jaleyemi Primary Health Center
05053783-b883-75bd-3078-bb1e477c447a,-57461024419,,7b050cb3-efd7-95f8-c9a7-5809e4e8d4b5,ambulatory,185349003,Encounter for check up,8b682753-e814-4c0e-8d86-3c86b232919e,Jaleyemi Primary Health Center
efdd878f-ecc8-c72f-ae23-7d4465dd8a3e,-25434883457,,7b050cb3-efd7-95f8-c9a7-5809e4e8d4b5,ambulatory,185349003,Encounter for check up,8b682753-e814-4c0e-8d86-3c86b232919e,Jaleyemi Primary Health Center
c1d9152f-08cb-a52b-6027-0939032669ba,36878595026,,7b050cb3-efd7-95f8-c9a7-5809e4e8d4b5,ambulatory,162673000,General examination of patient,8b682753-e814-4c0e-8d86-3c86b232919e,Jaleyemi Primary Health Center
3fdb7e23-619c-526f-435a-4ea1963c8999,99993795026,,7b050cb3-efd7-95f8-c9a7-5809e4e8d4b5,ambulatory,162673000,General examination of patient,8b682753-e814-4c0e-8d86-3c86b232919e,Jaleyemi Primary Health Center
9788dbf0-3ab0-30c7-8808-04d7265e331f,194666595026,,7b050cb3-efd7-95f8-c9a7-5809e4e8d4b5,ambulatory,162673000,General examination of patient,8b682753-e814-4c0e-8d86-3c86b232919e,Jaleyemi Primary Health Center
6b6a416c-9224-f64a-24c7-3e3b73db6ef5,226224195026,,7b050cb3-efd7-95f8-c9a7-5809e4e8d4b5,ambulatory,162673000,General examination of patient,8b682753-e814-4c0e-8d86-3c86b232919e,Jaleyemi Primary Health Center
2499cbf6-3e12-cdef-bfe8-341c44c98cfb,257781795026,,7b050cb3-efd7-95f8-c9a7-5809e4e8d4b5,ambulatory,162673000,General examination of patient,8b682753-e814-4c0e-8d86-3c86b232919e,Jaleyemi Primary Health Center
fd480909-70d6-30c5-54e1-7a42e7bb52ee,352454595026,,7b050cb3-efd7-95f8-c9a7-5809e4e8d4b5,ambulatory,162673000,General examination of patient,8b682753-e814-4c0e-8d86-3c86b232919e,Jaleyemi Primary Health Center
59bd8780-cf11-8c2d-d4f8-472546886742,384012195026,,7b050cb3-efd7-95f8-c9a7-5809e4e8d4b5,ambulatory,162673000,General examination of patient,8b682753-e814-4c0e-8d86-3c86b232919e,Jaleyemi Primary Health Center
77841f23-99ed-ec63-3c78-887355ab96fa,478684995026,,7b050cb3-efd7-95f8-c9a7-5809e4e8d4b5,ambulatory,162673000,General examination of patient,8b682753-e814-4c0e-8d86-3c86b232919e,Jaleyemi Primary Health Center
40a28dc8-4055-8a85-a45f-8845e67e236e,510242595026,,7b050cb3-efd7-95f8-c9a7-5809e4e8d4b5,ambulatory,162673000,General examination of patient,8b682753-e814-4c0e-8d86-3c86b232919e,Jaleyemi Primary Health Center
d391b66b-e4f0-6845-5e52-a9063fdb9431,636472995026,,7b050cb3-efd7-95f8-c9a7-5809e4e8d4b5,ambulatory,162673000,General examination of patient,8b682753-e814-4c0e-8d86-3c86b232919e,Jaleyemi Primary Health Center
2f795fce-e893-993a-6cfe-514d186c2919,668030595026,,7b050cb3-efd7-95f8-c9a7-5809e4e8d4b5,ambulatory,162673000,General examination of patient,8b682753-e814-4c0e-8d86-3c86b232919e,Jaleyemi Primary Health Center
35de6d28-1eb2-a673-3086-a4357cda2cc0,699588195026,,7b050cb3-efd7-95f8-c9a7-5809e4e8d4b5,ambulatory,162673000,General examination of patient,8b682753-e814-4c0e-8d86-3c86b232919e,Jaleyemi Primary Health Center
ccd12db6-3a82-3e70-d253-5cac681584b3,794260995026,,7b050cb3-efd7-95f8-c9a7-5809e4e8d4b5,ambulatory,162673000,General examination of patient,8b682753-e814-4c0e-8d86-3c86b232919e,Jaleyemi Primary Health Center
e28a6c23-9d09-dd55-32df-85ae53e18cd8,888933795026,,7b050cb3-efd7-95f8-c9a7-5809e4e8d4b5,ambulatory,162673000,General examination of patient,8b682753-e814-4c0e-8d86-3c86b232919e,Jaleyemi Primary Health Center
a47a3f3f-b8fe-89a4-fd61-aa205caf2c60,920491395026,,7b050cb3-efd7-95f8-c9a7-5809e4e8d4b5,ambulatory,162673000,General examination of patient,8b682753-e814-4c0e-8d86-3c86b232919e,Jaleyemi Primary Health Center
41c4785d-a9e6-e099-a29a-11d788a3e2ab,1015164195026,,7b050cb3-efd7-95f8-c9a7-5809e4e8d4b5,ambulatory,162673000,General examination of patient,8b682753-e814-4c0e-8d86-3c86b232919e,Jaleyemi Primary Health Center
6880fdd0-c880-d050-6475-9ec3e6a6a86d,1141394595026,,7b050cb3-efd7-95f8-c9a7-5809e4e8d4b5,ambulatory,162673000,General examination of patient,8b682753-e814-4c0e-8d86-3c86b232919e,Jaleyemi Primary Health Center
1ef118fd-4262-1120-7549-39d59cbefee8,1172952195026,,7b050cb3-efd7-95f8-c9a7-5809e4e8d4b5,ambulatory,162673000,General examination of patient,8b682753-e814-4c0e-8d86-3c86b232919e,Jaleyemi Primary Health Center
2315b89b-91b3-1019-8cd5-60a3a9a0f761,1204509795026,,7b050cb3-efd7-95f8-c9a7-5809e4e8d4b5,ambulatory,162673000,General examination of patient,8b682753-e814-4c0e-8d86-3c86b232919e,Jaleyemi Primary Health Center
c8b60f07-f3fa-97c4-b35e-ff7968121e2c,1236067395026,,7b050cb3-efd7-95f8-c9a7-5809e4e8d4b5,ambulatory,162673000,General examination of patient,8b682753-e814-4c0e-8d86-3c86b232919e,Jaleyemi Primary Health Center
2d5531ae-7a84-6d17-1c9b-8e6b889dc1f4,1362297795026,,7b050cb3-efd7-95f8-c9a7-5809e4e8d4b5,ambulatory,162673000,General examination of patient,8b682753-e814-4c0e-8d86-3c86b232919e,Jaleyemi Primary Health Center
4939f8b5-260a-08be-e374-4e6f6d99cf6c,1488528195026,,7b050cb3-efd7-95f8-c9a7-5809e4e8d4b5,ambulatory,162673000,General examination of patient,8b682753-e814-4c0e-8d86-3c86b232919e,Jaleyemi Primary Health Center
cc91f1e5-7293-762d-c830-c82129c0e09d,1520085795026,,7b050cb3-efd7-95f8-c9a7-5809e4e8d4b5,ambulatory,162673000,General examination of patient,8b682753-e814-4c0e-8d86-3c86b232919e,Jaleyemi Primary Health Center
e269742d-84a5-09d8-8837-deeb58584d85,1583200995026,,7b050cb3-efd7-95f8-c9a7-5809e4e8d4b5,ambulatory,162673000,General examination of patient,8b682753-e814-4c0e-8d86-3c86b232919e,Jaleyemi Primary Health Center
d2eea7a9-591f-2d3c-4d28-ea01dc590c15,1614758595026,,7b050cb3-efd7-95f8-c9a7-5809e4e8d4b5,ambulatory,162673000,General examination of patient,8b682753-e814-4c0e-8d86-3c86b232919e,Jaleyemi Primary Health Center
c70beda1-08b7-1249-4e29-4c051731894a,1646316195026,,7b050cb3-efd7-95f8-c9a7-5809e4e8d4b5,ambulatory,162673000,General examination of patient,8b682753-e814-4c0e-8d86-3c86b232919e,Jaleyemi Primary Health Center
44c04942-54aa-1bea-4862-515c8ff44c82,1772546595026,,7b050cb3-efd7-95f8-c9a7-5809e4e8d4b5,ambulatory,162673000,General examination of patient,8b682753-e814-4c0e-8d86-3c86b232919e,Jaleyemi Primary Health Center
77485cc7-41e1-c082-cc72-2f91ea9f49c1,792650414559,,d5740c56-7c95-dbf7-0d80-d18f57b10b4f,ambulatory,162673000,General examination of patient (procedure),96fa3abd-21f9-47a0-b878-6e87dc6692c6,Living Hope Hospital
3a479a2e-1283-8010-ba48-e7f492e634cf,792650414559,,d5740c56-7c95-dbf7-0d80-d18f57b10b4f,ambulatory,185349003,Encounter for check up,96fa3abd-21f9-47a0-b878-6e87dc6692c6,Living Hope Hospital
b7f09236-255c-67fd-d563-8b8d0cbfb985,855765614559,,d5740c56-7c95-dbf7-0d80-d18f57b10b4f,ambulatory,162673000,General examination of patient,96fa3abd-21f9-47a0-b878-6e87dc6692c6,Living Hope Hospital
0ce75d13-0e95-e4cc-55f7-6ee9a85807e5,856098421659,,d5740c56-7c95-dbf7-0d80-d18f57b10b4f,ambulatory,185349003,Encounter for check up,96fa3abd-21f9-47a0-b878-6e87dc6692c6,Living Hope Hospital
3b96648d-fe82-641b-3d6a-286674e78b14,887323214559,,d5740c56-7c95-dbf7-0d80-d18f57b10b4f,ambulatory,185349003,Encounter for check up,96fa3abd-21f9-47a0-b878-6e87dc6692c6,Living Hope Hospital
b5657880-b306-7f87-5383-5772324b4eef,918880814559,,d5740c56-7c95-dbf7-0d80-d18f57b10b4f,ambulatory,162673000,General examination of patient,96fa3abd-21f9-47a0-b878-6e87dc6692c6,Living Hope Hospital
95584667-1e90-a142-87d5-a1774cae2492,950438414559,,d5740c56-7c95-dbf7-0d80-d18f57b10b4f,ambulatory,162673000,General examination of patient,96fa3abd-21f9-47a0-b878-6e87dc6692c6,Living Hope Hospital
afedce3c-e817-8f2f-e456-e3e01de578ad,951229617152,,d5740c56-7c95-dbf7-0d80-d18f57b10b4f,ambulatory,185349003,Encounter for check up,96fa3abd-21f9-47a0-b878-6e87dc6692c6,Living Hope Hospital
bd3d5420-82d3-b911-a3e1-588bac286f55,981996014559,,d5740c56-7c95-dbf7-0d80-d18f57b10b4f,ambulatory,162673000,General examination of patient,96fa3abd-21f9-47a0-b878-6e87dc6692c6,Living Hope Hospital
d03fe691-ee78-e4a6-0742-740a2f44e3f0,1045111214559,,d5740c56-7c95-dbf7-0d80-d18f57b10b4f,ambulatory,162673000,General examination of patient,96fa3abd-21f9-47a0-b878-6e87dc6692c6,Living Hope Hospital
ba8fd216-7dba-5e27-5b0b-f439a0153cff,1108226414559,,d5740c56-7c95-dbf7-0d80-d18f57b10b4f,ambulatory,162673000,General examination of patient,96fa3abd-21f9-47a0-b878-6e87dc6692c6,Living Hope Hospital
d989c0e0-338a-675a-5435-c46c55ac0c26,1234456814559,,d5740c56-7c95-dbf7-0d80-d18f57b10b4f,ambulatory,162673000,General examination of patient,96fa3abd-21f9-47a0-b878-6e87dc6692c6,Living Hope Hospital
36574e77-6d0c-2cb2-1d4c-82815a60cbb2,1266014414559,,d5740c56-7c95-dbf7-0d80-d18f57b10b4f,ambulatory,162673000,General examination of patient,96fa3abd-21f9-47a0-b878-6e87dc6692c6,Living Hope Hospital
b0c728ec-82e1-a853-7f1b-402801706c66,1297572014559,,d5740c56-7c95-dbf7-0d80-d18f57b10b4f,ambulatory,162673000,General examination of patient,96fa3abd-21f9-47a0-b878-6e87dc6692c6,Living Hope Hospital
734ee68b-97a9-a246-7c8b-c212506ebe57,1581590414559,,d5740c56-7c95-dbf7-0d80-d18f57b10b4f,ambulatory,162673000,General examination of patient,96fa3abd-21f9-47a0-b878-6e87dc6692c6,Living Hope Hospital
cc6237d9-62d8-de02-c0b9-fb4513f8a42a,1613148014559,,d5740c56-7c95-dbf7-0d80-d18f57b10b4f,ambulatory,162673000,General examination of patient,96fa3abd-21f9-47a0-b878-6e87dc6692c6,Living Hope Hospital
995ff857-d27c-ebe5-63b5-c2b89b4d7566,1644705614559,,d5740c56-7c95-dbf7-0d80-d18f57b10b4f,ambulatory,162673000,General examination of patient,96fa3abd-21f9-47a0-b878-6e87dc6692c6,Living Hope Hospital
6dffcd1f-2508-55af-57ee-5e92599a0625,1739378414559,,d5740c56-7c95-dbf7-0d80-d18f57b10b4f,ambulatory,162673000,General examination of patient,96fa3abd-21f9-47a0-b878-6e87dc6692c6,Living Hope Hospital
2805de23-b82d-34e0-53ae-ff7918bcfd43,1420104700717,,e9208cb8-2ceb-d4ee-866b-21e192d3e626,ambulatory,162673000,General examination of patient (procedure),c56ecbce-b034-400f-ad47-5b8489df09b8,Atakumosa East Lse Ijesa Primary Health Center
d43c9ae2-4177-f550-3a43-a5c4c81588b0,1420104700717,,e9208cb8-2ceb-d4ee-866b-21e192d3e626,ambulatory,185349003,Encounter for check up,c56ecbce-b034-400f-ad47-5b8489df09b8,Atakumosa East Lse Ijesa Primary Health Center
2abcc349-89e3-c0a0-3274-be049a0e170f,1420104700717,,e9208cb8-2ceb-d4ee-866b-21e192d3e626,ambulatory,185349003,Encounter for check up,c56ecbce-b034-400f-ad47-5b8489df09b8,Atakumosa East Lse Ijesa Primary Health Center
3f79e094-92b0-2483-b9d5-2e34f68967c4,1451662300717,,e9208cb8-2ceb-d4ee-866b-21e192d3e626,ambulatory,162673000,General examination of patient,c56ecbce-b034-400f-ad47-5b8489df09b8,Atakumosa East Lse Ijesa Primary Health Center
31677854-1003-35e4-bea9-3db6d718a3cc,1452077118556,,e9208cb8-2ceb-d4ee-866b-21e192d3e626,ambulatory,185349003,Encounter for check up,c56ecbce-b034-400f-ad47-5b8489df09b8,Atakumosa East Lse Ijesa Primary Health Center
532d2417-7b5c-69bc-3396-a190bce473a8,1483219900717,,e9208cb8-2ceb-d4ee-866b-21e192d3e626,ambulatory,162673000,General examination of patient,c56ecbce-b034-400f-ad47-5b8489df09b8,Atakumosa East Lse Ijesa Primary Health Center
0a567df1-c1ba-c0d3-f299-567fcf692ece,1484059767786,,e9208cb8-2ceb-d4ee-866b-21e192d3e626,ambulatory,185349003,Encounter for check up,c56ecbce-b034-400f-ad47-5b8489df09b8,Atakumosa East Lse Ijesa Primary Health Center
279fb1db-eaf3-2289-42ae-b0edfe0b402f,1516173400859,,e9208cb8-2ceb-d4ee-866b-21e192d3e626,ambulatory,185349003,Encounter for check up,c56ecbce-b034-400f-ad47-5b8489df09b8,Atakumosa East Lse Ijesa Primary Health Center
c170b5a8-288a-0d90-a68c-88c07ad3de2c,1546335100717,,e9208cb8-2ceb-d4ee-866b-21e192d3e626,ambulatory,162673000,General examination of patient,c56ecbce-b034-400f-ad47-5b8489df09b8,Atakumosa East Lse Ijesa Primary Health Center
c28345e8-c783-d163-09e6-d46a2b2af2ce,1704123100717,,e9208cb8-2ceb-d4ee-866b-21e192d3e626,ambulatory,162673000,General examination of patient,c56ecbce-b034-400f-ad47-5b8489df09b8,Atakumosa East Lse Ijesa Primary Health Center
b8fd65ae-8571-795c-2040-334961ba48b9,1735680700717,,e9208cb8-2ceb-d4ee-866b-21e192d3e626,ambulatory,162673000,General examination of patient,c56ecbce-b034-400f-ad47-5b8489df09b8,Atakumosa East Lse Ijesa Primary Health Center
30dbaa62-b867-1b61-1e6d-b022d65447ea,1767238300717,,e9208cb8-2ceb-d4ee-866b-21e192d3e626,ambulatory,162673000,General examination of patient,c56ecbce-b034-400f-ad47-5b8489df09b8,Atakumosa East Lse Ijesa Primary Health Center
ef7ef35a-73b7-06dc-b5a6-47ca75029ea3,-24598560548,,0f8d7b26-dcce-83a0-df66-fc77ff86ed6c,ambulatory,162673000,General examination of patient,b314d603-f743-4e97-850c-55ee77806864,Ajebandele Aj Primary Health Center
40861981-c5ab-852b-c216-ae7fee22589b,-24598560548,,0f8d7b26-dcce-83a0-df66-fc77ff86ed6c,emergency,50849002,Emergency room admission,b314d603-f743-4e97-850c-55ee77806864,Ajebandele Aj Primary Health Center
3befc0bd-a2e4-47ce-c386-276a0eeb984e,6959039452,,0f8d7b26-dcce-83a0-df66-fc77ff86ed6c,ambulatory,162673000,General examination of patient,b314d603-f743-4e97-850c-55ee77806864,Ajebandele Aj Primary Health Center
6adcc932-91ed-80e6-70a9-6ff2ecb0f56e,7271740875,,0f8d7b26-dcce-83a0-df66-fc77ff86ed6c,ambulatory,185349003,Encounter for check up,b314d603-f743-4e97-850c-55ee77806864,Ajebandele Aj Primary Health Center
9c8bba47-8d25-caed-40a8-c029cacdd679,6959039452,,0f8d7b26-dcce-83a0-df66-fc77ff86ed6c,ambulatory,185349003,Encounter for check up,b314d603-f743-4e97-850c-55ee77806864,Ajebandele Aj Primary Health Center
e8e977f6-f82d-8df4-96ae-b24688a90490,38516639452,,0f8d7b26-dcce-83a0-df66-fc77ff86ed6c,ambulatory,162673000,General examination of patient,b314d603-f743-4e97-850c-55ee77806864,Ajebandele Aj Primary Health Center
eb90c95c-e08f-9238-d748-c35f1e519dbd,39170671963,,0f8d7b26-dcce-83a0-df66-fc77ff86ed6c,ambulatory,185349003,Encounter for check up,b314d603-f743-4e97-850c-55ee77806864,Ajebandele Aj Primary Health Center
06b0d8f7-570a-37af-85e0-72158a36c2f6,71155440537,,0f8d7b26-dcce-83a0-df66-fc77ff86ed6c,emergency,50849002,Emergency room admission,b314d603-f743-4e97-850c-55ee77806864,Ajebandele Aj Primary Health Center
aa44b0bb-bf8b-5fbb-49a1-b786f529f51f,133189439452,,0f8d7b26-dcce-83a0-df66-fc77ff86ed6c,ambulatory,162673000,General examination of patient,b314d603-f743-4e97-850c-55ee77806864,Ajebandele Aj Primary Health Center
2c9ed2b6-58bd-ccb8-8b3d-dab649dd2cd0,227862239452,,0f8d7b26-dcce-83a0-df66-fc77ff86ed6c,ambulatory,162673000,General examination of patient,b314d603-f743-4e97-850c-55ee77806864,Ajebandele Aj Primary Health Center
54b473d4-793f-4cd9-5f61-658feacdc95d,259419839452,,0f8d7b26-dcce-83a0-df66-fc77ff86ed6c,ambulatory,162673000,General examination of patient,b314d603-f743-4e97-850c-55ee77806864,Ajebandele Aj Primary Health Center
7df0c476-b597-1eb7-a0a2-08e0aca61d5a,260382664996,,0f8d7b26-dcce-83a0-df66-fc77ff86ed6c,ambulatory,185349003,Encounter for check up,b314d603-f743-4e97-850c-55ee77806864,Ajebandele Aj Primary Health Center
4454a191-fc7b-063f-3d14-83730da2ad45,290977439452,,0f8d7b26-dcce-83a0-df66-fc77ff86ed6c,ambulatory,162673000,General examination of patient,b314d603-f743-4e97-850c-55ee77806864,Ajebandele Aj Primary Health Center
ef853c9f-7a50-3abc-dba8-bfd27840a917,322535039452,,0f8d7b26-dcce-83a0-df66-fc77ff86ed6c,ambulatory,162673000,General examination of patient,b314d603-f743-4e97-850c-55ee77806864,Ajebandele Aj Primary Health Center
8cb14dbb-07db-3f49-7e66-44c84f42e909,354092639452,,0f8d7b26-dcce-83a0-df66-fc77ff86ed6c,ambulatory,162673000,General examination of patient,b314d603-f743-4e97-850c-55ee77806864,Ajebandele Aj Primary Health Center
f6d3aef3-9d6d-6525-3942-18251ccfd92d,387300680262,,0f8d7b26-dcce-83a0-df66-fc77ff86ed6c,ambulatory,185349003,Encounter for check up,b314d603-f743-4e97-850c-55ee77806864,Ajebandele Aj Primary Health Center
9063cba1-a5c4-ca5e-851a-6daafc0f1972,448765439452,,0f8d7b26-dcce-83a0-df66-fc77ff86ed6c,ambulatory,162673000,General examination of patient,b314d603-f743-4e97-850c-55ee77806864,Ajebandele Aj Primary Health Center
7775fd3b-1641-7603-6e5e-410512c936d3,511880639452,,0f8d7b26-dcce-83a0-df66-fc77ff86ed6c,ambulatory,162673000,General examination of patient,b314d603-f743-4e97-850c-55ee77806864,Ajebandele Aj Primary Health Center
8af79acd-f7b6-3758-d504-a2d360a5dd2d,574995839452,,0f8d7b26-dcce-83a0-df66-fc77ff86ed6c,ambulatory,162673000,General examination of patient,b314d603-f743-4e97-850c-55ee77806864,Ajebandele Aj Primary Health Center
54de26cc-e5ff-e514-0a84-b523bd195080,638111039452,,0f8d7b26-dcce-83a0-df66-fc77ff86ed6c,ambulatory,162673000,General examination of patient,b314d603-f743-4e97-850c-55ee77806864,Ajebandele Aj Primary Health Center
3bb4ace0-e207-8882-af7a-5aec534eff2f,701226239452,,0f8d7b26-dcce-83a0-df66-fc77ff86ed6c,ambulatory,162673000,General examination of patient,b314d603-f743-4e97-850c-55ee77806864,Ajebandele Aj Primary Health Center
46125b6b-1fc3-3045-db73-9cb80ec41cf3,732783839452,,0f8d7b26-dcce-83a0-df66-fc77ff86ed6c,ambulatory,162673000,General examination of patient,b314d603-f743-4e97-850c-55ee77806864,Ajebandele Aj Primary Health Center
f1a205ae-1124-58b5-8250-053b55834fe7,764341439452,,0f8d7b26-dcce-83a0-df66-fc77ff86ed6c,ambulatory,162673000,General examination of patient,b314d603-f743-4e97-850c-55ee77806864,Ajebandele Aj Primary Health Center
0bfea2dc-6eb4-444d-b841-d63d4749b654,827456639452,,0f8d7b26-dcce-83a0-df66-fc77ff86ed6c,ambulatory,162673000,General examination of patient,b314d603-f743-4e97-850c-55ee77806864,Ajebandele Aj Primary Health Center
4d729366-7382-b4cf-3664-2466ef9c8c1c,859014239452,,0f8d7b26-dcce-83a0-df66-fc77ff86ed6c,ambulatory,162673000,General examination of patient,b314d603-f743-4e97-850c-55ee77806864,Ajebandele Aj Primary Health Center
83e1ce77-3d70-3b64-53d9-7185b9348faa,922129439452,,0f8d7b26-dcce-83a0-df66-fc77ff86ed6c,ambulatory,162673000,General examination of patient,b314d603-f743-4e97-850c-55ee77806864,Ajebandele Aj Primary Health Center
dce279e5-03f8-8322-ba92-e606b0f6e7ba,953687039452,,0f8d7b26-dcce-83a0-df66-fc77ff86ed6c,ambulatory,162673000,General examination of patient,b314d603-f743-4e97-850c-55ee77806864,Ajebandele Aj Primary Health Center
5a3b15b2-5bf3-233e-9290-d6b913791d28,1016802239452,,0f8d7b26-dcce-83a0-df66-fc77ff86ed6c,ambulatory,162673000,General examination of patient,b314d603-f743-4e97-850c-55ee77806864,Ajebandele Aj Primary Health Center
4987e388-d028-3b43-a0c9-ddd879acf9c9,1048359839452,,0f8d7b26-dcce-83a0-df66-fc77ff86ed6c,ambulatory,162673000,General examination of patient,b314d603-f743-4e97-850c-55ee77806864,Ajebandele Aj Primary Health Center
45d9dc5a-31c8-7a7d-d466-26ee1e616488,1111475039452,,0f8d7b26-dcce-83a0-df66-fc77ff86ed6c,ambulatory,162673000,General examination of patient,b314d603-f743-4e97-850c-55ee77806864,Ajebandele Aj Primary Health Center
655e1c27-6760-eb6e-ccba-f64290735828,1206147839452,,0f8d7b26-dcce-83a0-df66-fc77ff86ed6c,ambulatory,162673000,General examination of patient,b314d603-f743-4e97-850c-55ee77806864,Ajebandele Aj Primary Health Center
d1555ade-978b-9269-780c-ed809d8fdb78,1237705439452,,0f8d7b26-dcce-83a0-df66-fc77ff86ed6c,ambulatory,162673000,General examination of patient,b314d603-f743-4e97-850c-55ee77806864,Ajebandele Aj Primary Health Center
c1764a8d-e3d9-158b-b23f-60f6f1bcdf77,1332378239452,,0f8d7b26-dcce-83a0-df66-fc77ff86ed6c,ambulatory,162673000,General examination of patient,b314d603-f743-4e97-850c-55ee77806864,Ajebandele Aj Primary Health Center
6de2bf1e-72b9-c6ef-6948-68f2f2af1c3d,1458608639452,,0f8d7b26-dcce-83a0-df66-fc77ff86ed6c,ambulatory,162673000,General examination of patient,b314d603-f743-4e97-850c-55ee77806864,Ajebandele Aj Primary Health Center
3117cb3f-e8e3-a57c-f66a-c514f20f7c2b,1616396639452,,0f8d7b26-dcce-83a0-df66-fc77ff86ed6c,ambulatory,162673000,General examination of patient,b314d603-f743-4e97-850c-55ee77806864,Ajebandele Aj Primary Health Center
65c4e80a-f3ab-f819-9217-5fec77adc24e,1711069439452,,0f8d7b26-dcce-83a0-df66-fc77ff86ed6c,ambulatory,162673000,General examination of patient,b314d603-f743-4e97-850c-55ee77806864,Ajebandele Aj Primary Health Center
f110fcd7-53b6-24cc-ba36-475ed55beca5,1742627039452,,0f8d7b26-dcce-83a0-df66-fc77ff86ed6c,ambulatory,162673000,General examination of patient,b314d603-f743-4e97-850c-55ee77806864,Ajebandele Aj Primary Health Center
e04c9a1d-39dc-3008-aec5-888b43eb8ba4,789217168130,,40f0c923-fa28-2303-2f98-d32402ca48fb,ambulatory,162673000,General examination of patient (procedure),575f316e-7b53-4fb5-8a44-2df9d167d178,Al Barka Medical Center
d70b2c2a-149f-0369-dada-ebcd664c15ad,789217168130,,40f0c923-fa28-2303-2f98-d32402ca48fb,emergency,50849002,Emergency room admission,575f316e-7b53-4fb5-8a44-2df9d167d178,Al Barka Medical Center
679b22e0-959d-6a37-7fa7-9f5f067ce9b0,821138916233,,40f0c923-fa28-2303-2f98-d32402ca48fb,ambulatory,185349003,Encounter for check up,575f316e-7b53-4fb5-8a44-2df9d167d178,Al Barka Medical Center
873e2bb1-0213-3186-9d85-ebbf6ecba0cc,852332368130,,40f0c923-fa28-2303-2f98-d32402ca48fb,ambulatory,162673000,General examination of patient,575f316e-7b53-4fb5-8a44-2df9d167d178,Al Barka Medical Center
1303c2e2-b655-5050-e30c-670829679ca6,852332368130,,40f0c923-fa28-2303-2f98-d32402ca48fb,ambulatory,185349003,Encounter for check up,575f316e-7b53-4fb5-8a44-2df9d167d178,Al Barka Medical Center
61fc14db-70aa-6020-6a50-1a3fb22cfb80,852996243967,,40f0c923-fa28-2303-2f98-d32402ca48fb,ambulatory,185349003,Encounter for check up,575f316e-7b53-4fb5-8a44-2df9d167d178,Al Barka Medical Center
940cefbb-b49e-0203-0844-a2167b08fe14,883889968130,,40f0c923-fa28-2303-2f98-d32402ca48fb,ambulatory,162673000,General examination of patient,575f316e-7b53-4fb5-8a44-2df9d167d178,Al Barka Medical Center
fb69db76-507c-e77b-bc9f-67ae2c905a1f,884846682765,,40f0c923-fa28-2303-2f98-d32402ca48fb,ambulatory,185349003,Encounter for check up,575f316e-7b53-4fb5-8a44-2df9d167d178,Al Barka Medical Center
026a2920-7084-84eb-9e92-ff7413679a43,884843755512,,40f0c923-fa28-2303-2f98-d32402ca48fb,emergency,50849002,Emergency room admission,575f316e-7b53-4fb5-8a44-2df9d167d178,Al Barka Medical Center
c3b5d3e1-5ee5-ba7f-a005-d9fc0cf33f67,915447568130,,40f0c923-fa28-2303-2f98-d32402ca48fb,ambulatory,162673000,General examination of patient,575f316e-7b53-4fb5-8a44-2df9d167d178,Al Barka Medical Center
6ff7ea85-78be-4949-fc7d-a018c123d237,947005168130,,40f0c923-fa28-2303-2f98-d32402ca48fb,ambulatory,162673000,General examination of patient,575f316e-7b53-4fb5-8a44-2df9d167d178,Al Barka Medical Center
9b7a8a54-367a-52a4-60fc-f455f8e8cd07,1010120368130,,40f0c923-fa28-2303-2f98-d32402ca48fb,ambulatory,162673000,General examination of patient,575f316e-7b53-4fb5-8a44-2df9d167d178,Al Barka Medical Center
78771523-9faf-bbc7-8830-e90c459c808c,1073235568130,,40f0c923-fa28-2303-2f98-d32402ca48fb,ambulatory,162673000,General examination of patient,575f316e-7b53-4fb5-8a44-2df9d167d178,Al Barka Medical Center
eaed79f3-3995-b3e4-aa78-d4a8c975b738,1104793168130,,40f0c923-fa28-2303-2f98-d32402ca48fb,ambulatory,162673000,General examination of patient,575f316e-7b53-4fb5-8a44-2df9d167d178,Al Barka Medical Center
77bab6ef-5b5a-16b2-9bd5-b9df8ed5d6da,1199465968130,,40f0c923-fa28-2303-2f98-d32402ca48fb,ambulatory,162673000,General examination of patient,575f316e-7b53-4fb5-8a44-2df9d167d178,Al Barka Medical Center
f2769092-5270-c61a-0cc4-589b3cf0a607,1294138768130,,40f0c923-fa28-2303-2f98-d32402ca48fb,ambulatory,162673000,General examination of patient,575f316e-7b53-4fb5-8a44-2df9d167d178,Al Barka Medical Center
49e42296-c89f-a073-a34d-aa20acbd668d,1357253968130,,40f0c923-fa28-2303-2f98-d32402ca48fb,ambulatory,162673000,General examination of patient,575f316e-7b53-4fb5-8a44-2df9d167d178,Al Barka Medical Center
b5f0ba70-9227-8967-0351-42a3ef77971f,1388811568130,,40f0c923-fa28-2303-2f98-d32402ca48fb,ambulatory,162673000,General examination of patient,575f316e-7b53-4fb5-8a44-2df9d167d178,Al Barka Medical Center
d3a7bb0f-3339-44ff-c787-cf84283183ad,1578157168130,,40f0c923-fa28-2303-2f98-d32402ca48fb,ambulatory,162673000,General examination of patient,575f316e-7b53-4fb5-8a44-2df9d167d178,Al Barka Medical Center
eb5d39c2-ed87-54ae-06a7-d54c8b33747f,1609714768130,,40f0c923-fa28-2303-2f98-d32402ca48fb,ambulatory,162673000,General examination of patient,575f316e-7b53-4fb5-8a44-2df9d167d178,Al Barka Medical Center
2987f36b-df04-3704-69b9-c3e1f33052dc,1641272368130,,40f0c923-fa28-2303-2f98-d32402ca48fb,ambulatory,162673000,General examination of patient,575f316e-7b53-4fb5-8a44-2df9d167d178,Al Barka Medical Center
7c2377c0-ab07-2f66-91c1-68160cf78d7d,1672829968130,,40f0c923-fa28-2303-2f98-d32402ca48fb,ambulatory,162673000,General examination of patient,575f316e-7b53-4fb5-8a44-2df9d167d178,Al Barka Medical Center
7b1e1ef9-1411-71b3-a434-c61e697e1259,1704387568130,,40f0c923-fa28-2303-2f98-d32402ca48fb,ambulatory,162673000,General examination of patient,575f316e-7b53-4fb5-8a44-2df9d167d178,Al Barka Medical Center
3c0a84b1-669f-77d8-0980-54300453a389,1735945168130,,40f0c923-fa28-2303-2f98-d32402ca48fb,ambulatory,162673000,General examination of patient,575f316e-7b53-4fb5-8a44-2df9d167d178,Al Barka Medical Center
57e9144e-e83b-1627-7ff5-e69efc36b4ea,1767502768130,,40f0c923-fa28-2303-2f98-d32402ca48fb,ambulatory,162673000,General examination of patient,575f316e-7b53-4fb5-8a44-2df9d167d178,Al Barka Medical Center
96aa0a57-5c77-59dd-d69f-f9e432c59a89,311845900061,,600c5729-fe28-f880-8a86-f8037b6256b0,ambulatory,162673000,General examination of patient,b750c155-a51c-46ce-ba23-82fbfb4817cd,Okoye Kola Hospital Isale Agunjin Ikirun
cc996962-8c2e-db0e-bbd8-62137ae6ac64,311845900061,,600c5729-fe28-f880-8a86-f8037b6256b0,ambulatory,185349003,Encounter for check up,b750c155-a51c-46ce-ba23-82fbfb4817cd,Okoye Kola Hospital Isale Agunjin Ikirun
1c3cf782-7c73-3cd4-2b87-6ae199c021c7,311845900061,,600c5729-fe28-f880-8a86-f8037b6256b0,ambulatory,185349003,Encounter for check up,b750c155-a51c-46ce-ba23-82fbfb4817cd,Okoye Kola Hospital Isale Agunjin Ikirun
66a3508b-fcd9-8d4e-59c9-6f0e371ccc0b,343403500061,,600c5729-fe28-f880-8a86-f8037b6256b0,ambulatory,162673000,General examination of patient,b750c155-a51c-46ce-ba23-82fbfb4817cd,Okoye Kola Hospital Isale Agunjin Ikirun
ed3e49b6-37fe-33bf-bcd6-1fd5aaff15b1,343779367194,,600c5729-fe28-f880-8a86-f8037b6256b0,ambulatory,185349003,Encounter for check up,b750c155-a51c-46ce-ba23-82fbfb4817cd,Okoye Kola Hospital Isale Agunjin Ikirun
f75dadb9-ace2-1837-5e2b-a391a5d8994d,375839329054,,600c5729-fe28-f880-8a86-f8037b6256b0,ambulatory,185349003,Encounter for check up,b750c155-a51c-46ce-ba23-82fbfb4817cd,Okoye Kola Hospital Isale Agunjin Ikirun
a8041ca6-8bd1-a930-30cf-ca43ce9305db,407634940510,,600c5729-fe28-f880-8a86-f8037b6256b0,ambulatory,185349003,Encounter for check up,b750c155-a51c-46ce-ba23-82fbfb4817cd,Okoye Kola Hospital Isale Agunjin Ikirun
3d10804b-b638-602d-0039-5810162bb953,438076300061,,600c5729-fe28-f880-8a86-f8037b6256b0,ambulatory,162673000,General examination of patient,b750c155-a51c-46ce-ba23-82fbfb4817cd,Okoye Kola Hospital Isale Agunjin Ikirun
27e12dee-d815-1b06-01aa-7e1fcedbd464,501191500061,,600c5729-fe28-f880-8a86-f8037b6256b0,ambulatory,162673000,General examination of patient,b750c155-a51c-46ce-ba23-82fbfb4817cd,Okoye Kola Hospital Isale Agunjin Ikirun
d1342aa7-6b7f-6f57-f700-d735e99b6d9d,532749100061,,600c5729-fe28-f880-8a86-f8037b6256b0,ambulatory,162673000,General examination of patient,b750c155-a51c-46ce-ba23-82fbfb4817cd,Okoye Kola Hospital Isale Agunjin Ikirun
9720d12e-eea6-4957-914b-86969967c75e,690537100061,,600c5729-fe28-f880-8a86-f8037b6256b0,ambulatory,162673000,General examination of patient,b750c155-a51c-46ce-ba23-82fbfb4817cd,Okoye Kola Hospital Isale Agunjin Ikirun
b5de327a-e09a-9cf6-394d-f432fe8869a3,722094700061,,600c5729-fe28-f880-8a86-f8037b6256b0,ambulatory,162673000,General examination of patient,b750c155-a51c-46ce-ba23-82fbfb4817cd,Okoye Kola Hospital Isale Agunjin Ikirun
23c0633b-b1d4-831a-01b7-4ea421a11f54,753652300061,,600c5729-fe28-f880-8a86-f8037b6256b0,ambulatory,162673000,General examination of patient,b750c155-a51c-46ce-ba23-82fbfb4817cd,Okoye Kola Hospital Isale Agunjin Ikirun
4a277018-9e65-8633-8cba-444fcac1673b,848325100061,,600c5729-fe28-f880-8a86-f8037b6256b0,ambulatory,162673000,General examination of patient,b750c155-a51c-46ce-ba23-82fbfb4817cd,Okoye Kola Hospital Isale Agunjin Ikirun
282b7f19-e8c4-9fcd-892b-a867f130b319,942997900061,,600c5729-fe28-f880-8a86-f8037b6256b0,ambulatory,162673000,General examination of patient,b750c155-a51c-46ce-ba23-82fbfb4817cd,Okoye Kola Hospital Isale Agunjin Ikirun
d5fa714f-476d-d649-b103-480b8f02b0e5,1006113100061,,600c5729-fe28-f880-8a86-f8037b6256b0,ambulatory,162673000,General examination of patient,b750c155-a51c-46ce-ba23-82fbfb4817cd,Okoye Kola Hospital Isale Agunjin Ikirun
77ceed1d-bed0-1ddd-72c4-371b62d29eaa,1037670700061,,600c5729-fe28-f880-8a86-f8037b6256b0,ambulatory,162673000,General examination of patient,b750c155-a51c-46ce-ba23-82fbfb4817cd,Okoye Kola Hospital Isale Agunjin Ikirun
17d1e4d5-ce96-e5f5-0956-c681eb2f70d4,1069228300061,,600c5729-fe28-f880-8a86-f8037b6256b0,ambulatory,162673000,General examination of patient,b750c155-a51c-46ce-ba23-82fbfb4817cd,Okoye Kola Hospital Isale Agunjin Ikirun
bd58730b-ca76-9c6a-b098-16682b4e175e,1227016300061,,600c5729-fe28-f880-8a86-f8037b6256b0,ambulatory,162673000,General examination of patient,b750c155-a51c-46ce-ba23-82fbfb4817cd,Okoye Kola Hospital Isale Agunjin Ikirun
253dc3a5-fcee-b2ee-0a70-b3647c2ffaf2,1258573900061,,600c5729-fe28-f880-8a86-f8037b6256b0,ambulatory,162673000,General examination of patient,b750c155-a51c-46ce-ba23-82fbfb4817cd,Okoye Kola Hospital Isale Agunjin Ikirun
3742cd0c-064e-c3ab-50b9-445ed1b1e8b0,1290131500061,,600c5729-fe28-f880-8a86-f8037b6256b0,ambulatory,162673000,General examination of patient,b750c155-a51c-46ce-ba23-82fbfb4817cd,Okoye Kola Hospital Isale Agunjin Ikirun
028ee7ff-3781-c244-8b9e-e49668d464ca,1321689100061,,600c5729-fe28-f880-8a86-f8037b6256b0,ambulatory,162673000,General examination of patient,b750c155-a51c-46ce-ba23-82fbfb4817cd,Okoye Kola Hospital Isale Agunjin Ikirun
3d3dbd4e-ab87-b65d-a4b6-962b0eda5b2a,1353246700061,,600c5729-fe28-f880-8a86-f8037b6256b0,ambulatory,162673000,General examination of patient,b750c155-a51c-46ce-ba23-82fbfb4817cd,Okoye Kola Hospital Isale Agunjin Ikirun
acd7172c-2aee-2631-be58-a245b974f139,1384804300061,,600c5729-fe28-f880-8a86-f8037b6256b0,ambulatory,162673000,General examination of patient,b750c155-a51c-46ce-ba23-82fbfb4817cd,Okoye Kola Hospital Isale Agunjin Ikirun
febee8d0-2a84-e6d9-8b02-7007b1bab092,1447919500061,,600c5729-fe28-f880-8a86-f8037b6256b0,ambulatory,162673000,General examination of patient,b750c155-a51c-46ce-ba23-82fbfb4817cd,Okoye Kola Hospital Isale Agunjin Ikirun
8f646a7c-8575-50b7-2149-b3cad24bb576,1605707500061,,600c5729-fe28-f880-8a86-f8037b6256b0,ambulatory,162673000,General examination of patient,b750c155-a51c-46ce-ba23-82fbfb4817cd,Okoye Kola Hospital Isale Agunjin Ikirun
2d6e4163-ad3c-0206-50ae-9f6858091867,1637265100061,,600c5729-fe28-f880-8a86-f8037b6256b0,ambulatory,162673000,General examination of patient,b750c155-a51c-46ce-ba23-82fbfb4817cd,Okoye Kola Hospital Isale Agunjin Ikirun
dc93bcc7-898a-85ea-d87b-943018f5ec05,1668822700061,,600c5729-fe28-f880-8a86-f8037b6256b0,ambulatory,162673000,General examination of patient,b750c155-a51c-46ce-ba23-82fbfb4817cd,Okoye Kola Hospital Isale Agunjin Ikirun
1874a738-13a8-de46-e87c-f2cf0644d821,1700380300061,,600c5729-fe28-f880-8a86-f8037b6256b0,ambulatory,162673000,General examination of patient,b750c155-a51c-46ce-ba23-82fbfb4817cd,Okoye Kola Hospital Isale Agunjin Ikirun
0b8074df-c40b-fba0-8873-4c1adf9c1ed7,-327531204858,,f805a359-5cd4-2842-dae2-860b5081201a,ambulatory,162673000,General examination of patient,d0723114-efc8-4e8d-bbf0-d0bcd04bb528,Goshen Specialist Hospital
3841c362-1aa2-0367-5f75-a9c3f722a3e2,-327531204858,,f805a359-5cd4-2842-dae2-860b5081201a,ambulatory,185349003,Encounter for check up,d0723114-efc8-4e8d-bbf0-d0bcd04bb528,Goshen Specialist Hospital
b0e57b6e-94b8-67b7-091a-acba8228288c,-327531204858,,f805a359-5cd4-2842-dae2-860b5081201a,ambulatory,185349003,Encounter for check up,d0723114-efc8-4e8d-bbf0-d0bcd04bb528,Goshen Specialist Hospital
c5bbfe9d-e04e-a88b-09af-aa89b9820193,-295432381636,,f805a359-5cd4-2842-dae2-860b5081201a,ambulatory,185349003,Encounter for check up,d0723114-efc8-4e8d-bbf0-d0bcd04bb528,Goshen Specialist Hospital
9eb47b25-934a-05fa-3ee1-651b3198d909,-264416004858,,f805a359-5cd4-2842-dae2-860b5081201a,ambulatory,162673000,General examination of patient,d0723114-efc8-4e8d-bbf0-d0bcd04bb528,Goshen Specialist Hospital
faa1717b-e737-1ab9-92c6-572c2f0a61e0,-263552950995,,f805a359-5cd4-2842-dae2-860b5081201a,ambulatory,185349003,Encounter for check up,d0723114-efc8-4e8d-bbf0-d0bcd04bb528,Goshen Specialist Hospital
ce719a3f-11e9-192a-1b7a-f56be7978cc3,-232858404858,,f805a359-5cd4-2842-dae2-860b5081201a,ambulatory,162673000,General examination of patient,d0723114-efc8-4e8d-bbf0-d0bcd04bb528,Goshen Specialist Hospital
9217fa0b-4aa5-6e30-19f6-ece1c71d2ca6,-231620311624,,f805a359-5cd4-2842-dae2-860b5081201a,ambulatory,185349003,Encounter for check up,d0723114-efc8-4e8d-bbf0-d0bcd04bb528,Goshen Specialist Hospital
8e993095-8a50-acdf-eb2f-9051f209afd0,-169743204858,,f805a359-5cd4-2842-dae2-860b5081201a,ambulatory,162673000,General examination of patient,d0723114-efc8-4e8d-bbf0-d0bcd04bb528,Goshen Specialist Hospital
094eb49b-8629-2d56-b014-a5298a61bfa7,-106628004858,,f805a359-5cd4-2842-dae2-860b5081201a,ambulatory,162673000,General examination of patient,d0723114-efc8-4e8d-bbf0-d0bcd04bb528,Goshen Specialist Hospital
4e03b954-4fbd-f1df-1285-165a94ce2938,-75070404858,,f805a359-5cd4-2842-dae2-860b5081201a,ambulatory,162673000,General examination of patient,d0723114-efc8-4e8d-bbf0-d0bcd04bb528,Goshen Specialist Hospital
27e3ae06-84af-30ac-5994-60e20dcdd292,-43512804858,,f805a359-5cd4-2842-dae2-860b5081201a,ambulatory,162673000,General examination of patient,d0723114-efc8-4e8d-bbf0-d0bcd04bb528,Goshen Specialist Hospital
de4fc6c1-d962-bf1b-072a-542d75500b60,-11955204858,,f805a359-5cd4-2842-dae2-860b5081201a,ambulatory,162673000,General examination of patient,d0723114-efc8-4e8d-bbf0-d0bcd04bb528,Goshen Specialist Hospital
c3ec41b0-22fc-b392-6c3d-20ffc0ea274b,19602395142,,f805a359-5cd4-2842-dae2-860b5081201a,ambulatory,162673000,General examination of patient,d0723114-efc8-4e8d-bbf0-d0bcd04bb528,Goshen Specialist Hospital
ddd4e36e-4cb4-43f8-a1cf-eb20c53128fd,82717595142,,f805a359-5cd4-2842-dae2-860b5081201a,ambulatory,162673000,General examination of patient,d0723114-efc8-4e8d-bbf0-d0bcd04bb528,Goshen Specialist Hospital
0fe96a1b-c3ee-9c73-6907-89c39c79b27c,114275195142,,f805a359-5cd4-2842-dae2-860b5081201a,ambulatory,162673000,General examination of patient,d0723114-efc8-4e8d-bbf0-d0bcd04bb528,Goshen Specialist Hospital
f4efdb89-a8be-a578-8720-2f91d9693453,145832795142,,f805a359-5cd4-2842-dae2-860b5081201a,ambulatory,162673000,General examination of patient,d0723114-efc8-4e8d-bbf0-d0bcd04bb528,Goshen Specialist Hospital
cb9ba8b6-912c-ae94-1537-31116aac87bf,177390395142,,f805a359-5cd4-2842-dae2-860b5081201a,ambulatory,162673000,General examination of patient,d0723114-efc8-4e8d-bbf0-d0bcd04bb528,Goshen Specialist Hospital
cc0f6b11-50c6-c805-75c2-b337b643f61a,208947995142,,f805a359-5cd4-2842-dae2-860b5081201a,ambulatory,162673000,General examination of patient,d0723114-efc8-4e8d-bbf0-d0bcd04bb528,Goshen Specialist Hospital
2fa27949-00e7-fdfa-d793-c92b64df87b7,240505595142,,f805a359-5cd4-2842-dae2-860b5081201a,ambulatory,162673000,General examination of patient,d0723114-efc8-4e8d-bbf0-d0bcd04bb528,Goshen Specialist Hospital
f8f4b959-07cf-3fca-3aad-41562ed31dee,272063195142,,f805a359-5cd4-2842-dae2-860b5081201a,ambulatory,162673000,General examination of patient,d0723114-efc8-4e8d-bbf0-d0bcd04bb528,Goshen Specialist Hospital
de38e467-57e4-fd05-bf5f-35b137c26a0b,303620795142,,f805a359-5cd4-2842-dae2-860b5081201a,ambulatory,162673000,General examination of patient,d0723114-efc8-4e8d-bbf0-d0bcd04bb528,Goshen Specialist Hospital
54833fae-6433-01cd-168a-697bbba00a32,366735995142,,f805a359-5cd4-2842-dae2-860b5081201a,ambulatory,162673000,General examination of patient,d0723114-efc8-4e8d-bbf0-d0bcd04bb528,Goshen Specialist Hospital
4aefe2d2-ce41-41c1-da8b-41c6b2fb36e9,429851195142,,f805a359-5cd4-2842-dae2-860b5081201a,ambulatory,162673000,General examination of patient,d0723114-efc8-4e8d-bbf0-d0bcd04bb528,Goshen Specialist Hospital
177445ba-3d9b-7823-db29-8e8e0c2b3238,461408795142,,f805a359-5cd4-2842-dae2-860b5081201a,ambulatory,162673000,General examination of patient,d0723114-efc8-4e8d-bbf0-d0bcd04bb528,Goshen Specialist Hospital
81991572-f938-a81a-c48a-c1d0150e50b0,556081595142,,f805a359-5cd4-2842-dae2-860b5081201a,ambulatory,162673000,General examination of patient,d0723114-efc8-4e8d-bbf0-d0bcd04bb528,Goshen Specialist Hospital
bd34a349-b7e6-b859-6cfd-1749ff19bf1d,587639195142,,f805a359-5cd4-2842-dae2-860b5081201a,ambulatory,162673000,General examination of patient,d0723114-efc8-4e8d-bbf0-d0bcd04bb528,Goshen Specialist Hospital
14762df1-9f6e-7b32-7ee7-fbdd4bef08c7,619196795142,,f805a359-5cd4-2842-dae2-860b5081201a,ambulatory,162673000,General examination of patient,d0723114-efc8-4e8d-bbf0-d0bcd04bb528,Goshen Specialist Hospital
b17208bf-0057-e015-224a-8f90d6486d90,713869595142,,f805a359-5cd4-2842-dae2-860b5081201a,ambulatory,162673000,General examination of patient,d0723114-efc8-4e8d-bbf0-d0bcd04bb528,Goshen Specialist Hospital
5f8f6f54-dac2-0375-7d5b-c724f0fbaf88,808542395142,,f805a359-5cd4-2842-dae2-860b5081201a,ambulatory,162673000,General examination of patient,d0723114-efc8-4e8d-bbf0-d0bcd04bb528,Goshen Specialist Hospital
3c2d0a26-2f81-9109-28c8-e80dab255819,1029445595142,,f805a359-5cd4-2842-dae2-860b5081201a,ambulatory,162673000,General examination of patient,d0723114-efc8-4e8d-bbf0-d0bcd04bb528,Goshen Specialist Hospital
5cc94032-a77b-d5e6-0979-625f1c38623e,1061003195142,,f805a359-5cd4-2842-dae2-860b5081201a,ambulatory,162673000,General examination of patient,d0723114-efc8-4e8d-bbf0-d0bcd04bb528,Goshen Specialist Hospital
ae81c0b6-8b67-d41a-aa7e-ea07ca1c8052,1092560795142,,f805a359-5cd4-2842-dae2-860b5081201a,ambulatory,162673000,General examination of patient,d0723114-efc8-4e8d-bbf0-d0bcd04bb528,Goshen Specialist Hospital
f130846c-74ac-a56d-4edb-9d15cce9c98e,1218791195142,,f805a359-5cd4-2842-dae2-860b5081201a,ambulatory,162673000,General examination of patient,d0723114-efc8-4e8d-bbf0-d0bcd04bb528,Goshen Specialist Hospital
e24fb70f-a039-9728-b92d-88347f99fb12,1345021595142,,f805a359-5cd4-2842-dae2-860b5081201a,ambulatory,162673000,General examination of patient,d0723114-efc8-4e8d-bbf0-d0bcd04bb528,Goshen Specialist Hospital
38f37af5-5c38-1a9f-3ef3-149ea07acc28,1408136795142,,f805a359-5cd4-2842-dae2-860b5081201a,ambulatory,162673000,General examination of patient,d0723114-efc8-4e8d-bbf0-d0bcd04bb528,Goshen Specialist Hospital
36435059-cdca-9558-61a9-e26ba232fcb3,1502809595142,,f805a359-5cd4-2842-dae2-860b5081201a,ambulatory,162673000,General examination of patient,d0723114-efc8-4e8d-bbf0-d0bcd04bb528,Goshen Specialist Hospital
e817914c-f128-26a2-df30-7d97bfac01e8,1597482395142,,f805a359-5cd4-2842-dae2-860b5081201a,ambulatory,162673000,General examination of patient,d0723114-efc8-4e8d-bbf0-d0bcd04bb528,Goshen Specialist Hospital
07057307-4939-7c38-0812-47341ae5fb80,1629039995142,,f805a359-5cd4-2842-dae2-860b5081201a,ambulatory,162673000,General examination of patient,d0723114-efc8-4e8d-bbf0-d0bcd04bb528,Goshen Specialist Hospital
3615eae8-c7f0-e8d5-f941-215659f84d66,1660597595142,,f805a359-5cd4-2842-dae2-860b5081201a,ambulatory,162673000,General examination of patient,d0723114-efc8-4e8d-bbf0-d0bcd04bb528,Goshen Specialist Hospital
fbf75a30-df4e-b525-8d84-27ec12cc0e17,1723712795142,,f805a359-5cd4-2842-dae2-860b5081201a,ambulatory,162673000,General examination of patient,d0723114-efc8-4e8d-bbf0-d0bcd04bb528,Goshen Specialist Hospital
cca7a472-18b4-2c0e-517f-257fc9e74588,1755270395142,,f805a359-5cd4-2842-dae2-860b5081201a,ambulatory,162673000,General examination of patient,d0723114-efc8-4e8d-bbf0-d0bcd04bb528,Goshen Specialist Hospital
a0e86788-3e85-714b-e5a0-a7b3421d9f15,1786827995142,,f805a359-5cd4-2842-dae2-860b5081201a,ambulatory,162673000,General examination of patient,d0723114-efc8-4e8d-bbf0-d0bcd04bb528,Goshen Specialist Hospital
44adaf2c-e00d-6911-b365-c90325897c57,1787065595142,,f805a359-5cd4-2842-dae2-860b5081201a,ambulatory,185349003,Encounter for check up,d0723114-efc8-4e8d-bbf0-d0bcd04bb528,Goshen Specialist Hospital
988515e2-51d6-881f-463f-c43ada45a51f,-1061268221369,,b67b3f69-efbe-1d79-3102-66235335173e,ambulatory,162673000,General examination of patient (procedure),df686d39-fe3a-4b86-ae16-314496ae0821,Tonkere Ayetoro Community Primary Health Center
2d45d3ac-bd29-25a9-bc88-f4e6ff68566b,-1030761217145,,b67b3f69-efbe-1d79-3102-66235335173e,emergency,50849002,Emergency room admission,df686d39-fe3a-4b86-ae16-314496ae0821,Tonkere Ayetoro Community Primary Health Center
233c9e06-707e-f3b4-59b0-122fa98762c2,-999203617145,,b67b3f69-efbe-1d79-3102-66235335173e,ambulatory,162673000,General examination of patient,df686d39-fe3a-4b86-ae16-314496ae0821,Tonkere Ayetoro Community Primary Health Center
12714653-02d6-d53c-f32a-4ac467edc121,-999203617145,,b67b3f69-efbe-1d79-3102-66235335173e,ambulatory,185349003,Encounter for check up,df686d39-fe3a-4b86-ae16-314496ae0821,Tonkere Ayetoro Community Primary Health Center
26396294-fd25-a45b-c8a3-6d8ccc7c2f16,-998635690494,,b67b3f69-efbe-1d79-3102-66235335173e,ambulatory,185349003,Encounter for check up,df686d39-fe3a-4b86-ae16-314496ae0821,Tonkere Ayetoro Community Primary Health Center
6e61e7b9-9529-3f3f-7a12-31d2148e8c2b,-997585115363,,b67b3f69-efbe-1d79-3102-66235335173e,ambulatory,185349003,Encounter for check up (procedure),df686d39-fe3a-4b86-ae16-314496ae0821,Tonkere Ayetoro Community Primary Health Center
5cc5eae2-35f7-7509-9e30-804bfde3159d,-966657049033,,b67b3f69-efbe-1d79-3102-66235335173e,ambulatory,185349003,Encounter for check up,df686d39-fe3a-4b86-ae16-314496ae0821,Tonkere Ayetoro Community Primary Health Center
7ddcbb78-f519-4d58-bdc9-d028e9e1aa75,-904530817145,,b67b3f69-efbe-1d79-3102-66235335173e,ambulatory,162673000,General examination of patient,df686d39-fe3a-4b86-ae16-314496ae0821,Tonkere Ayetoro Community Primary Health Center
14d019be-3d7a-88b0-57d3-b88b673fb0fa,-841415617145,,b67b3f69-efbe-1d79-3102-66235335173e,ambulatory,162673000,General examination of patient,df686d39-fe3a-4b86-ae16-314496ae0821,Tonkere Ayetoro Community Primary Health Center
d0614936-dcf3-7d47-ce05-3c39afdd63f9,-715185217145,,b67b3f69-efbe-1d79-3102-66235335173e,ambulatory,162673000,General examination of patient,df686d39-fe3a-4b86-ae16-314496ae0821,Tonkere Ayetoro Community Primary Health Center
b8588a7a-474d-1d47-982b-be030b5f023a,-683627617145,,b67b3f69-efbe-1d79-3102-66235335173e,ambulatory,162673000,General examination of patient,df686d39-fe3a-4b86-ae16-314496ae0821,Tonkere Ayetoro Community Primary Health Center
010744b8-fb6a-ea13-36e1-2a26ad97d96c,-652070017145,,b67b3f69-efbe-1d79-3102-66235335173e,ambulatory,162673000,General examination of patient,df686d39-fe3a-4b86-ae16-314496ae0821,Tonkere Ayetoro Community Primary Health Center
e1654293-139f-67ee-bcb2-5619552733db,-620512417145,,b67b3f69-efbe-1d79-3102-66235335173e,ambulatory,162673000,General examination of patient,df686d39-fe3a-4b86-ae16-314496ae0821,Tonkere Ayetoro Community Primary Health Center
dd14ba79-123a-0628-10d3-bab7346e1503,-494282017145,,b67b3f69-efbe-1d79-3102-66235335173e,ambulatory,162673000,General examination of patient,df686d39-fe3a-4b86-ae16-314496ae0821,Tonkere Ayetoro Community Primary Health Center
7b5186af-7103-41e3-0556-8e028bdbbd4d,-462724417145,,b67b3f69-efbe-1d79-3102-66235335173e,ambulatory,162673000,General examination of patient,df686d39-fe3a-4b86-ae16-314496ae0821,Tonkere Ayetoro Community Primary Health Center
c170908c-789a-c5d6-7901-80202b92546e,-399609217145,,b67b3f69-efbe-1d79-3102-66235335173e,ambulatory,162673000,General examination of patient,df686d39-fe3a-4b86-ae16-314496ae0821,Tonkere Ayetoro Community Primary Health Center
dec1f1bb-6951-7d9e-e954-855110b6192c,-368051617145,,b67b3f69-efbe-1d79-3102-66235335173e,ambulatory,162673000,General examination of patient,df686d39-fe3a-4b86-ae16-314496ae0821,Tonkere Ayetoro Community Primary Health Center
e0c7a1de-8680-25b5-e42d-3a11a2cb1678,-336494017145,,b67b3f69-efbe-1d79-3102-66235335173e,ambulatory,162673000,General examination of patient,df686d39-fe3a-4b86-ae16-314496ae0821,Tonkere Ayetoro Community Primary Health Center
306c7271-4d34-c76f-3824-e84a8961a180,-273378817145,,b67b3f69-efbe-1d79-3102-66235335173e,ambulatory,162673000,General examination of patient,df686d39-fe3a-4b86-ae16-314496ae0821,Tonkere Ayetoro Community Primary Health Center
b450d7b2-cfed-923e-d2d8-813426b38e01,-210263617145,,b67b3f69-efbe-1d79-3102-66235335173e,ambulatory,162673000,General examination of patient,df686d39-fe3a-4b86-ae16-314496ae0821,Tonkere Ayetoro Community Primary Health Center
b977fe3f-7313-12c7-c38d-2f3f708893a1,-115590817145,,b67b3f69-efbe-1d79-3102-66235335173e,ambulatory,162673000,General examination of patient,df686d39-fe3a-4b86-ae16-314496ae0821,Tonkere Ayetoro Community Primary Health Center
b3c9d3cb-d276-aadc-fe53-d5cd34470da8,-84033217145,,b67b3f69-efbe-1d79-3102-66235335173e,ambulatory,162673000,General examination of patient,df686d39-fe3a-4b86-ae16-314496ae0821,Tonkere Ayetoro Community Primary Health Center
904ffd50-40d0-4cee-c95f-70eb886bafdc,-52475617145,,b67b3f69-efbe-1d79-3102-66235335173e,ambulatory,162673000,General examination of patient,df686d39-fe3a-4b86-ae16-314496ae0821,Tonkere Ayetoro Community Primary Health Center
f2d560b4-d69d-9297-aeb3-77e4a46f5128,-20918017145,,b67b3f69-efbe-1d79-3102-66235335173e,ambulatory,162673000,General examination of patient,df686d39-fe3a-4b86-ae16-314496ae0821,Tonkere Ayetoro Community Primary Health Center
341351ca-cbac-93a2-4a89-84d99f64f951,42197182855,,b67b3f69-efbe-1d79-3102-66235335173e,ambulatory,162673000,General examination of patient,df686d39-fe3a-4b86-ae16-314496ae0821,Tonkere Ayetoro Community Primary Health Center
ad04952a-2135-2943-70d5-7254c8b321a7,168427582855,,b67b3f69-efbe-1d79-3102-66235335173e,ambulatory,162673000,General examination of patient,df686d39-fe3a-4b86-ae16-314496ae0821,Tonkere Ayetoro Community Primary Health Center
42556ba3-7272-2696-6503-0f3f879f6e5e,199985182855,,b67b3f69-efbe-1d79-3102-66235335173e,ambulatory,162673000,General examination of patient,df686d39-fe3a-4b86-ae16-314496ae0821,Tonkere Ayetoro Community Primary Health Center
a138c1be-87e5-c523-4ddd-fb848532ece4,231542782855,,b67b3f69-efbe-1d79-3102-66235335173e,ambulatory,162673000,General examination of patient,df686d39-fe3a-4b86-ae16-314496ae0821,Tonkere Ayetoro Community Primary Health Center
74c167e3-c62e-4fc6-9d68-5a36e356c408,326215582855,,b67b3f69-efbe-1d79-3102-66235335173e,ambulatory,162673000,General examination of patient,df686d39-fe3a-4b86-ae16-314496ae0821,Tonkere Ayetoro Community Primary Health Center
c8f5f45a-452c-6b95-846f-f2ac48c4ca94,357773182855,,b67b3f69-efbe-1d79-3102-66235335173e,ambulatory,162673000,General examination of patient,df686d39-fe3a-4b86-ae16-314496ae0821,Tonkere Ayetoro Community Primary Health Center
63252a3c-9304-39b9-0587-f1996087f562,389330782855,,b67b3f69-efbe-1d79-3102-66235335173e,ambulatory,162673000,General examination of patient,df686d39-fe3a-4b86-ae16-314496ae0821,Tonkere Ayetoro Community Primary Health Center
00b277f0-e01b-d09e-6769-c21d1184fffd,420888382855,,b67b3f69-efbe-1d79-3102-66235335173e,ambulatory,162673000,General examination of patient,df686d39-fe3a-4b86-ae16-314496ae0821,Tonkere Ayetoro Community Primary Health Center
a8790bd6-2217-fe85-7930-fd78528c0b15,515561182855,,b67b3f69-efbe-1d79-3102-66235335173e,ambulatory,162673000,General examination of patient,df686d39-fe3a-4b86-ae16-314496ae0821,Tonkere Ayetoro Community Primary Health Center
7c87c608-668f-b613-4c1c-8bac5b65200e,547118782855,,b67b3f69-efbe-1d79-3102-66235335173e,ambulatory,162673000,General examination of patient,df686d39-fe3a-4b86-ae16-314496ae0821,Tonkere Ayetoro Community Primary Health Center
05740e5b-a80b-6ec4-fd42-b0c2e3e55607,578676382855,,b67b3f69-efbe-1d79-3102-66235335173e,ambulatory,162673000,General examination of patient,df686d39-fe3a-4b86-ae16-314496ae0821,Tonkere Ayetoro Community Primary Health Center
6cf6de83-2861-0b7f-b80e-e951e138e7f9,610233982855,,b67b3f69-efbe-1d79-3102-66235335173e,ambulatory,162673000,General examination of patient,df686d39-fe3a-4b86-ae16-314496ae0821,Tonkere Ayetoro Community Primary Health Center
494b19f6-43dd-56b4-4aeb-da4b60f60af1,641791582855,,b67b3f69-efbe-1d79-3102-66235335173e,ambulatory,162673000,General examination of patient,df686d39-fe3a-4b86-ae16-314496ae0821,Tonkere Ayetoro Community Primary Health Center
532eca99-92c9-f507-7a7a-b08229793b21,704906782855,,b67b3f69-efbe-1d79-3102-66235335173e,ambulatory,162673000,General examination of patient,df686d39-fe3a-4b86-ae16-314496ae0821,Tonkere Ayetoro Community Primary Health Center
568a4142-e7da-2476-0008-c0fe10e144af,736464382855,,b67b3f69-efbe-1d79-3102-66235335173e,ambulatory,162673000,General examination of patient,df686d39-fe3a-4b86-ae16-314496ae0821,Tonkere Ayetoro Community Primary Health Center
af702be6-a66d-9bed-c153-53e3d87993cb,831137182855,,b67b3f69-efbe-1d79-3102-66235335173e,ambulatory,162673000,General examination of patient,df686d39-fe3a-4b86-ae16-314496ae0821,Tonkere Ayetoro Community Primary Health Center
fda12bc2-6037-d953-f61e-12b12545392c,894252382855,,b67b3f69-efbe-1d79-3102-66235335173e,ambulatory,162673000,General examination of patient,df686d39-fe3a-4b86-ae16-314496ae0821,Tonkere Ayetoro Community Primary Health Center
53b41a10-3add-f3c3-efc3-df73f72d3290,1020482782855,,b67b3f69-efbe-1d79-3102-66235335173e,ambulatory,162673000,General examination of patient,df686d39-fe3a-4b86-ae16-314496ae0821,Tonkere Ayetoro Community Primary Health Center
eaad71e5-e709-1001-0b15-11e12adec9a9,1052040382855,,b67b3f69-efbe-1d79-3102-66235335173e,ambulatory,162673000,General examination of patient,df686d39-fe3a-4b86-ae16-314496ae0821,Tonkere Ayetoro Community Primary Health Center
1b4d61a5-25d2-e8d7-ab07-d595b1f7b432,1083597982855,,b67b3f69-efbe-1d79-3102-66235335173e,ambulatory,162673000,General examination of patient,df686d39-fe3a-4b86-ae16-314496ae0821,Tonkere Ayetoro Community Primary Health Center
df57c65f-f378-d32b-fa7c-a2d364342e1b,1115155582855,,b67b3f69-efbe-1d79-3102-66235335173e,ambulatory,162673000,General examination of patient,df686d39-fe3a-4b86-ae16-314496ae0821,Tonkere Ayetoro Community Primary Health Center
b2062e98-555c-00d7-9620-1242dcce3140,1146713182855,,b67b3f69-efbe-1d79-3102-66235335173e,ambulatory,162673000,General examination of patient,df686d39-fe3a-4b86-ae16-314496ae0821,Tonkere Ayetoro Community Primary Health Center
ff4dda89-8894-ecc4-f734-9ecb92d5d76f,1178270782855,,b67b3f69-efbe-1d79-3102-66235335173e,ambulatory,162673000,General examination of patient,df686d39-fe3a-4b86-ae16-314496ae0821,Tonkere Ayetoro Community Primary Health Center
9c1fbafe-ca4f-84a4-de50-bf40665c0c2a,1209828382855,,b67b3f69-efbe-1d79-3102-66235335173e,ambulatory,162673000,General examination of patient,df686d39-fe3a-4b86-ae16-314496ae0821,Tonkere Ayetoro Community Primary Health Center
975153c9-aeca-174b-e045-8756ecb2e4ef,1336058782855,,b67b3f69-efbe-1d79-3102-66235335173e,ambulatory,162673000,General examination of patient,df686d39-fe3a-4b86-ae16-314496ae0821,Tonkere Ayetoro Community Primary Health Center
2b96fb20-19b7-57c1-5de9-62f3f4de54dd,1367616382855,,b67b3f69-efbe-1d79-3102-66235335173e,ambulatory,162673000,General examination of patient,df686d39-fe3a-4b86-ae16-314496ae0821,Tonkere Ayetoro Community Primary Health Center
3775abe1-e7af-a7f4-f044-a156ef07e537,1462289182855,,b67b3f69-efbe-1d79-3102-66235335173e,ambulatory,162673000,General examination of patient,df686d39-fe3a-4b86-ae16-314496ae0821,Tonkere Ayetoro Community Primary Health Center
2d91ab39-5c9d-90e0-de50-f1ae7caef43c,1556961982855,,b67b3f69-efbe-1d79-3102-66235335173e,ambulatory,162673000,General examination of patient,df686d39-fe3a-4b86-ae16-314496ae0821,Tonkere Ayetoro Community Primary Health Center
54046271-2d87-6a9f-fb97-e1ccbe52419c,1651634782855,,b67b3f69-efbe-1d79-3102-66235335173e,ambulatory,162673000,General examination of patient,df686d39-fe3a-4b86-ae16-314496ae0821,Tonkere Ayetoro Community Primary Health Center
2f4b81e1-039d-7650-52e7-f711ecff5117,1714749982855,,b67b3f69-efbe-1d79-3102-66235335173e,ambulatory,162673000,General examination of patient,df686d39-fe3a-4b86-ae16-314496ae0821,Tonkere Ayetoro Community Primary Health Center
01acec35-4d4c-d02e-7668-63f74f2e6d44,1778102782855,,b67b3f69-efbe-1d79-3102-66235335173e,ambulatory,185349003,Encounter for check up,df686d39-fe3a-4b86-ae16-314496ae0821,Tonkere Ayetoro Community Primary Health Center
a8b11b57-fb6b-914e-ffe5-27ea967cfe7b,-548259796366,,d5604824-13ab-4253-cbc7-91118985cbff,ambulatory,162673000,General examination of patient (procedure),d5c82189-ea88-4e47-a087-51f9abd111f9,His Mercy Maternity Home
a600a4f7-1928-9d12-b9a3-ab34ef40ff00,-548259796366,,d5604824-13ab-4253-cbc7-91118985cbff,ambulatory,185349003,Encounter for check up,d5c82189-ea88-4e47-a087-51f9abd111f9,His Mercy Maternity Home
4a9561fa-7a1c-739a-e9d3-d2360267e733,-516702196366,,d5604824-13ab-4253-cbc7-91118985cbff,ambulatory,162673000,General examination of patient,d5c82189-ea88-4e47-a087-51f9abd111f9,His Mercy Maternity Home
273b237e-013b-78e5-57e5-37787882dc09,-516421436599,,d5604824-13ab-4253-cbc7-91118985cbff,ambulatory,185349003,Encounter for check up,d5c82189-ea88-4e47-a087-51f9abd111f9,His Mercy Maternity Home
6f47a60c-6af5-d72d-696e-649fae1e9c30,-485144596366,,d5604824-13ab-4253-cbc7-91118985cbff,ambulatory,162673000,General examination of patient,d5c82189-ea88-4e47-a087-51f9abd111f9,His Mercy Maternity Home
417be585-6c3c-4de2-5b7f-0a497a43eab2,-484465526700,,d5604824-13ab-4253-cbc7-91118985cbff,ambulatory,185349003,Encounter for check up,d5c82189-ea88-4e47-a087-51f9abd111f9,His Mercy Maternity Home
d5c6ea4a-eb3c-5671-6139-22e54821b709,-453586996366,,d5604824-13ab-4253-cbc7-91118985cbff,ambulatory,162673000,General examination of patient,d5c82189-ea88-4e47-a087-51f9abd111f9,His Mercy Maternity Home
0ecb2d3f-8c17-51f4-b974-dc7319c8a89a,-452522905510,,d5604824-13ab-4253-cbc7-91118985cbff,ambulatory,185349003,Encounter for check up,d5c82189-ea88-4e47-a087-51f9abd111f9,His Mercy Maternity Home
8df1b516-76b9-de7b-7fdc-f00cd748843b,-390471796366,,d5604824-13ab-4253-cbc7-91118985cbff,ambulatory,162673000,General examination of patient,d5c82189-ea88-4e47-a087-51f9abd111f9,His Mercy Maternity Home
98090f3b-e2cd-b50e-61c3-53027117af6a,-295798996366,,d5604824-13ab-4253-cbc7-91118985cbff,ambulatory,162673000,General examination of patient,d5c82189-ea88-4e47-a087-51f9abd111f9,His Mercy Maternity Home
66ccbad1-9c41-829b-3f52-f59e17c33c19,-295798996366,,d5604824-13ab-4253-cbc7-91118985cbff,ambulatory,185349003,Encounter for check up,d5c82189-ea88-4e47-a087-51f9abd111f9,His Mercy Maternity Home
18711793-9dec-9197-6912-bc1d9b4989a9,19777003634,,d5604824-13ab-4253-cbc7-91118985cbff,ambulatory,162673000,General examination of patient,d5c82189-ea88-4e47-a087-51f9abd111f9,His Mercy Maternity Home
3450c7b6-377d-f1dc-352c-40f85c661f9a,51334603634,,d5604824-13ab-4253-cbc7-91118985cbff,ambulatory,162673000,General examination of patient,d5c82189-ea88-4e47-a087-51f9abd111f9,His Mercy Maternity Home
74f2f793-c8a8-52d0-6cba-87341ff0bdde,146007403634,,d5604824-13ab-4253-cbc7-91118985cbff,ambulatory,162673000,General examination of patient,d5c82189-ea88-4e47-a087-51f9abd111f9,His Mercy Maternity Home
80e3c073-e75d-7e58-3ea7-7e53ad8c6902,177565003634,,d5604824-13ab-4253-cbc7-91118985cbff,ambulatory,162673000,General examination of patient,d5c82189-ea88-4e47-a087-51f9abd111f9,His Mercy Maternity Home
b0a48bcc-4b9a-b778-d0a1-fe9fe7e90d6a,240680203634,,d5604824-13ab-4253-cbc7-91118985cbff,ambulatory,162673000,General examination of patient,d5c82189-ea88-4e47-a087-51f9abd111f9,His Mercy Maternity Home
9d7abc08-87d1-ed10-cb1d-8d9f854046ac,366910603634,,d5604824-13ab-4253-cbc7-91118985cbff,ambulatory,162673000,General examination of patient,d5c82189-ea88-4e47-a087-51f9abd111f9,His Mercy Maternity Home
a9f8588f-eddd-b54b-4b39-419183f74545,430025803634,,d5604824-13ab-4253-cbc7-91118985cbff,ambulatory,162673000,General examination of patient,d5c82189-ea88-4e47-a087-51f9abd111f9,His Mercy Maternity Home
386daf92-9386-d328-ff9e-9a8f4fec38f7,461583403634,,d5604824-13ab-4253-cbc7-91118985cbff,ambulatory,162673000,General examination of patient,d5c82189-ea88-4e47-a087-51f9abd111f9,His Mercy Maternity Home
ab589153-b35d-75c1-9ae4-f8118a453e65,587813803634,,d5604824-13ab-4253-cbc7-91118985cbff,ambulatory,162673000,General examination of patient,d5c82189-ea88-4e47-a087-51f9abd111f9,His Mercy Maternity Home
d2a881ff-2e32-a0f2-2b04-e15ce46d0b37,619371403634,,d5604824-13ab-4253-cbc7-91118985cbff,ambulatory,162673000,General examination of patient,d5c82189-ea88-4e47-a087-51f9abd111f9,His Mercy Maternity Home
71c7ba1e-0c61-ed9c-4713-6d0ef6838ffd,682486603634,,d5604824-13ab-4253-cbc7-91118985cbff,ambulatory,162673000,General examination of patient,d5c82189-ea88-4e47-a087-51f9abd111f9,His Mercy Maternity Home
cbb78cea-28a8-d61e-45c3-82e14fad60fb,745601803634,,d5604824-13ab-4253-cbc7-91118985cbff,ambulatory,162673000,General examination of patient,d5c82189-ea88-4e47-a087-51f9abd111f9,His Mercy Maternity Home
405ad0a2-eb8d-0180-7a40-7ca6686bcff6,871832203634,,d5604824-13ab-4253-cbc7-91118985cbff,ambulatory,162673000,General examination of patient,d5c82189-ea88-4e47-a087-51f9abd111f9,His Mercy Maternity Home
4b59cea2-14b6-c828-b38c-c2dc84ad86c4,966505003634,,d5604824-13ab-4253-cbc7-91118985cbff,ambulatory,162673000,General examination of patient,d5c82189-ea88-4e47-a087-51f9abd111f9,His Mercy Maternity Home
51c2d519-c9ae-c2bb-97d8-31376c9fea39,1029620203634,,d5604824-13ab-4253-cbc7-91118985cbff,ambulatory,162673000,General examination of patient,d5c82189-ea88-4e47-a087-51f9abd111f9,His Mercy Maternity Home
42f7bc02-920d-18f6-15c6-71416bf8f358,1061177803634,,d5604824-13ab-4253-cbc7-91118985cbff,ambulatory,162673000,General examination of patient,d5c82189-ea88-4e47-a087-51f9abd111f9,His Mercy Maternity Home
d26d1f98-980c-b775-0dc8-9de1ce16b7ba,1092735403634,,d5604824-13ab-4253-cbc7-91118985cbff,ambulatory,162673000,General examination of patient,d5c82189-ea88-4e47-a087-51f9abd111f9,His Mercy Maternity Home
9b0e5334-6fda-0675-74fc-c0c158ee6b08,1124293003634,,d5604824-13ab-4253-cbc7-91118985cbff,ambulatory,162673000,General examination of patient,d5c82189-ea88-4e47-a087-51f9abd111f9,His Mercy Maternity Home
5b22c435-4b55-3f99-25da-cc939bc73a74,1218965803634,,d5604824-13ab-4253-cbc7-91118985cbff,ambulatory,162673000,General examination of patient,d5c82189-ea88-4e47-a087-51f9abd111f9,His Mercy Maternity Home
205ff252-209c-9ec9-e4da-93d7c6105493,1250523403634,,d5604824-13ab-4253-cbc7-91118985cbff,ambulatory,162673000,General examination of patient,d5c82189-ea88-4e47-a087-51f9abd111f9,His Mercy Maternity Home
56962247-c6f3-ea56-923f-b1b57ece8f26,1282081003634,,d5604824-13ab-4253-cbc7-91118985cbff,ambulatory,162673000,General examination of patient,d5c82189-ea88-4e47-a087-51f9abd111f9,His Mercy Maternity Home
e6cb7acf-754a-4af3-c393-33dc7eb8dc4d,1376753803634,,d5604824-13ab-4253-cbc7-91118985cbff,ambulatory,162673000,General examination of patient,d5c82189-ea88-4e47-a087-51f9abd111f9,His Mercy Maternity Home
76ce4ac8-27a8-0f6c-ef51-a4b1b9f4cc9b,1408311403634,,d5604824-13ab-4253-cbc7-91118985cbff,ambulatory,162673000,General examination of patient,d5c82189-ea88-4e47-a087-51f9abd111f9,His Mercy Maternity Home
e4f46ed9-09b2-50cc-0c66-008a119e0daa,1502984203634,,d5604824-13ab-4253-cbc7-91118985cbff,ambulatory,162673000,General examination of patient,d5c82189-ea88-4e47-a087-51f9abd111f9,His Mercy Maternity Home
2b470ac5-2747-ca19-f7e7-39d7ce34b009,1566099403634,,d5604824-13ab-4253-cbc7-91118985cbff,ambulatory,162673000,General examination of patient,d5c82189-ea88-4e47-a087-51f9abd111f9,His Mercy Maternity Home
fcadc7d7-11a9-5fa5-6707-2e4d3b2acd9c,1597657003634,,d5604824-13ab-4253-cbc7-91118985cbff,ambulatory,162673000,General examination of patient,d5c82189-ea88-4e47-a087-51f9abd111f9,His Mercy Maternity Home
d54cd22a-1942-d21b-9a00-a31118cff5d3,1692329803634,,d5604824-13ab-4253-cbc7-91118985cbff,ambulatory,162673000,General examination of patient,d5c82189-ea88-4e47-a087-51f9abd111f9,His Mercy Maternity Home
0b82e489-b321-fcf1-33f2-3802a0c3535b,1723887403634,,d5604824-13ab-4253-cbc7-91118985cbff,ambulatory,162673000,General examination of patient,d5c82189-ea88-4e47-a087-51f9abd111f9,His Mercy Maternity Home
6cee7ee7-7f45-ff00-00cf-a10396224331,1787240203634,,d5604824-13ab-4253-cbc7-91118985cbff,ambulatory,185349003,Encounter for check up,d5c82189-ea88-4e47-a087-51f9abd111f9,His Mercy Maternity Home
1f1927da-5721-77d6-4cf4-bdd06c5b4879,107683272406,,d25ce529-fb81-59c9-fd37-9bea18d3e8be,ambulatory,162673000,General examination of patient,82223f4c-6bb8-4b1a-be7f-8dfeba318f86,Inisa Primary Health Center
d0e6ec42-aed6-e51b-727d-d875aed9d4f8,107683272406,,d25ce529-fb81-59c9-fd37-9bea18d3e8be,ambulatory,185349003,Encounter for check up,82223f4c-6bb8-4b1a-be7f-8dfeba318f86,Inisa Primary Health Center
9f2037bb-1644-22d8-be28-8906992406a0,139550532551,,d25ce529-fb81-59c9-fd37-9bea18d3e8be,ambulatory,185349003,Encounter for check up,82223f4c-6bb8-4b1a-be7f-8dfeba318f86,Inisa Primary Health Center
3407c2a0-54b7-a4d5-9ff7-cf992617907d,139240872406,,d25ce529-fb81-59c9-fd37-9bea18d3e8be,ambulatory,185349003,Encounter for check up,82223f4c-6bb8-4b1a-be7f-8dfeba318f86,Inisa Primary Health Center
8ccc032c-b937-ac27-45a4-c3b88b92cd46,170798472406,,d25ce529-fb81-59c9-fd37-9bea18d3e8be,ambulatory,162673000,General examination of patient,82223f4c-6bb8-4b1a-be7f-8dfeba318f86,Inisa Primary Health Center
c9168745-226a-6b69-d448-9ba1f77414d0,171561355650,,d25ce529-fb81-59c9-fd37-9bea18d3e8be,ambulatory,185349003,Encounter for check up,82223f4c-6bb8-4b1a-be7f-8dfeba318f86,Inisa Primary Health Center
aa0d69d0-a74e-507d-56e7-4f7b1d2171a5,202356072406,,d25ce529-fb81-59c9-fd37-9bea18d3e8be,ambulatory,162673000,General examination of patient,82223f4c-6bb8-4b1a-be7f-8dfeba318f86,Inisa Primary Health Center
d24faf60-e7a4-b417-9030-7d6f28bafc81,203526429541,,d25ce529-fb81-59c9-fd37-9bea18d3e8be,ambulatory,185349003,Encounter for check up,82223f4c-6bb8-4b1a-be7f-8dfeba318f86,Inisa Primary Health Center
ab22ceba-a8e1-d3ac-2409-9915f190bc3e,297028872406,,d25ce529-fb81-59c9-fd37-9bea18d3e8be,ambulatory,162673000,General examination of patient,82223f4c-6bb8-4b1a-be7f-8dfeba318f86,Inisa Primary Health Center
1c5e21e9-733c-a4d5-11db-09a50befe397,328586472406,,d25ce529-fb81-59c9-fd37-9bea18d3e8be,ambulatory,162673000,General examination of patient,82223f4c-6bb8-4b1a-be7f-8dfeba318f86,Inisa Primary Health Center
7c3bc78a-98c6-02e8-fe94-734fe43fe268,360144072406,,d25ce529-fb81-59c9-fd37-9bea18d3e8be,ambulatory,162673000,General examination of patient,82223f4c-6bb8-4b1a-be7f-8dfeba318f86,Inisa Primary Health Center
0b3c90a9-4944-1146-3dcb-0aa4965ada9c,423259272406,,d25ce529-fb81-59c9-fd37-9bea18d3e8be,ambulatory,162673000,General examination of patient,82223f4c-6bb8-4b1a-be7f-8dfeba318f86,Inisa Primary Health Center
fc40bc40-0d06-a33d-e0da-0cc684b98d41,424287537236,,d25ce529-fb81-59c9-fd37-9bea18d3e8be,ambulatory,185349003,Encounter for check up,82223f4c-6bb8-4b1a-be7f-8dfeba318f86,Inisa Primary Health Center
d0e9c53f-64a5-454a-e03c-00a280324b51,454816872406,,d25ce529-fb81-59c9-fd37-9bea18d3e8be,ambulatory,162673000,General examination of patient,82223f4c-6bb8-4b1a-be7f-8dfeba318f86,Inisa Primary Health Center
f5d0327c-8225-7c95-c3ad-82214ac17a29,488354221279,,d25ce529-fb81-59c9-fd37-9bea18d3e8be,ambulatory,185349003,Encounter for check up,82223f4c-6bb8-4b1a-be7f-8dfeba318f86,Inisa Primary Health Center
a8d6383f-4b25-fec7-56a6-8eacdc991e03,581047272406,,d25ce529-fb81-59c9-fd37-9bea18d3e8be,ambulatory,162673000,General examination of patient,82223f4c-6bb8-4b1a-be7f-8dfeba318f86,Inisa Primary Health Center
a470b190-86b0-79ec-f8c6-e6333b6725e1,612604872406,,d25ce529-fb81-59c9-fd37-9bea18d3e8be,ambulatory,162673000,General examination of patient,82223f4c-6bb8-4b1a-be7f-8dfeba318f86,Inisa Primary Health Center
a07f2a66-3227-7c46-7838-547ea14d06e5,738835272406,,d25ce529-fb81-59c9-fd37-9bea18d3e8be,ambulatory,162673000,General examination of patient,82223f4c-6bb8-4b1a-be7f-8dfeba318f86,Inisa Primary Health Center
03e8e766-575c-9f1f-0951-d9bb80c798fe,770392872406,,d25ce529-fb81-59c9-fd37-9bea18d3e8be,ambulatory,162673000,General examination of patient,82223f4c-6bb8-4b1a-be7f-8dfeba318f86,Inisa Primary Health Center
de7510cd-0c6b-8f07-3ed3-f44834cc189c,833508072406,,d25ce529-fb81-59c9-fd37-9bea18d3e8be,ambulatory,162673000,General examination of patient,82223f4c-6bb8-4b1a-be7f-8dfeba318f86,Inisa Primary Health Center
b04122d7-e1e6-86ad-2bda-2a929a83984d,991296072406,,d25ce529-fb81-59c9-fd37-9bea18d3e8be,ambulatory,162673000,General examination of patient,82223f4c-6bb8-4b1a-be7f-8dfeba318f86,Inisa Primary Health Center
fac22446-ecfc-2759-41e1-3d55a645911a,1054411272406,,d25ce529-fb81-59c9-fd37-9bea18d3e8be,ambulatory,162673000,General examination of patient,82223f4c-6bb8-4b1a-be7f-8dfeba318f86,Inisa Primary Health Center
8b588681-cd71-6937-0b7e-a60bb879cdb7,1085968872406,,d25ce529-fb81-59c9-fd37-9bea18d3e8be,ambulatory,162673000,General examination of patient,82223f4c-6bb8-4b1a-be7f-8dfeba318f86,Inisa Primary Health Center
3742faf0-6a5e-9033-9d49-a6b22ed077f5,1180641672406,,d25ce529-fb81-59c9-fd37-9bea18d3e8be,ambulatory,162673000,General examination of patient,82223f4c-6bb8-4b1a-be7f-8dfeba318f86,Inisa Primary Health Center
f9fb7324-e89a-ec07-218a-f8e8532e7b96,1275314472406,,d25ce529-fb81-59c9-fd37-9bea18d3e8be,ambulatory,162673000,General examination of patient,82223f4c-6bb8-4b1a-be7f-8dfeba318f86,Inisa Primary Health Center
f9ef672e-da7c-8a2d-d4b8-2bea61d59add,1306872072406,,d25ce529-fb81-59c9-fd37-9bea18d3e8be,ambulatory,162673000,General examination of patient,82223f4c-6bb8-4b1a-be7f-8dfeba318f86,Inisa Primary Health Center
eaaa8d6e-e33f-953a-443b-dfd5eae78d70,1338429672406,,d25ce529-fb81-59c9-fd37-9bea18d3e8be,ambulatory,162673000,General examination of patient,82223f4c-6bb8-4b1a-be7f-8dfeba318f86,Inisa Primary Health Center
1c3e007c-4554-fd87-e6b3-6efa1f710e98,1369987272406,,d25ce529-fb81-59c9-fd37-9bea18d3e8be,ambulatory,162673000,General examination of patient,82223f4c-6bb8-4b1a-be7f-8dfeba318f86,Inisa Primary Health Center
f37e3938-2fdc-d1a8-c964-b4ba1737309d,1464660072406,,d25ce529-fb81-59c9-fd37-9bea18d3e8be,ambulatory,162673000,General examination of patient,82223f4c-6bb8-4b1a-be7f-8dfeba318f86,Inisa Primary Health Center
70bf1c00-9c81-6aff-d0ee-f00d834c76dd,1559332872406,,d25ce529-fb81-59c9-fd37-9bea18d3e8be,ambulatory,162673000,General examination of patient,82223f4c-6bb8-4b1a-be7f-8dfeba318f86,Inisa Primary Health Center
c789a5b1-b33e-8f25-9489-0256055be4c6,1590890472406,,d25ce529-fb81-59c9-fd37-9bea18d3e8be,ambulatory,162673000,General examination of patient,82223f4c-6bb8-4b1a-be7f-8dfeba318f86,Inisa Primary Health Center
01b0c161-9151-a0f9-3d79-9651033dfd3c,1622448072406,,d25ce529-fb81-59c9-fd37-9bea18d3e8be,ambulatory,162673000,General examination of patient,82223f4c-6bb8-4b1a-be7f-8dfeba318f86,Inisa Primary Health Center
832566a7-1c5c-1f08-10e8-11c8adb28d97,1685563272406,,d25ce529-fb81-59c9-fd37-9bea18d3e8be,ambulatory,162673000,General examination of patient,82223f4c-6bb8-4b1a-be7f-8dfeba318f86,Inisa Primary Health Center
00feee3a-04c9-1278-a5c4-4a89fbdae9aa,1717120872406,,d25ce529-fb81-59c9-fd37-9bea18d3e8be,ambulatory,162673000,General examination of patient,82223f4c-6bb8-4b1a-be7f-8dfeba318f86,Inisa Primary Health Center
64ea7ca1-a113-6485-a954-9ba9b2d67ea2,1748678472406,,d25ce529-fb81-59c9-fd37-9bea18d3e8be,ambulatory,162673000,General examination of patient,82223f4c-6bb8-4b1a-be7f-8dfeba318f86,Inisa Primary Health Center
fb4ac432-6800-0d18-7c34-9ed6f40b197b,132142644779,,6afe0115-47f0-582a-1616-12f855fa62a5,ambulatory,162673000,General examination of patient,3aceb1c1-70bf-4b3a-a522-d3fd4eec922d,Akui Primary Health Center
8deacbad-7d02-4ca0-bf53-83dd09cfc370,132142644779,,6afe0115-47f0-582a-1616-12f855fa62a5,ambulatory,185349003,Encounter for check up,3aceb1c1-70bf-4b3a-a522-d3fd4eec922d,Akui Primary Health Center
0e1e678a-f097-0c57-0b18-23c62c55b160,163977766528,,6afe0115-47f0-582a-1616-12f855fa62a5,ambulatory,185349003,Encounter for check up,3aceb1c1-70bf-4b3a-a522-d3fd4eec922d,Akui Primary Health Center
0cb4ce00-55b7-4e3e-aa5a-aae6cf831ce4,195257844779,,6afe0115-47f0-582a-1616-12f855fa62a5,ambulatory,162673000,General examination of patient,3aceb1c1-70bf-4b3a-a522-d3fd4eec922d,Akui Primary Health Center
6ef0d924-8469-7b43-122e-8033c67d39ef,195852186914,,6afe0115-47f0-582a-1616-12f855fa62a5,ambulatory,185349003,Encounter for check up,3aceb1c1-70bf-4b3a-a522-d3fd4eec922d,Akui Primary Health Center
aa8fbaeb-b38c-90fe-951d-345dc434922a,289930644779,,6afe0115-47f0-582a-1616-12f855fa62a5,ambulatory,162673000,General examination of patient,3aceb1c1-70bf-4b3a-a522-d3fd4eec922d,Akui Primary Health Center
9474a637-b41f-accd-b934-0225fdc554d6,321488244779,,6afe0115-47f0-582a-1616-12f855fa62a5,ambulatory,162673000,General examination of patient,3aceb1c1-70bf-4b3a-a522-d3fd4eec922d,Akui Primary Health Center
97d99c1d-9fd9-5682-cd62-bcf8a1816e1d,353045844779,,6afe0115-47f0-582a-1616-12f855fa62a5,ambulatory,162673000,General examination of patient,3aceb1c1-70bf-4b3a-a522-d3fd4eec922d,Akui Primary Health Center
48a2330c-47d8-62cc-3710-bbf5da297731,479276244779,,6afe0115-47f0-582a-1616-12f855fa62a5,emergency,50849002,Emergency room admission,3aceb1c1-70bf-4b3a-a522-d3fd4eec922d,Akui Primary Health Center
e8161373-3be5-bd95-5989-00fe64f3a487,510833844779,,6afe0115-47f0-582a-1616-12f855fa62a5,ambulatory,162673000,General examination of patient,3aceb1c1-70bf-4b3a-a522-d3fd4eec922d,Akui Primary Health Center
5c568f4d-662c-cca5-765d-1afeadf3009a,542391444779,,6afe0115-47f0-582a-1616-12f855fa62a5,ambulatory,162673000,General examination of patient,3aceb1c1-70bf-4b3a-a522-d3fd4eec922d,Akui Primary Health Center
bd90175f-008a-d58c-699b-a7b2fd8e9d0c,573949044779,,6afe0115-47f0-582a-1616-12f855fa62a5,ambulatory,162673000,General examination of patient,3aceb1c1-70bf-4b3a-a522-d3fd4eec922d,Akui Primary Health Center
c3a37c3d-af10-61ca-976f-bf3fb53fab7a,605506644779,,6afe0115-47f0-582a-1616-12f855fa62a5,ambulatory,162673000,General examination of patient,3aceb1c1-70bf-4b3a-a522-d3fd4eec922d,Akui Primary Health Center
f3c40dcc-b451-b77c-be18-6c3f9b8614ec,668621844779,,6afe0115-47f0-582a-1616-12f855fa62a5,ambulatory,162673000,General examination of patient,3aceb1c1-70bf-4b3a-a522-d3fd4eec922d,Akui Primary Health Center
090ba36f-799f-bf53-567a-ab341b24b16c,731737044779,,6afe0115-47f0-582a-1616-12f855fa62a5,ambulatory,162673000,General examination of patient,3aceb1c1-70bf-4b3a-a522-d3fd4eec922d,Akui Primary Health Center
8ffa4517-72ba-e4de-fb4f-e9b455390acc,763294644779,,6afe0115-47f0-582a-1616-12f855fa62a5,ambulatory,162673000,General examination of patient,3aceb1c1-70bf-4b3a-a522-d3fd4eec922d,Akui Primary Health Center
1003f2e3-aaa3-471f-3940-450da9f3fd08,794852244779,,6afe0115-47f0-582a-1616-12f855fa62a5,ambulatory,162673000,General examination of patient,3aceb1c1-70bf-4b3a-a522-d3fd4eec922d,Akui Primary Health Center
a967ff81-a98f-735a-e8b8-dbb8ca831feb,826409844779,,6afe0115-47f0-582a-1616-12f855fa62a5,ambulatory,162673000,General examination of patient,3aceb1c1-70bf-4b3a-a522-d3fd4eec922d,Akui Primary Health Center
a67ca6a6-285c-dcb9-bc28-41717b139a17,857967444779,,6afe0115-47f0-582a-1616-12f855fa62a5,ambulatory,162673000,General examination of patient,3aceb1c1-70bf-4b3a-a522-d3fd4eec922d,Akui Primary Health Center
3f2b62c9-4c0d-668d-f688-bcf906083dc8,889525044779,,6afe0115-47f0-582a-1616-12f855fa62a5,ambulatory,162673000,General examination of patient,3aceb1c1-70bf-4b3a-a522-d3fd4eec922d,Akui Primary Health Center
4a01e0d4-3c88-7f79-1ac8-4a1e9787abb8,952640244779,,6afe0115-47f0-582a-1616-12f855fa62a5,ambulatory,162673000,General examination of patient,3aceb1c1-70bf-4b3a-a522-d3fd4eec922d,Akui Primary Health Center
e4b1fffa-129c-797e-891e-a01d82471ec6,984197844779,,6afe0115-47f0-582a-1616-12f855fa62a5,ambulatory,162673000,General examination of patient,3aceb1c1-70bf-4b3a-a522-d3fd4eec922d,Akui Primary Health Center
a9212127-6505-a275-25cc-d56d9a70c508,1078870644779,,6afe0115-47f0-582a-1616-12f855fa62a5,ambulatory,162673000,General examination of patient,3aceb1c1-70bf-4b3a-a522-d3fd4eec922d,Akui Primary Health Center
685c14f5-c6b2-5bcf-0f3b-2b5c8a1c3c43,1205101044779,,6afe0115-47f0-582a-1616-12f855fa62a5,ambulatory,162673000,General examination of patient,3aceb1c1-70bf-4b3a-a522-d3fd4eec922d,Akui Primary Health Center
caf0e121-0a0d-7ad8-67ad-602228dbf9a4,1268216244779,,6afe0115-47f0-582a-1616-12f855fa62a5,ambulatory,162673000,General examination of patient,3aceb1c1-70bf-4b3a-a522-d3fd4eec922d,Akui Primary Health Center
c7334798-5904-bbbf-8b50-c8133df157a4,1457561844779,,6afe0115-47f0-582a-1616-12f855fa62a5,ambulatory,162673000,General examination of patient,3aceb1c1-70bf-4b3a-a522-d3fd4eec922d,Akui Primary Health Center
ad8b8f4a-f1a1-663e-a74b-70e8555d10a2,1489119444779,,6afe0115-47f0-582a-1616-12f855fa62a5,ambulatory,162673000,General examination of patient,3aceb1c1-70bf-4b3a-a522-d3fd4eec922d,Akui Primary Health Center
6f4b3db5-b106-286d-22f2-62ba878b8ba0,1520677044779,,6afe0115-47f0-582a-1616-12f855fa62a5,ambulatory,162673000,General examination of patient,3aceb1c1-70bf-4b3a-a522-d3fd4eec922d,Akui Primary Health Center
13acbce3-8913-651f-8fd9-06c640d1772d,1552234644779,,6afe0115-47f0-582a-1616-12f855fa62a5,ambulatory,162673000,General examination of patient,3aceb1c1-70bf-4b3a-a522-d3fd4eec922d,Akui Primary Health Center
b031e763-e52d-de4d-ea64-1b9256844282,1583792244779,,6afe0115-47f0-582a-1616-12f855fa62a5,ambulatory,162673000,General examination of patient,3aceb1c1-70bf-4b3a-a522-d3fd4eec922d,Akui Primary Health Center
36124f28-2f4e-3f72-9790-5d8753adb181,1615349844779,,6afe0115-47f0-582a-1616-12f855fa62a5,ambulatory,162673000,General examination of patient,3aceb1c1-70bf-4b3a-a522-d3fd4eec922d,Akui Primary Health Center
f8f1a359-87c3-6665-a9cb-73ff5a11e4f5,1741580244779,,6afe0115-47f0-582a-1616-12f855fa62a5,ambulatory,162673000,General examination of patient,3aceb1c1-70bf-4b3a-a522-d3fd4eec922d,Akui Primary Health Center
cff0148b-a797-d0cf-e463-0f07c5740613,-1296276618849,,d5a49156-c3ee-1599-d10b-8035ea713c29,ambulatory,162673000,General examination of patient,7c93a500-1668-4567-bfe4-351c6d7da752,Ori Oke Olorun Tosin Health Center
6b6f4712-569c-34f4-debc-0d26061bd805,-1264719018849,,d5a49156-c3ee-1599-d10b-8035ea713c29,ambulatory,185349003,Encounter for check up,7c93a500-1668-4567-bfe4-351c6d7da752,Ori Oke Olorun Tosin Health Center
8b40d877-9fa7-b682-a3bb-94f41be7345c,-1232839179039,,d5a49156-c3ee-1599-d10b-8035ea713c29,ambulatory,185349003,Encounter for check up,7c93a500-1668-4567-bfe4-351c6d7da752,Ori Oke Olorun Tosin Health Center
cdf830ac-4053-d9be-60c2-12cd1efa7c28,-1201603818849,,d5a49156-c3ee-1599-d10b-8035ea713c29,ambulatory,162673000,General examination of patient,7c93a500-1668-4567-bfe4-351c6d7da752,Ori Oke Olorun Tosin Health Center
90c69daf-492a-8f29-d0a6-879e5597f5bd,-1201603818849,,d5a49156-c3ee-1599-d10b-8035ea713c29,ambulatory,185349003,Encounter for check up,7c93a500-1668-4567-bfe4-351c6d7da752,Ori Oke Olorun Tosin Health Center
773c5524-d7ca-8d46-c1e0-1f8ecccc5557,-1200961404487,,d5a49156-c3ee-1599-d10b-8035ea713c29,ambulatory,185349003,Encounter for check up,7c93a500-1668-4567-bfe4-351c6d7da752,Ori Oke Olorun Tosin Health Center
2f8241a9-c6eb-0341-fc29-02752e6be533,-1169091773292,,d5a49156-c3ee-1599-d10b-8035ea713c29,ambulatory,185349003,Encounter for check up,7c93a500-1668-4567-bfe4-351c6d7da752,Ori Oke Olorun Tosin Health Center
16054f00-e00d-f43a-aead-146e311670e5,-1106931018849,,d5a49156-c3ee-1599-d10b-8035ea713c29,ambulatory,162673000,General examination of patient,7c93a500-1668-4567-bfe4-351c6d7da752,Ori Oke Olorun Tosin Health Center
75fd7c4d-6c2e-5e0f-9408-963523e3732c,-1043815818849,,d5a49156-c3ee-1599-d10b-8035ea713c29,ambulatory,162673000,General examination of patient,7c93a500-1668-4567-bfe4-351c6d7da752,Ori Oke Olorun Tosin Health Center
7f1722ff-3753-7a99-90a2-ef69cd2b0fd3,-1012258218849,,d5a49156-c3ee-1599-d10b-8035ea713c29,ambulatory,162673000,General examination of patient,7c93a500-1668-4567-bfe4-351c6d7da752,Ori Oke Olorun Tosin Health Center
e1d24ee6-2c06-3eb1-a39c-5460f9040382,-980700618849,,d5a49156-c3ee-1599-d10b-8035ea713c29,ambulatory,162673000,General examination of patient,7c93a500-1668-4567-bfe4-351c6d7da752,Ori Oke Olorun Tosin Health Center
0a12f7c4-42f3-a379-f58e-ad288cf5ea56,-917585418849,,d5a49156-c3ee-1599-d10b-8035ea713c29,ambulatory,162673000,General examination of patient,7c93a500-1668-4567-bfe4-351c6d7da752,Ori Oke Olorun Tosin Health Center
c50f607d-8b87-890a-d92b-d2b5f620041d,-759797418849,,d5a49156-c3ee-1599-d10b-8035ea713c29,ambulatory,162673000,General examination of patient,7c93a500-1668-4567-bfe4-351c6d7da752,Ori Oke Olorun Tosin Health Center
7d38497d-b18e-4538-d9a5-156252cc30ce,-696682218849,,d5a49156-c3ee-1599-d10b-8035ea713c29,ambulatory,162673000,General examination of patient,7c93a500-1668-4567-bfe4-351c6d7da752,Ori Oke Olorun Tosin Health Center
b6cd4868-eec6-c7f7-8057-979ca444716f,-633567018849,,d5a49156-c3ee-1599-d10b-8035ea713c29,ambulatory,162673000,General examination of patient,7c93a500-1668-4567-bfe4-351c6d7da752,Ori Oke Olorun Tosin Health Center
3a1fca71-063c-c876-3616-80582faea54e,-602009418849,,d5a49156-c3ee-1599-d10b-8035ea713c29,ambulatory,162673000,General examination of patient,7c93a500-1668-4567-bfe4-351c6d7da752,Ori Oke Olorun Tosin Health Center
2fa43d64-afcf-6fd4-4946-4842a37a8442,-570451818849,,d5a49156-c3ee-1599-d10b-8035ea713c29,ambulatory,162673000,General examination of patient,7c93a500-1668-4567-bfe4-351c6d7da752,Ori Oke Olorun Tosin Health Center
ce7f9371-ae1f-f4d2-1245-990b6f015242,-507336618849,,d5a49156-c3ee-1599-d10b-8035ea713c29,ambulatory,162673000,General examination of patient,7c93a500-1668-4567-bfe4-351c6d7da752,Ori Oke Olorun Tosin Health Center
491cd53a-4dcd-4645-9a96-47a6e51317c8,-475779018849,,d5a49156-c3ee-1599-d10b-8035ea713c29,ambulatory,162673000,General examination of patient,7c93a500-1668-4567-bfe4-351c6d7da752,Ori Oke Olorun Tosin Health Center
c5286093-5085-05a3-a5aa-b0d488198bdf,-381106218849,,d5a49156-c3ee-1599-d10b-8035ea713c29,ambulatory,162673000,General examination of patient,7c93a500-1668-4567-bfe4-351c6d7da752,Ori Oke Olorun Tosin Health Center
34f07708-5929-48c9-8836-0f800b2b54b1,-33972618849,,d5a49156-c3ee-1599-d10b-8035ea713c29,ambulatory,162673000,General examination of patient,7c93a500-1668-4567-bfe4-351c6d7da752,Ori Oke Olorun Tosin Health Center
83e0b06c-ae0b-c486-0546-096974d789a5,60700181151,,d5a49156-c3ee-1599-d10b-8035ea713c29,ambulatory,162673000,General examination of patient,7c93a500-1668-4567-bfe4-351c6d7da752,Ori Oke Olorun Tosin Health Center
056f17a5-8d88-e6fd-f868-a8c3028fbb4a,123815381151,,d5a49156-c3ee-1599-d10b-8035ea713c29,ambulatory,162673000,General examination of patient,7c93a500-1668-4567-bfe4-351c6d7da752,Ori Oke Olorun Tosin Health Center
bbfd6e45-c6cc-973b-4f5c-ff508ca2c5de,186930581151,,d5a49156-c3ee-1599-d10b-8035ea713c29,ambulatory,162673000,General examination of patient,7c93a500-1668-4567-bfe4-351c6d7da752,Ori Oke Olorun Tosin Health Center
48c84eae-3a90-6132-6c8b-63545d646e93,250045781151,,d5a49156-c3ee-1599-d10b-8035ea713c29,ambulatory,162673000,General examination of patient,7c93a500-1668-4567-bfe4-351c6d7da752,Ori Oke Olorun Tosin Health Center
0cb78654-5ba1-e172-2539-cd9fc387011e,376276181151,,d5a49156-c3ee-1599-d10b-8035ea713c29,ambulatory,162673000,General examination of patient,7c93a500-1668-4567-bfe4-351c6d7da752,Ori Oke Olorun Tosin Health Center
d2f8e350-7428-684e-0135-0d479fbddc3f,502506581151,,d5a49156-c3ee-1599-d10b-8035ea713c29,ambulatory,162673000,General examination of patient,7c93a500-1668-4567-bfe4-351c6d7da752,Ori Oke Olorun Tosin Health Center
e829ec32-00c6-2f63-5825-63967f19e3cd,565621781151,,d5a49156-c3ee-1599-d10b-8035ea713c29,ambulatory,162673000,General examination of patient,7c93a500-1668-4567-bfe4-351c6d7da752,Ori Oke Olorun Tosin Health Center
9e4e488f-9d00-f813-9733-190bc1a91cb0,597179381151,,d5a49156-c3ee-1599-d10b-8035ea713c29,ambulatory,162673000,General examination of patient,7c93a500-1668-4567-bfe4-351c6d7da752,Ori Oke Olorun Tosin Health Center
30f5b668-afbc-250e-d906-3b9da0ad52aa,628736981151,,d5a49156-c3ee-1599-d10b-8035ea713c29,ambulatory,162673000,General examination of patient,7c93a500-1668-4567-bfe4-351c6d7da752,Ori Oke Olorun Tosin Health Center
5bafada2-dfa5-24fd-8abb-b7ba4101bed8,660294581151,,d5a49156-c3ee-1599-d10b-8035ea713c29,ambulatory,162673000,General examination of patient,7c93a500-1668-4567-bfe4-351c6d7da752,Ori Oke Olorun Tosin Health Center
3af01a02-0868-4361-fc91-96e7c95b9b4e,691852181151,,d5a49156-c3ee-1599-d10b-8035ea713c29,ambulatory,162673000,General examination of patient,7c93a500-1668-4567-bfe4-351c6d7da752,Ori Oke Olorun Tosin Health Center
ae448b58-a495-2f9f-d857-264084d14334,723409781151,,d5a49156-c3ee-1599-d10b-8035ea713c29,ambulatory,162673000,General examination of patient,7c93a500-1668-4567-bfe4-351c6d7da752,Ori Oke Olorun Tosin Health Center
edd17f69-cad6-e505-9097-53e29119bc69,754967381151,,d5a49156-c3ee-1599-d10b-8035ea713c29,ambulatory,162673000,General examination of patient,7c93a500-1668-4567-bfe4-351c6d7da752,Ori Oke Olorun Tosin Health Center
344bf0c7-d40d-1751-4078-8e60b336af7c,818082581151,,d5a49156-c3ee-1599-d10b-8035ea713c29,ambulatory,162673000,General examination of patient,7c93a500-1668-4567-bfe4-351c6d7da752,Ori Oke Olorun Tosin Health Center
324badd9-3721-66d2-82b8-2a51709515ae,881197781151,,d5a49156-c3ee-1599-d10b-8035ea713c29,ambulatory,162673000,General examination of patient,7c93a500-1668-4567-bfe4-351c6d7da752,Ori Oke Olorun Tosin Health Center
1d5e4c8c-0889-b045-a3d2-e1627ce3e1a7,881435381151,,d5a49156-c3ee-1599-d10b-8035ea713c29,ambulatory,185349003,Encounter for check up,7c93a500-1668-4567-bfe4-351c6d7da752,Ori Oke Olorun Tosin Health Center
52da2baa-3b0e-0837-14b2-186147ce4da4,912755381151,,d5a49156-c3ee-1599-d10b-8035ea713c29,ambulatory,162673000,General examination of patient,7c93a500-1668-4567-bfe4-351c6d7da752,Ori Oke Olorun Tosin Health Center
e7b31e91-01f2-be18-602e-79f714dfea03,944550581151,,d5a49156-c3ee-1599-d10b-8035ea713c29,ambulatory,185349003,Encounter for check up,7c93a500-1668-4567-bfe4-351c6d7da752,Ori Oke Olorun Tosin Health Center
bae5d045-3d8e-a515-b627-9b3d023fc172,1007428181151,,d5a49156-c3ee-1599-d10b-8035ea713c29,ambulatory,162673000,General examination of patient,7c93a500-1668-4567-bfe4-351c6d7da752,Ori Oke Olorun Tosin Health Center
b07acfea-8c63-def8-45d8-8e6f5a5529f4,1070543381151,,d5a49156-c3ee-1599-d10b-8035ea713c29,ambulatory,162673000,General examination of patient,7c93a500-1668-4567-bfe4-351c6d7da752,Ori Oke Olorun Tosin Health Center
a43edb08-2b52-1338-7c84-46e7ac8ba3e9,1102100981151,,d5a49156-c3ee-1599-d10b-8035ea713c29,ambulatory,162673000,General examination of patient,7c93a500-1668-4567-bfe4-351c6d7da752,Ori Oke Olorun Tosin Health Center
7a5baa3e-833c-97bd-8ba8-b0406cbf0fbe,1133658581151,,d5a49156-c3ee-1599-d10b-8035ea713c29,ambulatory,162673000,General examination of patient,7c93a500-1668-4567-bfe4-351c6d7da752,Ori Oke Olorun Tosin Health Center
616fd31c-5d4f-02bd-da17-b43c618dd6d3,1228331381151,,d5a49156-c3ee-1599-d10b-8035ea713c29,ambulatory,162673000,General examination of patient,7c93a500-1668-4567-bfe4-351c6d7da752,Ori Oke Olorun Tosin Health Center
f136f057-cf7f-34b9-b494-68198de6514a,1259888981151,,d5a49156-c3ee-1599-d10b-8035ea713c29,ambulatory,162673000,General examination of patient,7c93a500-1668-4567-bfe4-351c6d7da752,Ori Oke Olorun Tosin Health Center
ce71d069-0429-838a-e57e-6877bb91eaf0,1417676981151,,d5a49156-c3ee-1599-d10b-8035ea713c29,ambulatory,162673000,General examination of patient,7c93a500-1668-4567-bfe4-351c6d7da752,Ori Oke Olorun Tosin Health Center
0cc371d1-7400-16fe-21ab-f4bab1e84b03,1450260938153,,d5a49156-c3ee-1599-d10b-8035ea713c29,ambulatory,185349003,Encounter for check up,7c93a500-1668-4567-bfe4-351c6d7da752,Ori Oke Olorun Tosin Health Center
1ed779a5-97c4-e385-ece1-6df54e56c302,1543907381151,,d5a49156-c3ee-1599-d10b-8035ea713c29,ambulatory,162673000,General examination of patient,7c93a500-1668-4567-bfe4-351c6d7da752,Ori Oke Olorun Tosin Health Center
9c9acd6e-b064-08b0-c13e-e5dda46ce7f9,1609075109192,,d5a49156-c3ee-1599-d10b-8035ea713c29,ambulatory,185349003,Encounter for check up,7c93a500-1668-4567-bfe4-351c6d7da752,Ori Oke Olorun Tosin Health Center
0950f81b-8933-af40-50a8-9e80d863bd0c,1641249796093,,d5a49156-c3ee-1599-d10b-8035ea713c29,emergency,50849002,Emergency room admission,7c93a500-1668-4567-bfe4-351c6d7da752,Ori Oke Olorun Tosin Health Center
0b68b9c0-6cea-aafa-6e69-4e410f6602e1,1670137781151,,d5a49156-c3ee-1599-d10b-8035ea713c29,ambulatory,162673000,General examination of patient,7c93a500-1668-4567-bfe4-351c6d7da752,Ori Oke Olorun Tosin Health Center
0bbb5157-ea80-5bcd-9972-b9eb5c80edeb,1701695381151,,d5a49156-c3ee-1599-d10b-8035ea713c29,ambulatory,162673000,General examination of patient,7c93a500-1668-4567-bfe4-351c6d7da752,Ori Oke Olorun Tosin Health Center
02747542-37dc-49d7-1785-1c6193ff84dc,1705063315700,,d5a49156-c3ee-1599-d10b-8035ea713c29,ambulatory,185349003,Encounter for check up,7c93a500-1668-4567-bfe4-351c6d7da752,Ori Oke Olorun Tosin Health Center
b46f3005-d29e-e640-9218-450477097b6b,1764810581151,,d5a49156-c3ee-1599-d10b-8035ea713c29,ambulatory,162673000,General examination of patient,7c93a500-1668-4567-bfe4-351c6d7da752,Ori Oke Olorun Tosin Health Center
0e98b5ad-a28a-67dd-9e01-d39b84a39337,1769016411514,,d5a49156-c3ee-1599-d10b-8035ea713c29,emergency,50849002,Emergency room admission,7c93a500-1668-4567-bfe4-351c6d7da752,Ori Oke Olorun Tosin Health Center
f3fd8127-8ed6-e140-64ed-ae0ae966a700,-214812405850,,8151ca6e-8b96-daaa-ecde-b9385be202dd,ambulatory,162673000,General examination of patient,bee9aea0-6890-4dc5-a755-47951379450c,Itasin Modakeke Primary Health Center
9c9c2495-2e33-0358-1640-4beb756846c8,-214812405850,,8151ca6e-8b96-daaa-ecde-b9385be202dd,ambulatory,185349003,Encounter for check up,bee9aea0-6890-4dc5-a755-47951379450c,Itasin Modakeke Primary Health Center
01ab5693-53f7-5372-9e0d-cd8dfbbe7e65,-182872342876,,8151ca6e-8b96-daaa-ecde-b9385be202dd,ambulatory,185349003,Encounter for check up,bee9aea0-6890-4dc5-a755-47951379450c,Itasin Modakeke Primary Health Center
18fd8ed6-724f-fcf6-c513-2751acfb3957,-183254805850,,8151ca6e-8b96-daaa-ecde-b9385be202dd,ambulatory,185349003,Encounter for check up,bee9aea0-6890-4dc5-a755-47951379450c,Itasin Modakeke Primary Health Center
4716f177-2637-e01d-07c8-8d6f07d22860,-151697205850,,8151ca6e-8b96-daaa-ecde-b9385be202dd,ambulatory,162673000,General examination of patient,bee9aea0-6890-4dc5-a755-47951379450c,Itasin Modakeke Primary Health Center
354760a3-bb0c-dff3-500b-858188fc8c46,-150915731007,,8151ca6e-8b96-daaa-ecde-b9385be202dd,ambulatory,185349003,Encounter for check up,bee9aea0-6890-4dc5-a755-47951379450c,Itasin Modakeke Primary Health Center
df989b63-a145-1897-e5fe-60080a53efa5,-119001035452,,8151ca6e-8b96-daaa-ecde-b9385be202dd,ambulatory,185349003,Encounter for check up,bee9aea0-6890-4dc5-a755-47951379450c,Itasin Modakeke Primary Health Center
08fa89e8-e360-3548-c85a-72d59cdc6681,6090794150,,8151ca6e-8b96-daaa-ecde-b9385be202dd,ambulatory,162673000,General examination of patient,bee9aea0-6890-4dc5-a755-47951379450c,Itasin Modakeke Primary Health Center
ec32e992-d376-1392-400b-810461f48046,69205994150,,8151ca6e-8b96-daaa-ecde-b9385be202dd,ambulatory,162673000,General examination of patient,bee9aea0-6890-4dc5-a755-47951379450c,Itasin Modakeke Primary Health Center
9a00f112-88da-6e9c-573a-c754208b50e6,100763594150,,8151ca6e-8b96-daaa-ecde-b9385be202dd,ambulatory,162673000,General examination of patient,bee9aea0-6890-4dc5-a755-47951379450c,Itasin Modakeke Primary Health Center
c206ae39-b919-46cf-e7bb-7b2cac9d33eb,163878794150,,8151ca6e-8b96-daaa-ecde-b9385be202dd,ambulatory,162673000,General examination of patient,bee9aea0-6890-4dc5-a755-47951379450c,Itasin Modakeke Primary Health Center
57072dd6-2104-61a9-e066-21504e0ee262,164883644874,,8151ca6e-8b96-daaa-ecde-b9385be202dd,ambulatory,185349003,Encounter for check up,bee9aea0-6890-4dc5-a755-47951379450c,Itasin Modakeke Primary Health Center
50223382-929f-42f1-6561-2cf957101fe4,226993994150,,8151ca6e-8b96-daaa-ecde-b9385be202dd,ambulatory,162673000,General examination of patient,bee9aea0-6890-4dc5-a755-47951379450c,Itasin Modakeke Primary Health Center
b69c9fcb-3242-e2d3-3edd-e9ebaa972176,290109194150,,8151ca6e-8b96-daaa-ecde-b9385be202dd,ambulatory,162673000,General examination of patient,bee9aea0-6890-4dc5-a755-47951379450c,Itasin Modakeke Primary Health Center
273089bf-fa57-8aff-a39d-ac29de8040eb,321666794150,,8151ca6e-8b96-daaa-ecde-b9385be202dd,ambulatory,162673000,General examination of patient,bee9aea0-6890-4dc5-a755-47951379450c,Itasin Modakeke Primary Health Center
d5e738f2-a4c0-e292-3be6-05c6c94837e8,353224394150,,8151ca6e-8b96-daaa-ecde-b9385be202dd,ambulatory,162673000,General examination of patient,bee9aea0-6890-4dc5-a755-47951379450c,Itasin Modakeke Primary Health Center
521b89a0-889e-bfe1-92f5-ab95183fcfaa,384781994150,,8151ca6e-8b96-daaa-ecde-b9385be202dd,ambulatory,162673000,General examination of patient,bee9aea0-6890-4dc5-a755-47951379450c,Itasin Modakeke Primary Health Center
7b04a37e-8dab-2af0-0cb6-2e1f8f294776,416339594150,,8151ca6e-8b96-daaa-ecde-b9385be202dd,ambulatory,162673000,General examination of patient,bee9aea0-6890-4dc5-a755-47951379450c,Itasin Modakeke Primary Health Center
5598803b-0565-0118-f857-b9ec02331097,542569994150,,8151ca6e-8b96-daaa-ecde-b9385be202dd,ambulatory,162673000,General examination of patient,bee9aea0-6890-4dc5-a755-47951379450c,Itasin Modakeke Primary Health Center
57440c8a-8fc4-e962-0a20-aa1305ddbed2,574127594150,,8151ca6e-8b96-daaa-ecde-b9385be202dd,ambulatory,162673000,General examination of patient,bee9aea0-6890-4dc5-a755-47951379450c,Itasin Modakeke Primary Health Center
ccf8dbc0-a366-caaa-933c-64a99fd7c0f9,605685194150,,8151ca6e-8b96-daaa-ecde-b9385be202dd,ambulatory,162673000,General examination of patient,bee9aea0-6890-4dc5-a755-47951379450c,Itasin Modakeke Primary Health Center
235d7691-5c70-03c8-4bb6-e622c572911f,637242794150,,8151ca6e-8b96-daaa-ecde-b9385be202dd,ambulatory,162673000,General examination of patient,bee9aea0-6890-4dc5-a755-47951379450c,Itasin Modakeke Primary Health Center
b7819cff-d6c3-d37c-17a6-6979a9aa9972,763473194150,,8151ca6e-8b96-daaa-ecde-b9385be202dd,ambulatory,162673000,General examination of patient,bee9aea0-6890-4dc5-a755-47951379450c,Itasin Modakeke Primary Health Center
750caacb-9c22-21f7-d6ab-de95854b7148,858145994150,,8151ca6e-8b96-daaa-ecde-b9385be202dd,ambulatory,162673000,General examination of patient,bee9aea0-6890-4dc5-a755-47951379450c,Itasin Modakeke Primary Health Center
16e5dc1f-e478-f05a-941d-896d9e12f3ad,889703594150,,8151ca6e-8b96-daaa-ecde-b9385be202dd,ambulatory,162673000,General examination of patient,bee9aea0-6890-4dc5-a755-47951379450c,Itasin Modakeke Primary Health Center
cf20f22e-aa7a-5a67-56d1-d742828a174d,921261194150,,8151ca6e-8b96-daaa-ecde-b9385be202dd,ambulatory,162673000,General examination of patient,bee9aea0-6890-4dc5-a755-47951379450c,Itasin Modakeke Primary Health Center
2043aea6-c570-e85d-18f4-28755a1ba8e6,984376394150,,8151ca6e-8b96-daaa-ecde-b9385be202dd,ambulatory,162673000,General examination of patient,bee9aea0-6890-4dc5-a755-47951379450c,Itasin Modakeke Primary Health Center
3454a751-91a3-08aa-1112-fb94a2ff51c0,1047491594150,,8151ca6e-8b96-daaa-ecde-b9385be202dd,ambulatory,162673000,General examination of patient,bee9aea0-6890-4dc5-a755-47951379450c,Itasin Modakeke Primary Health Center
927ed548-f6d7-c3d4-a4c4-ea0215e31fca,1110606794150,,8151ca6e-8b96-daaa-ecde-b9385be202dd,ambulatory,162673000,General examination of patient,bee9aea0-6890-4dc5-a755-47951379450c,Itasin Modakeke Primary Health Center
f6d5fdc5-880e-81b3-a955-6973df6ef998,1173721994150,,8151ca6e-8b96-daaa-ecde-b9385be202dd,ambulatory,162673000,General examination of patient,bee9aea0-6890-4dc5-a755-47951379450c,Itasin Modakeke Primary Health Center
218b6115-4755-b4bf-9e2e-152dac17a2c0,1205279594150,,8151ca6e-8b96-daaa-ecde-b9385be202dd,ambulatory,162673000,General examination of patient,bee9aea0-6890-4dc5-a755-47951379450c,Itasin Modakeke Primary Health Center
b1f8a235-3873-7bbd-d01d-5664d129208b,1268394794150,,8151ca6e-8b96-daaa-ecde-b9385be202dd,ambulatory,162673000,General examination of patient,bee9aea0-6890-4dc5-a755-47951379450c,Itasin Modakeke Primary Health Center
197ac42d-0e58-bcbe-97f1-1824c4424803,1299952394150,,8151ca6e-8b96-daaa-ecde-b9385be202dd,ambulatory,162673000,General examination of patient,bee9aea0-6890-4dc5-a755-47951379450c,Itasin Modakeke Primary Health Center
b5d1f9ed-4974-0f88-7d67-52a6077adca8,1331509994150,,8151ca6e-8b96-daaa-ecde-b9385be202dd,ambulatory,162673000,General examination of patient,bee9aea0-6890-4dc5-a755-47951379450c,Itasin Modakeke Primary Health Center
58676820-7d1e-2642-8f41-bdb5800927b1,1363067594150,,8151ca6e-8b96-daaa-ecde-b9385be202dd,ambulatory,162673000,General examination of patient,bee9aea0-6890-4dc5-a755-47951379450c,Itasin Modakeke Primary Health Center
c409427e-4cc1-2d72-c7a5-36617dc31b24,1426182794150,,8151ca6e-8b96-daaa-ecde-b9385be202dd,ambulatory,162673000,General examination of patient,bee9aea0-6890-4dc5-a755-47951379450c,Itasin Modakeke Primary Health Center
b3b0bc2f-18d9-3d25-4039-277ca3ad142c,1489297994150,,8151ca6e-8b96-daaa-ecde-b9385be202dd,ambulatory,162673000,General examination of patient,bee9aea0-6890-4dc5-a755-47951379450c,Itasin Modakeke Primary Health Center
13c53dc1-f9c1-73d1-0dba-42a8132f65fa,1520855594150,,8151ca6e-8b96-daaa-ecde-b9385be202dd,ambulatory,162673000,General examination of patient,bee9aea0-6890-4dc5-a755-47951379450c,Itasin Modakeke Primary Health Center
d27e49d8-a02f-03d5-e682-cf33a27503d2,1647085994150,,8151ca6e-8b96-daaa-ecde-b9385be202dd,ambulatory,162673000,General examination of patient,bee9aea0-6890-4dc5-a755-47951379450c,Itasin Modakeke Primary Health Center
e2342706-90b8-9e7a-e285-b817010916a5,1741758794150,,8151ca6e-8b96-daaa-ecde-b9385be202dd,ambulatory,162673000,General examination of patient,bee9aea0-6890-4dc5-a755-47951379450c,Itasin Modakeke Primary Health Center
4e3872ec-df56-8dd6-0c6b-9dcabcac056f,-1170717868324,,dff1a4ba-8a4d-56cc-7a57-d58745a3be59,ambulatory,162673000,General examination of patient,fb345f3c-8039-458f-b83b-0634835e69af,Ara National Model Primary Health Center
e5fe17b7-e024-4323-ef00-ba5ada68183b,-1170717868324,,dff1a4ba-8a4d-56cc-7a57-d58745a3be59,ambulatory,185349003,Encounter for check up,fb345f3c-8039-458f-b83b-0634835e69af,Ara National Model Primary Health Center
8023030b-dff9-7fc9-56bc-431a45a487a2,-1170717868324,,dff1a4ba-8a4d-56cc-7a57-d58745a3be59,ambulatory,185349003,Encounter for check up,fb345f3c-8039-458f-b83b-0634835e69af,Ara National Model Primary Health Center
297b838f-8273-5647-80e3-751bbd378d3c,-1139160268324,,dff1a4ba-8a4d-56cc-7a57-d58745a3be59,ambulatory,162673000,General examination of patient,fb345f3c-8039-458f-b83b-0634835e69af,Ara National Model Primary Health Center
8813dc7b-279e-0ef3-2ed7-c9ccc30da0ca,-1138784903912,,dff1a4ba-8a4d-56cc-7a57-d58745a3be59,ambulatory,185349003,Encounter for check up,fb345f3c-8039-458f-b83b-0634835e69af,Ara National Model Primary Health Center
d8d6e98c-987a-8415-cd7e-8194c87ffa8e,-1138061738262,,dff1a4ba-8a4d-56cc-7a57-d58745a3be59,ambulatory,185349003,Encounter for check up,fb345f3c-8039-458f-b83b-0634835e69af,Ara National Model Primary Health Center
907e89ae-6512-486c-93e0-42ca938a8135,-1106873480649,,dff1a4ba-8a4d-56cc-7a57-d58745a3be59,ambulatory,185349003,Encounter for check up,fb345f3c-8039-458f-b83b-0634835e69af,Ara National Model Primary Health Center
fd582896-1c63-0275-3490-0ac75994107b,-1074944960348,,dff1a4ba-8a4d-56cc-7a57-d58745a3be59,ambulatory,185349003,Encounter for check up,fb345f3c-8039-458f-b83b-0634835e69af,Ara National Model Primary Health Center
7810f538-98dd-b42b-bc84-863b567953d2,-1044487468324,,dff1a4ba-8a4d-56cc-7a57-d58745a3be59,ambulatory,162673000,General examination of patient,fb345f3c-8039-458f-b83b-0634835e69af,Ara National Model Primary Health Center
069c306f-115d-5234-fcf4-a4f81aeb927d,-949814668324,,dff1a4ba-8a4d-56cc-7a57-d58745a3be59,ambulatory,162673000,General examination of patient,fb345f3c-8039-458f-b83b-0634835e69af,Ara National Model Primary Health Center
fa1b9d22-9ce2-eb8d-0d67-cf03f5ac9ec6,-823584268324,,dff1a4ba-8a4d-56cc-7a57-d58745a3be59,ambulatory,162673000,General examination of patient,fb345f3c-8039-458f-b83b-0634835e69af,Ara National Model Primary Health Center
2e30a829-5996-eadf-24b8-01dc285a4aac,-792026668324,,dff1a4ba-8a4d-56cc-7a57-d58745a3be59,ambulatory,162673000,General examination of patient,fb345f3c-8039-458f-b83b-0634835e69af,Ara National Model Primary Health Center
1c04c38c-4b15-ea06-0bcb-71bfb156eaae,-760469068324,,dff1a4ba-8a4d-56cc-7a57-d58745a3be59,ambulatory,162673000,General examination of patient,fb345f3c-8039-458f-b83b-0634835e69af,Ara National Model Primary Health Center
0da0f970-b167-9aa7-9e1f-45c0d03a03b0,-728911468324,,dff1a4ba-8a4d-56cc-7a57-d58745a3be59,ambulatory,162673000,General examination of patient,fb345f3c-8039-458f-b83b-0634835e69af,Ara National Model Primary Health Center
d606e4c2-673b-66dc-ee7c-148dac186dc8,-665796268324,,dff1a4ba-8a4d-56cc-7a57-d58745a3be59,ambulatory,162673000,General examination of patient,fb345f3c-8039-458f-b83b-0634835e69af,Ara National Model Primary Health Center
0d4aa53d-2001-8897-a9c6-16b98c6cc8ac,-634238668324,,dff1a4ba-8a4d-56cc-7a57-d58745a3be59,ambulatory,162673000,General examination of patient,fb345f3c-8039-458f-b83b-0634835e69af,Ara National Model Primary Health Center
8f87ffaa-94d6-e588-b222-6582bc0e8d99,-571123468324,,dff1a4ba-8a4d-56cc-7a57-d58745a3be59,ambulatory,162673000,General examination of patient,fb345f3c-8039-458f-b83b-0634835e69af,Ara National Model Primary Health Center
74ded8a5-d0fc-7c20-dd0c-4ea10780a6eb,-539565868324,,dff1a4ba-8a4d-56cc-7a57-d58745a3be59,ambulatory,162673000,General examination of patient,fb345f3c-8039-458f-b83b-0634835e69af,Ara National Model Primary Health Center
cf599ab7-bb79-80ea-ebb1-e30640e671a8,-508008268324,,dff1a4ba-8a4d-56cc-7a57-d58745a3be59,ambulatory,162673000,General examination of patient,fb345f3c-8039-458f-b83b-0634835e69af,Ara National Model Primary Health Center
6d804832-fded-b225-0860-aa51a1df6330,-444893068324,,dff1a4ba-8a4d-56cc-7a57-d58745a3be59,ambulatory,162673000,General examination of patient,fb345f3c-8039-458f-b83b-0634835e69af,Ara National Model Primary Health Center
f3f99650-4283-af79-d8bd-d6b876896ecc,-413335468324,,dff1a4ba-8a4d-56cc-7a57-d58745a3be59,ambulatory,162673000,General examination of patient,fb345f3c-8039-458f-b83b-0634835e69af,Ara National Model Primary Health Center
380a05d4-ce3c-1ed7-91d6-fd2c36fb51c5,-381777868324,,dff1a4ba-8a4d-56cc-7a57-d58745a3be59,ambulatory,162673000,General examination of patient,fb345f3c-8039-458f-b83b-0634835e69af,Ara National Model Primary Health Center
a414cc31-a6c9-90bb-4f58-6dc1f8d64408,-350220268324,,dff1a4ba-8a4d-56cc-7a57-d58745a3be59,ambulatory,162673000,General examination of patient,fb345f3c-8039-458f-b83b-0634835e69af,Ara National Model Primary Health Center
15650bfd-207d-659f-dd02-21e3328dab3b,-287105068324,,dff1a4ba-8a4d-56cc-7a57-d58745a3be59,ambulatory,162673000,General examination of patient,fb345f3c-8039-458f-b83b-0634835e69af,Ara National Model Primary Health Center
a0009e9d-da60-8384-c4c9-82aa39cee69b,-255547468324,,dff1a4ba-8a4d-56cc-7a57-d58745a3be59,ambulatory,162673000,General examination of patient,fb345f3c-8039-458f-b83b-0634835e69af,Ara National Model Primary Health Center
a99b2908-1d1c-24dd-76a1-085fd2afdf8d,-97759468324,,dff1a4ba-8a4d-56cc-7a57-d58745a3be59,ambulatory,162673000,General examination of patient,fb345f3c-8039-458f-b83b-0634835e69af,Ara National Model Primary Health Center
e5b76e7c-44a4-707e-9e96-38cb7b1460cb,60028531676,,dff1a4ba-8a4d-56cc-7a57-d58745a3be59,ambulatory,162673000,General examination of patient,fb345f3c-8039-458f-b83b-0634835e69af,Ara National Model Primary Health Center
1c18e887-6e1c-56bb-9a7b-7d0c0efff24a,123143731676,,dff1a4ba-8a4d-56cc-7a57-d58745a3be59,ambulatory,162673000,General examination of patient,fb345f3c-8039-458f-b83b-0634835e69af,Ara National Model Primary Health Center
d2a112f8-9a14-b78b-6645-3b99788104f6,249374131676,,dff1a4ba-8a4d-56cc-7a57-d58745a3be59,ambulatory,162673000,General examination of patient,fb345f3c-8039-458f-b83b-0634835e69af,Ara National Model Primary Health Center
0d58b24f-0b87-24b6-1455-0b9e4e9dff74,312489331676,,dff1a4ba-8a4d-56cc-7a57-d58745a3be59,ambulatory,162673000,General examination of patient,fb345f3c-8039-458f-b83b-0634835e69af,Ara National Model Primary Health Center
661447d0-6778-e1f9-92f6-5e551089a0c8,344046931676,,dff1a4ba-8a4d-56cc-7a57-d58745a3be59,ambulatory,162673000,General examination of patient,fb345f3c-8039-458f-b83b-0634835e69af,Ara National Model Primary Health Center
b2d14bca-d754-5a73-987a-ac568c2ebfbf,438719731676,,dff1a4ba-8a4d-56cc-7a57-d58745a3be59,ambulatory,162673000,General examination of patient,fb345f3c-8039-458f-b83b-0634835e69af,Ara National Model Primary Health Center
cad31c9d-d6b9-4f5e-b8b6-696cacb11d48,470277331676,,dff1a4ba-8a4d-56cc-7a57-d58745a3be59,ambulatory,162673000,General examination of patient,fb345f3c-8039-458f-b83b-0634835e69af,Ara National Model Primary Health Center
5b0812e4-18b4-b8b4-5559-bf30321e042f,533392531676,,dff1a4ba-8a4d-56cc-7a57-d58745a3be59,ambulatory,162673000,General examination of patient,fb345f3c-8039-458f-b83b-0634835e69af,Ara National Model Primary Health Center
41056362-84ce-4ab8-846f-d57d0fde57fb,628065331676,,dff1a4ba-8a4d-56cc-7a57-d58745a3be59,ambulatory,162673000,General examination of patient,fb345f3c-8039-458f-b83b-0634835e69af,Ara National Model Primary Health Center
53dbcda2-bc99-38b7-bc95-5b52c452ecd5,691180531676,,dff1a4ba-8a4d-56cc-7a57-d58745a3be59,ambulatory,162673000,General examination of patient,fb345f3c-8039-458f-b83b-0634835e69af,Ara National Model Primary Health Center
5127d37b-d387-57f0-40f4-325450d443cb,754295731676,,dff1a4ba-8a4d-56cc-7a57-d58745a3be59,ambulatory,162673000,General examination of patient,fb345f3c-8039-458f-b83b-0634835e69af,Ara National Model Primary Health Center
fa61145d-8fbc-4e63-b7f7-777a051d3578,785853331676,,dff1a4ba-8a4d-56cc-7a57-d58745a3be59,ambulatory,162673000,General examination of patient,fb345f3c-8039-458f-b83b-0634835e69af,Ara National Model Primary Health Center
28a5bde0-b341-cc75-2b0c-d65205223e5b,848968531676,,dff1a4ba-8a4d-56cc-7a57-d58745a3be59,ambulatory,162673000,General examination of patient,fb345f3c-8039-458f-b83b-0634835e69af,Ara National Model Primary Health Center
f8c10df5-74b7-f73f-0232-eeef1c0b0427,880763731676,,dff1a4ba-8a4d-56cc-7a57-d58745a3be59,ambulatory,185349003,Encounter for check up,fb345f3c-8039-458f-b83b-0634835e69af,Ara National Model Primary Health Center
65511d34-1d0a-a4db-b64b-c591d3d1082d,912083731676,,dff1a4ba-8a4d-56cc-7a57-d58745a3be59,ambulatory,162673000,General examination of patient,fb345f3c-8039-458f-b83b-0634835e69af,Ara National Model Primary Health Center
eb3214b9-2af3-7d0b-b9ff-73647c8bb37f,943641331676,,dff1a4ba-8a4d-56cc-7a57-d58745a3be59,ambulatory,162673000,General examination of patient,fb345f3c-8039-458f-b83b-0634835e69af,Ara National Model Primary Health Center
df5f0c0d-0007-966b-87eb-cf1ef7929ca4,975198931676,,dff1a4ba-8a4d-56cc-7a57-d58745a3be59,ambulatory,162673000,General examination of patient,fb345f3c-8039-458f-b83b-0634835e69af,Ara National Model Primary Health Center
4b99c089-44f5-da77-40a7-b8a0f37f53c1,1006756531676,,dff1a4ba-8a4d-56cc-7a57-d58745a3be59,ambulatory,162673000,General examination of patient,fb345f3c-8039-458f-b83b-0634835e69af,Ara National Model Primary Health Center
a0fc6a49-8941-07aa-17d5-14da69ae184f,1038551731676,,dff1a4ba-8a4d-56cc-7a57-d58745a3be59,ambulatory,185349003,Encounter for check up,fb345f3c-8039-458f-b83b-0634835e69af,Ara National Model Primary Health Center
5b259146-3fd0-0fc1-c091-bcef5bcc7dd1,1069871731676,,dff1a4ba-8a4d-56cc-7a57-d58745a3be59,ambulatory,162673000,General examination of patient,fb345f3c-8039-458f-b83b-0634835e69af,Ara National Model Primary Health Center
b894cc07-bf30-263c-ee7d-7c1a24a20ed7,1070860453197,,dff1a4ba-8a4d-56cc-7a57-d58745a3be59,ambulatory,185349003,Encounter for check up,fb345f3c-8039-458f-b83b-0634835e69af,Ara National Model Primary Health Center
6bc81cc0-8006-346c-efb5-55e0a582f56b,1166432173338,,dff1a4ba-8a4d-56cc-7a57-d58745a3be59,ambulatory,185349003,Encounter for check up,fb345f3c-8039-458f-b83b-0634835e69af,Ara National Model Primary Health Center
89601acb-1740-992a-fcd5-aba6fea6714b,1196102131676,,dff1a4ba-8a4d-56cc-7a57-d58745a3be59,ambulatory,162673000,General examination of patient,fb345f3c-8039-458f-b83b-0634835e69af,Ara National Model Primary Health Center
691b2ea3-ba8b-2faf-fbb0-5f17546e7a1c,1293770638940,,dff1a4ba-8a4d-56cc-7a57-d58745a3be59,ambulatory,185349003,Encounter for check up,fb345f3c-8039-458f-b83b-0634835e69af,Ara National Model Primary Health Center
03d5e0e3-1bd1-0824-22b0-bca0653fcb58,1448562931676,,dff1a4ba-8a4d-56cc-7a57-d58745a3be59,ambulatory,162673000,General examination of patient,fb345f3c-8039-458f-b83b-0634835e69af,Ara National Model Primary Health Center
1ff91ae0-37c7-1b38-7a15-0b9269c06f34,1511678131676,,dff1a4ba-8a4d-56cc-7a57-d58745a3be59,ambulatory,162673000,General examination of patient,fb345f3c-8039-458f-b83b-0634835e69af,Ara National Model Primary Health Center
7c9746a8-474c-45f7-edbb-1a1cd566f7dd,1543235731676,,dff1a4ba-8a4d-56cc-7a57-d58745a3be59,ambulatory,162673000,General examination of patient,fb345f3c-8039-458f-b83b-0634835e69af,Ara National Model Primary Health Center
4949eab8-8eed-2f98-ca52-f94b6b569dc0,1574793331676,,dff1a4ba-8a4d-56cc-7a57-d58745a3be59,ambulatory,162673000,General examination of patient,fb345f3c-8039-458f-b83b-0634835e69af,Ara National Model Primary Health Center
2b33d57a-53d1-4514-a2b8-693900686caa,1578420931880,,dff1a4ba-8a4d-56cc-7a57-d58745a3be59,ambulatory,185349003,Encounter for check up,fb345f3c-8039-458f-b83b-0634835e69af,Ara National Model Primary Health Center
36e4487e-64d4-34c3-49dc-92f26543d075,1606350931676,,dff1a4ba-8a4d-56cc-7a57-d58745a3be59,ambulatory,162673000,General examination of patient,fb345f3c-8039-458f-b83b-0634835e69af,Ara National Model Primary Health Center
52b172e6-8577-e46c-d1c0-fb9ab0b806c9,1637908531676,,dff1a4ba-8a4d-56cc-7a57-d58745a3be59,ambulatory,162673000,General examination of patient,fb345f3c-8039-458f-b83b-0634835e69af,Ara National Model Primary Health Center
6e4af497-35e0-df26-e2c3-066f2f1fb8e0,1669466131676,,dff1a4ba-8a4d-56cc-7a57-d58745a3be59,ambulatory,162673000,General examination of patient,fb345f3c-8039-458f-b83b-0634835e69af,Ara National Model Primary Health Center
b3e8bce7-cc83-1908-399d-6b66fcbe71f9,1701023731676,,dff1a4ba-8a4d-56cc-7a57-d58745a3be59,ambulatory,162673000,General examination of patient,fb345f3c-8039-458f-b83b-0634835e69af,Ara National Model Primary Health Center
b8ad1ee8-bb20-1977-129f-a23b6e625ee5,1701261331676,,dff1a4ba-8a4d-56cc-7a57-d58745a3be59,emergency,50849002,Emergency room admission,fb345f3c-8039-458f-b83b-0634835e69af,Ara National Model Primary Health Center
81b6ca29-eb3c-2591-a337-5e6d6259ac27,264586140029,,d88df921-26e3-fe04-052a-46ce6d3a93fb,ambulatory,162673000,General examination of patient (procedure),22bf95c3-8d96-4fad-9da7-95ae845a2d03,Ifetedo General Hospital
056e68ad-07ec-cc68-836e-2e2053c46cff,264586140029,,d88df921-26e3-fe04-052a-46ce6d3a93fb,ambulatory,185349003,Encounter for check up,22bf95c3-8d96-4fad-9da7-95ae845a2d03,Ifetedo General Hospital
b6246356-e0ab-a6d4-62b4-f906310ee92e,296143740029,,d88df921-26e3-fe04-052a-46ce6d3a93fb,ambulatory,162673000,General examination of patient,22bf95c3-8d96-4fad-9da7-95ae845a2d03,Ifetedo General Hospital
e8cc9bfd-f874-4e5e-da90-94853ce60a2d,296143740029,,d88df921-26e3-fe04-052a-46ce6d3a93fb,ambulatory,185349003,Encounter for check up,22bf95c3-8d96-4fad-9da7-95ae845a2d03,Ifetedo General Hospital
ebb56238-0d01-be68-0e5f-973367602994,328132799985,,d88df921-26e3-fe04-052a-46ce6d3a93fb,ambulatory,185349003,Encounter for check up,22bf95c3-8d96-4fad-9da7-95ae845a2d03,Ifetedo General Hospital
a167069d-d854-97a1-e746-0a2727aed37f,328588681580,,d88df921-26e3-fe04-052a-46ce6d3a93fb,ambulatory,185349003,Encounter for check up,22bf95c3-8d96-4fad-9da7-95ae845a2d03,Ifetedo General Hospital
a2476812-e687-e4d2-b290-098232c3d5ee,359258940029,,d88df921-26e3-fe04-052a-46ce6d3a93fb,ambulatory,162673000,General examination of patient,22bf95c3-8d96-4fad-9da7-95ae845a2d03,Ifetedo General Hospital
ecb285c7-7f5e-f6c0-0c77-476331927e67,360050067852,,d88df921-26e3-fe04-052a-46ce6d3a93fb,ambulatory,185349003,Encounter for check up,22bf95c3-8d96-4fad-9da7-95ae845a2d03,Ifetedo General Hospital
f5606bef-9df5-eece-9c82-df14f5ac295e,360956363788,,d88df921-26e3-fe04-052a-46ce6d3a93fb,ambulatory,185349003,Encounter for check up,22bf95c3-8d96-4fad-9da7-95ae845a2d03,Ifetedo General Hospital
9f0fe77e-1886-2f0b-d775-c0dbd59fcd5c,390816540029,,d88df921-26e3-fe04-052a-46ce6d3a93fb,ambulatory,162673000,General examination of patient,22bf95c3-8d96-4fad-9da7-95ae845a2d03,Ifetedo General Hospital
cbf3db7c-ae85-0921-ecca-82ee6357748c,548604540029,,d88df921-26e3-fe04-052a-46ce6d3a93fb,ambulatory,162673000,General examination of patient,22bf95c3-8d96-4fad-9da7-95ae845a2d03,Ifetedo General Hospital
0ea06f4a-2fff-4eba-daff-dfaba79f474c,611719740029,,d88df921-26e3-fe04-052a-46ce6d3a93fb,ambulatory,162673000,General examination of patient,22bf95c3-8d96-4fad-9da7-95ae845a2d03,Ifetedo General Hospital
113f53bc-a58c-7747-93dc-e30f7bd981f5,674834940029,,d88df921-26e3-fe04-052a-46ce6d3a93fb,ambulatory,162673000,General examination of patient,22bf95c3-8d96-4fad-9da7-95ae845a2d03,Ifetedo General Hospital
2d0fd639-8b50-a9eb-73cd-88c559a1e978,801065340029,,d88df921-26e3-fe04-052a-46ce6d3a93fb,ambulatory,162673000,General examination of patient,22bf95c3-8d96-4fad-9da7-95ae845a2d03,Ifetedo General Hospital
7798249a-4fdb-5565-566c-1ed5f3105445,832622940029,,d88df921-26e3-fe04-052a-46ce6d3a93fb,ambulatory,162673000,General examination of patient,22bf95c3-8d96-4fad-9da7-95ae845a2d03,Ifetedo General Hospital
92063cd7-fe67-96a3-6110-9f2858d5f1a1,864180540029,,d88df921-26e3-fe04-052a-46ce6d3a93fb,ambulatory,162673000,General examination of patient,22bf95c3-8d96-4fad-9da7-95ae845a2d03,Ifetedo General Hospital
6d507b5d-14ab-ba08-fc75-206e462d1835,895738140029,,d88df921-26e3-fe04-052a-46ce6d3a93fb,ambulatory,162673000,General examination of patient,22bf95c3-8d96-4fad-9da7-95ae845a2d03,Ifetedo General Hospital
16e58b26-27b6-3915-bce0-fedf627ba867,927295740029,,d88df921-26e3-fe04-052a-46ce6d3a93fb,ambulatory,162673000,General examination of patient,22bf95c3-8d96-4fad-9da7-95ae845a2d03,Ifetedo General Hospital
e099e018-c0d6-9d0e-9d2a-ff4408ce3511,1148198940029,,d88df921-26e3-fe04-052a-46ce6d3a93fb,ambulatory,162673000,General examination of patient,22bf95c3-8d96-4fad-9da7-95ae845a2d03,Ifetedo General Hospital
2e010c16-c35c-b23d-e0b8-01b9417bd406,1211314140029,,d88df921-26e3-fe04-052a-46ce6d3a93fb,ambulatory,162673000,General examination of patient,22bf95c3-8d96-4fad-9da7-95ae845a2d03,Ifetedo General Hospital
97951790-2564-7373-e38c-96e88ab1581d,1242871740029,,d88df921-26e3-fe04-052a-46ce6d3a93fb,ambulatory,162673000,General examination of patient,22bf95c3-8d96-4fad-9da7-95ae845a2d03,Ifetedo General Hospital
e4463742-be5c-0e42-b55d-b3a0ade3aee3,1305986940029,,d88df921-26e3-fe04-052a-46ce6d3a93fb,ambulatory,162673000,General examination of patient,22bf95c3-8d96-4fad-9da7-95ae845a2d03,Ifetedo General Hospital
7214d896-2b3d-5fcb-61eb-e31806d58360,1337544540029,,d88df921-26e3-fe04-052a-46ce6d3a93fb,ambulatory,162673000,General examination of patient,22bf95c3-8d96-4fad-9da7-95ae845a2d03,Ifetedo General Hospital
13679c6e-f70b-7dc6-d241-49f6732edd4d,1432217340029,,d88df921-26e3-fe04-052a-46ce6d3a93fb,ambulatory,162673000,General examination of patient,22bf95c3-8d96-4fad-9da7-95ae845a2d03,Ifetedo General Hospital
4c5cb048-ba08-afb6-5345-0f1212ce8d1e,1590005340029,,d88df921-26e3-fe04-052a-46ce6d3a93fb,ambulatory,162673000,General examination of patient,22bf95c3-8d96-4fad-9da7-95ae845a2d03,Ifetedo General Hospital
78b361d4-1ac6-4827-69e2-0ae9728861ce,1684678140029,,d88df921-26e3-fe04-052a-46ce6d3a93fb,ambulatory,162673000,General examination of patient,22bf95c3-8d96-4fad-9da7-95ae845a2d03,Ifetedo General Hospital
eaefa371-8b76-bc36-acf6-f63bb64566fe,-96314123352,,78ac1308-9f19-6e2b-054d-962aeb71aaaa,ambulatory,162673000,General examination of patient,1e4d29aa-dfea-427e-820e-34c0efb3871e,Oluwatoyin Nursing Home
2c63fc06-12da-6bb4-89e0-19a824ce41d8,-96314123352,,78ac1308-9f19-6e2b-054d-962aeb71aaaa,ambulatory,185349003,Encounter for check up,1e4d29aa-dfea-427e-820e-34c0efb3871e,Oluwatoyin Nursing Home
27f423ea-5062-8355-6958-e21acacee00a,-33198923352,,78ac1308-9f19-6e2b-054d-962aeb71aaaa,ambulatory,185349003,Encounter for check up,1e4d29aa-dfea-427e-820e-34c0efb3871e,Oluwatoyin Nursing Home
1a9440d7-5e10-de12-fcce-7ad48d66a9ce,-32774344182,,78ac1308-9f19-6e2b-054d-962aeb71aaaa,ambulatory,185349003,Encounter for check up,1e4d29aa-dfea-427e-820e-34c0efb3871e,Oluwatoyin Nursing Home
c9d5b4a0-7c52-b0df-58a2-e16efc65c0dc,-1641323352,,78ac1308-9f19-6e2b-054d-962aeb71aaaa,ambulatory,162673000,General examination of patient,1e4d29aa-dfea-427e-820e-34c0efb3871e,Oluwatoyin Nursing Home
e73c72b7-ce8a-9611-dbb9-6be59d4e81b7,-933582557,,78ac1308-9f19-6e2b-054d-962aeb71aaaa,ambulatory,185349003,Encounter for check up,1e4d29aa-dfea-427e-820e-34c0efb3871e,Oluwatoyin Nursing Home
a4c87677-b381-04b8-b07d-4aee14ac6019,61473876648,,78ac1308-9f19-6e2b-054d-962aeb71aaaa,ambulatory,162673000,General examination of patient,1e4d29aa-dfea-427e-820e-34c0efb3871e,Oluwatoyin Nursing Home
6bed6a0e-a9d2-b364-4a5b-ff5d04c559c7,156146676648,,78ac1308-9f19-6e2b-054d-962aeb71aaaa,ambulatory,162673000,General examination of patient,1e4d29aa-dfea-427e-820e-34c0efb3871e,Oluwatoyin Nursing Home
2a9ad1f2-39b2-3e54-da69-9f410e20a066,187704276648,,78ac1308-9f19-6e2b-054d-962aeb71aaaa,ambulatory,162673000,General examination of patient,1e4d29aa-dfea-427e-820e-34c0efb3871e,Oluwatoyin Nursing Home
b3cd103d-5685-2cf1-70f0-78152538cc13,220372563379,,78ac1308-9f19-6e2b-054d-962aeb71aaaa,ambulatory,185349003,Encounter for check up,1e4d29aa-dfea-427e-820e-34c0efb3871e,Oluwatoyin Nursing Home
2c36c87c-81a3-4c2e-bf3c-0b62dbe70f7d,313934676648,,78ac1308-9f19-6e2b-054d-962aeb71aaaa,ambulatory,162673000,General examination of patient,1e4d29aa-dfea-427e-820e-34c0efb3871e,Oluwatoyin Nursing Home
83716ecc-babf-fd5f-6788-f94642202438,345492276648,,78ac1308-9f19-6e2b-054d-962aeb71aaaa,ambulatory,162673000,General examination of patient,1e4d29aa-dfea-427e-820e-34c0efb3871e,Oluwatoyin Nursing Home
6c9dd16d-1170-3251-0532-08e3a2e9cb48,377049876648,,78ac1308-9f19-6e2b-054d-962aeb71aaaa,ambulatory,162673000,General examination of patient,1e4d29aa-dfea-427e-820e-34c0efb3871e,Oluwatoyin Nursing Home
f50194e7-c7d0-3c7a-badd-289193fbb7cd,408607476648,,78ac1308-9f19-6e2b-054d-962aeb71aaaa,ambulatory,162673000,General examination of patient,1e4d29aa-dfea-427e-820e-34c0efb3871e,Oluwatoyin Nursing Home
a22e39e9-ef0b-fa0f-08c8-b92d49b46b42,440165076648,,78ac1308-9f19-6e2b-054d-962aeb71aaaa,ambulatory,162673000,General examination of patient,1e4d29aa-dfea-427e-820e-34c0efb3871e,Oluwatoyin Nursing Home
42b64bf7-dff0-2776-e678-ba530d31d0c3,566395476648,,78ac1308-9f19-6e2b-054d-962aeb71aaaa,ambulatory,162673000,General examination of patient,1e4d29aa-dfea-427e-820e-34c0efb3871e,Oluwatoyin Nursing Home
74d7ccb8-e627-8aa3-824e-747517a32a61,597953076648,,78ac1308-9f19-6e2b-054d-962aeb71aaaa,ambulatory,162673000,General examination of patient,1e4d29aa-dfea-427e-820e-34c0efb3871e,Oluwatoyin Nursing Home
782c3036-3269-e723-4c67-b2e39f0970c0,661068276648,,78ac1308-9f19-6e2b-054d-962aeb71aaaa,ambulatory,162673000,General examination of patient,1e4d29aa-dfea-427e-820e-34c0efb3871e,Oluwatoyin Nursing Home
cf60664b-2fe0-f563-ad98-782e375e75bb,692625876648,,78ac1308-9f19-6e2b-054d-962aeb71aaaa,ambulatory,162673000,General examination of patient,1e4d29aa-dfea-427e-820e-34c0efb3871e,Oluwatoyin Nursing Home
172e2e70-fbc0-1e65-addc-63e8582379d6,724183476648,,78ac1308-9f19-6e2b-054d-962aeb71aaaa,ambulatory,162673000,General examination of patient,1e4d29aa-dfea-427e-820e-34c0efb3871e,Oluwatoyin Nursing Home
67c919b8-9167-9029-5715-e7a85460fec6,913529076648,,78ac1308-9f19-6e2b-054d-962aeb71aaaa,ambulatory,162673000,General examination of patient,1e4d29aa-dfea-427e-820e-34c0efb3871e,Oluwatoyin Nursing Home
08260856-019c-750f-c784-ee155ba8f339,976644276648,,78ac1308-9f19-6e2b-054d-962aeb71aaaa,ambulatory,162673000,General examination of patient,1e4d29aa-dfea-427e-820e-34c0efb3871e,Oluwatoyin Nursing Home
25eb1ea8-2cea-d9f1-5b8e-7b06b31723a6,1039759476648,,78ac1308-9f19-6e2b-054d-962aeb71aaaa,ambulatory,162673000,General examination of patient,1e4d29aa-dfea-427e-820e-34c0efb3871e,Oluwatoyin Nursing Home
c1696c28-2121-3f5e-71ff-9a60082f81a1,1071317076648,,78ac1308-9f19-6e2b-054d-962aeb71aaaa,ambulatory,162673000,General examination of patient,1e4d29aa-dfea-427e-820e-34c0efb3871e,Oluwatoyin Nursing Home
2bb89f77-b8c9-9430-b350-89a28165da08,1102874676648,,78ac1308-9f19-6e2b-054d-962aeb71aaaa,ambulatory,162673000,General examination of patient,1e4d29aa-dfea-427e-820e-34c0efb3871e,Oluwatoyin Nursing Home
7eeed69a-9dd8-70a9-5018-1d1d0165b078,1165989876648,,78ac1308-9f19-6e2b-054d-962aeb71aaaa,ambulatory,162673000,General examination of patient,1e4d29aa-dfea-427e-820e-34c0efb3871e,Oluwatoyin Nursing Home
e550df77-92e1-c7bc-3fdd-a88b4207a2e6,1229105076648,,78ac1308-9f19-6e2b-054d-962aeb71aaaa,ambulatory,162673000,General examination of patient,1e4d29aa-dfea-427e-820e-34c0efb3871e,Oluwatoyin Nursing Home
d5b36425-1e72-a501-00b6-dc039245da3f,1355335476648,,78ac1308-9f19-6e2b-054d-962aeb71aaaa,ambulatory,162673000,General examination of patient,1e4d29aa-dfea-427e-820e-34c0efb3871e,Oluwatoyin Nursing Home
8e00b83e-3547-edd3-b70b-7dccc980e14a,1576238676648,,78ac1308-9f19-6e2b-054d-962aeb71aaaa,ambulatory,162673000,General examination of patient,1e4d29aa-dfea-427e-820e-34c0efb3871e,Oluwatoyin Nursing Home
972e9a03-9bd9-f3fe-3f78-d3891306231f,1607796276648,,78ac1308-9f19-6e2b-054d-962aeb71aaaa,ambulatory,162673000,General examination of patient,1e4d29aa-dfea-427e-820e-34c0efb3871e,Oluwatoyin Nursing Home
0203e95a-ff28-f004-ee77-fe16e810c442,1639353876648,,78ac1308-9f19-6e2b-054d-962aeb71aaaa,ambulatory,162673000,General examination of patient,1e4d29aa-dfea-427e-820e-34c0efb3871e,Oluwatoyin Nursing Home
8767605c-567f-2ece-5938-ebfa7283fbf4,1702469076648,,78ac1308-9f19-6e2b-054d-962aeb71aaaa,ambulatory,162673000,General examination of patient,1e4d29aa-dfea-427e-820e-34c0efb3871e,Oluwatoyin Nursing Home
6197b8b6-c8bb-9829-a1a6-f66f0d971f24,1734026676648,,78ac1308-9f19-6e2b-054d-962aeb71aaaa,ambulatory,162673000,General examination of patient,1e4d29aa-dfea-427e-820e-34c0efb3871e,Oluwatoyin Nursing Home
dfcc6ef1-187c-b3d0-bc26-18c0b624b69a,-1053223498522,,ff5b72c1-c231-63c8-31a7-aa9bc7c689c2,ambulatory,162673000,General examination of patient (procedure),737d8371-5eef-4a18-9f06-db3721d030bf,Isimi Olotu Health Post
90970959-91c6-1b50-b00b-dff26859b416,-1053223498522,,ff5b72c1-c231-63c8-31a7-aa9bc7c689c2,ambulatory,185349003,Encounter for check up,737d8371-5eef-4a18-9f06-db3721d030bf,Isimi Olotu Health Post
3b395f42-13db-4357-a0ed-62afc16c59dc,-1021665898522,,ff5b72c1-c231-63c8-31a7-aa9bc7c689c2,ambulatory,162673000,General examination of patient,737d8371-5eef-4a18-9f06-db3721d030bf,Isimi Olotu Health Post
e30b372e-64bf-b4ee-7ab7-9847ab0ba73a,-1021277770967,,ff5b72c1-c231-63c8-31a7-aa9bc7c689c2,ambulatory,185349003,Encounter for check up,737d8371-5eef-4a18-9f06-db3721d030bf,Isimi Olotu Health Post
e1b31272-b566-fa26-c640-7ee5279a78ed,-990108298522,,ff5b72c1-c231-63c8-31a7-aa9bc7c689c2,ambulatory,185349003,Encounter for check up,737d8371-5eef-4a18-9f06-db3721d030bf,Isimi Olotu Health Post
30ade088-1048-7b77-a8ca-9f00490ab72c,-957765589290,,ff5b72c1-c231-63c8-31a7-aa9bc7c689c2,ambulatory,185349003,Encounter for check up,737d8371-5eef-4a18-9f06-db3721d030bf,Isimi Olotu Health Post
9bcacc65-3e56-7eb6-4251-18f02b5d4dd6,-926993098522,,ff5b72c1-c231-63c8-31a7-aa9bc7c689c2,ambulatory,162673000,General examination of patient,737d8371-5eef-4a18-9f06-db3721d030bf,Isimi Olotu Health Post
ac45cde9-10a4-28e8-d7fc-af5be03099c9,-863877898522,,ff5b72c1-c231-63c8-31a7-aa9bc7c689c2,ambulatory,162673000,General examination of patient,737d8371-5eef-4a18-9f06-db3721d030bf,Isimi Olotu Health Post
17653422-0071-4c86-f20e-af04c5663e99,-832320298522,,ff5b72c1-c231-63c8-31a7-aa9bc7c689c2,ambulatory,162673000,General examination of patient,737d8371-5eef-4a18-9f06-db3721d030bf,Isimi Olotu Health Post
b495df18-97be-0ec4-4ae6-bb13425a1e60,-769205098522,,ff5b72c1-c231-63c8-31a7-aa9bc7c689c2,ambulatory,162673000,General examination of patient,737d8371-5eef-4a18-9f06-db3721d030bf,Isimi Olotu Health Post
d9db4661-710d-d60d-66ab-1a3b4b43490e,-736756406631,,ff5b72c1-c231-63c8-31a7-aa9bc7c689c2,ambulatory,185349003,Encounter for check up,737d8371-5eef-4a18-9f06-db3721d030bf,Isimi Olotu Health Post
9bc938bc-bbb9-1561-c206-f90ddc1dddef,-674532298522,,ff5b72c1-c231-63c8-31a7-aa9bc7c689c2,ambulatory,162673000,General examination of patient,737d8371-5eef-4a18-9f06-db3721d030bf,Isimi Olotu Health Post
04aef888-18fe-45b1-f934-49abbf00f805,-642974698522,,ff5b72c1-c231-63c8-31a7-aa9bc7c689c2,ambulatory,162673000,General examination of patient,737d8371-5eef-4a18-9f06-db3721d030bf,Isimi Olotu Health Post
e246649a-8e90-5617-b7b1-84b6ffafd087,-611417098522,,ff5b72c1-c231-63c8-31a7-aa9bc7c689c2,ambulatory,162673000,General examination of patient,737d8371-5eef-4a18-9f06-db3721d030bf,Isimi Olotu Health Post
f00e7a45-25ab-330d-8334-5088bf6afc5e,-579859498522,,ff5b72c1-c231-63c8-31a7-aa9bc7c689c2,ambulatory,162673000,General examination of patient,737d8371-5eef-4a18-9f06-db3721d030bf,Isimi Olotu Health Post
1a0baeb7-7020-c41c-3534-0523d63b7e19,-548301898522,,ff5b72c1-c231-63c8-31a7-aa9bc7c689c2,ambulatory,162673000,General examination of patient,737d8371-5eef-4a18-9f06-db3721d030bf,Isimi Olotu Health Post
83b0326d-a805-a98f-4dd8-00a3a785f69f,-358956298522,,ff5b72c1-c231-63c8-31a7-aa9bc7c689c2,ambulatory,162673000,General examination of patient,737d8371-5eef-4a18-9f06-db3721d030bf,Isimi Olotu Health Post
426e4025-fc8a-b33d-f0e0-3185ad5a493f,-327398698522,,ff5b72c1-c231-63c8-31a7-aa9bc7c689c2,ambulatory,162673000,General examination of patient,737d8371-5eef-4a18-9f06-db3721d030bf,Isimi Olotu Health Post
3d6ab7af-9911-078d-64b4-f1658573c058,-264283498522,,ff5b72c1-c231-63c8-31a7-aa9bc7c689c2,ambulatory,162673000,General examination of patient,737d8371-5eef-4a18-9f06-db3721d030bf,Isimi Olotu Health Post
3563011b-15af-ea34-1611-aca4aeb43590,-201168298522,,ff5b72c1-c231-63c8-31a7-aa9bc7c689c2,ambulatory,162673000,General examination of patient,737d8371-5eef-4a18-9f06-db3721d030bf,Isimi Olotu Health Post
698d1b5a-7c02-5a79-3b03-a7bd94bfcec1,-169610698522,,ff5b72c1-c231-63c8-31a7-aa9bc7c689c2,ambulatory,162673000,General examination of patient,737d8371-5eef-4a18-9f06-db3721d030bf,Isimi Olotu Health Post
383d3a47-77b7-5a83-4240-75f01d8db5bc,-43380298522,,ff5b72c1-c231-63c8-31a7-aa9bc7c689c2,ambulatory,162673000,General examination of patient,737d8371-5eef-4a18-9f06-db3721d030bf,Isimi Olotu Health Post
c3e12051-1fe2-508f-0851-4842bf02ccf0,-11822698522,,ff5b72c1-c231-63c8-31a7-aa9bc7c689c2,ambulatory,162673000,General examination of patient,737d8371-5eef-4a18-9f06-db3721d030bf,Isimi Olotu Health Post
26a0b36f-da7b-8477-2417-f54fbe532326,82850101478,,ff5b72c1-c231-63c8-31a7-aa9bc7c689c2,ambulatory,162673000,General examination of patient,737d8371-5eef-4a18-9f06-db3721d030bf,Isimi Olotu Health Post
6cc41c12-7b24-f44b-b3b9-a461b65b8f8b,114407701478,,ff5b72c1-c231-63c8-31a7-aa9bc7c689c2,ambulatory,162673000,General examination of patient,737d8371-5eef-4a18-9f06-db3721d030bf,Isimi Olotu Health Post
900cf2dc-c23e-ade4-ed39-de4b1e022e17,145965301478,,ff5b72c1-c231-63c8-31a7-aa9bc7c689c2,ambulatory,162673000,General examination of patient,737d8371-5eef-4a18-9f06-db3721d030bf,Isimi Olotu Health Post
fab7351b-244d-2be5-d62b-aa43cc1efa18,240638101478,,ff5b72c1-c231-63c8-31a7-aa9bc7c689c2,ambulatory,162673000,General examination of patient,737d8371-5eef-4a18-9f06-db3721d030bf,Isimi Olotu Health Post
1b98334a-6590-12d2-3626-6685ab16073d,272195701478,,ff5b72c1-c231-63c8-31a7-aa9bc7c689c2,ambulatory,162673000,General examination of patient,737d8371-5eef-4a18-9f06-db3721d030bf,Isimi Olotu Health Post
80fcea08-aa0e-f467-c7e5-69a1268b45cf,303753301478,,ff5b72c1-c231-63c8-31a7-aa9bc7c689c2,ambulatory,162673000,General examination of patient,737d8371-5eef-4a18-9f06-db3721d030bf,Isimi Olotu Health Post
39945b08-f132-707f-2908-47ed1bd55186,366868501478,,ff5b72c1-c231-63c8-31a7-aa9bc7c689c2,ambulatory,162673000,General examination of patient,737d8371-5eef-4a18-9f06-db3721d030bf,Isimi Olotu Health Post
ec98586c-afe6-3f3f-fbc4-18f3113de697,429983701478,,ff5b72c1-c231-63c8-31a7-aa9bc7c689c2,ambulatory,162673000,General examination of patient,737d8371-5eef-4a18-9f06-db3721d030bf,Isimi Olotu Health Post
355421f2-53be-03a9-8043-0706191b4632,461541301478,,ff5b72c1-c231-63c8-31a7-aa9bc7c689c2,ambulatory,162673000,General examination of patient,737d8371-5eef-4a18-9f06-db3721d030bf,Isimi Olotu Health Post
447928a0-6090-6d44-8dec-3ba51d7691f1,524656501478,,ff5b72c1-c231-63c8-31a7-aa9bc7c689c2,ambulatory,162673000,General examination of patient,737d8371-5eef-4a18-9f06-db3721d030bf,Isimi Olotu Health Post
e1064a11-4ce1-8a83-b33a-bc145682959e,587771701478,,ff5b72c1-c231-63c8-31a7-aa9bc7c689c2,ambulatory,162673000,General examination of patient,737d8371-5eef-4a18-9f06-db3721d030bf,Isimi Olotu Health Post
20591891-52a2-b04f-48f5-eee9892ae212,619329301478,,ff5b72c1-c231-63c8-31a7-aa9bc7c689c2,ambulatory,162673000,General examination of patient,737d8371-5eef-4a18-9f06-db3721d030bf,Isimi Olotu Health Post
9c015900-ec63-8d72-ff6f-b4cad36545da,714002101478,,ff5b72c1-c231-63c8-31a7-aa9bc7c689c2,ambulatory,162673000,General examination of patient,737d8371-5eef-4a18-9f06-db3721d030bf,Isimi Olotu Health Post
08074192-b4aa-f6c8-86b9-3e20b2ef9320,840232501478,,ff5b72c1-c231-63c8-31a7-aa9bc7c689c2,ambulatory,162673000,General examination of patient,737d8371-5eef-4a18-9f06-db3721d030bf,Isimi Olotu Health Post
cbc48084-ebe7-86a4-a413-fca52774b088,903347701478,,ff5b72c1-c231-63c8-31a7-aa9bc7c689c2,ambulatory,162673000,General examination of patient,737d8371-5eef-4a18-9f06-db3721d030bf,Isimi Olotu Health Post
936ad468-b136-0c67-9c55-fb9d167543f6,934905301478,,ff5b72c1-c231-63c8-31a7-aa9bc7c689c2,ambulatory,162673000,General examination of patient,737d8371-5eef-4a18-9f06-db3721d030bf,Isimi Olotu Health Post
7ae18b5e-4cf6-a064-6a72-7d1b67b6c78a,998020501478,,ff5b72c1-c231-63c8-31a7-aa9bc7c689c2,ambulatory,162673000,General examination of patient,737d8371-5eef-4a18-9f06-db3721d030bf,Isimi Olotu Health Post
14bd242e-f89f-2832-d511-1309792e874b,1092930901478,,ff5b72c1-c231-63c8-31a7-aa9bc7c689c2,ambulatory,185349003,Encounter for check up,737d8371-5eef-4a18-9f06-db3721d030bf,Isimi Olotu Health Post
3f82b5ab-1003-ada7-9ab0-b80f88c89c9f,1124250901478,,ff5b72c1-c231-63c8-31a7-aa9bc7c689c2,ambulatory,162673000,General examination of patient,737d8371-5eef-4a18-9f06-db3721d030bf,Isimi Olotu Health Post
57073b16-3742-4948-a5a3-db6bd8957d74,1155808501478,,ff5b72c1-c231-63c8-31a7-aa9bc7c689c2,ambulatory,162673000,General examination of patient,737d8371-5eef-4a18-9f06-db3721d030bf,Isimi Olotu Health Post
98c52acb-766b-8240-f9f3-b3b474704945,1188730176988,,ff5b72c1-c231-63c8-31a7-aa9bc7c689c2,ambulatory,185349003,Encounter for check up,737d8371-5eef-4a18-9f06-db3721d030bf,Isimi Olotu Health Post
99886f80-b55a-3608-724b-aa8ba8314558,1218923701478,,ff5b72c1-c231-63c8-31a7-aa9bc7c689c2,ambulatory,162673000,General examination of patient,737d8371-5eef-4a18-9f06-db3721d030bf,Isimi Olotu Health Post
56fd09af-e2c1-78b9-232e-3ed19556d9b2,1250481301478,,ff5b72c1-c231-63c8-31a7-aa9bc7c689c2,ambulatory,162673000,General examination of patient,737d8371-5eef-4a18-9f06-db3721d030bf,Isimi Olotu Health Post
d9171ebb-b6d8-d6fb-832d-08547fb742ba,1376711701478,,ff5b72c1-c231-63c8-31a7-aa9bc7c689c2,ambulatory,162673000,General examination of patient,737d8371-5eef-4a18-9f06-db3721d030bf,Isimi Olotu Health Post
9ef5dd2c-cea7-384b-8ec1-3374673f53b3,1471384501478,,ff5b72c1-c231-63c8-31a7-aa9bc7c689c2,ambulatory,162673000,General examination of patient,737d8371-5eef-4a18-9f06-db3721d030bf,Isimi Olotu Health Post
4780388a-f60f-9dc0-6b2e-059cdd900eda,1473814533931,,ff5b72c1-c231-63c8-31a7-aa9bc7c689c2,ambulatory,185349003,Encounter for check up,737d8371-5eef-4a18-9f06-db3721d030bf,Isimi Olotu Health Post
3d1e1f36-f888-cb2d-dbb4-3ca6faa8ca0e,1502942101478,,ff5b72c1-c231-63c8-31a7-aa9bc7c689c2,ambulatory,162673000,General examination of patient,737d8371-5eef-4a18-9f06-db3721d030bf,Isimi Olotu Health Post
17f9adbf-d509-c9f1-a902-1340a694b0e9,1506352811575,,ff5b72c1-c231-63c8-31a7-aa9bc7c689c2,ambulatory,185349003,Encounter for check up,737d8371-5eef-4a18-9f06-db3721d030bf,Isimi Olotu Health Post
731d76ba-371e-2445-f8c8-fab556e1bb0c,1534499701478,,ff5b72c1-c231-63c8-31a7-aa9bc7c689c2,ambulatory,162673000,General examination of patient,737d8371-5eef-4a18-9f06-db3721d030bf,Isimi Olotu Health Post
14a341d8-48bb-2b39-eb43-fc94daac2a07,1570649883132,,ff5b72c1-c231-63c8-31a7-aa9bc7c689c2,emergency,50849002,Emergency room admission,737d8371-5eef-4a18-9f06-db3721d030bf,Isimi Olotu Health Post
3d869909-de0c-e3a9-9a43-3f2a8fd961db,1597614901478,,ff5b72c1-c231-63c8-31a7-aa9bc7c689c2,ambulatory,162673000,General examination of patient,737d8371-5eef-4a18-9f06-db3721d030bf,Isimi Olotu Health Post
4e0474f8-154d-4dcb-6cad-59b7964ec7d5,1629172501478,,ff5b72c1-c231-63c8-31a7-aa9bc7c689c2,ambulatory,162673000,General examination of patient,737d8371-5eef-4a18-9f06-db3721d030bf,Isimi Olotu Health Post
aba1d4fd-ec3a-1cf4-0402-c50e90fa3ce5,1692287701478,,ff5b72c1-c231-63c8-31a7-aa9bc7c689c2,ambulatory,162673000,General examination of patient,737d8371-5eef-4a18-9f06-db3721d030bf,Isimi Olotu Health Post
f4404d15-d234-b840-8550-d619f33d1da7,1723845301478,,ff5b72c1-c231-63c8-31a7-aa9bc7c689c2,ambulatory,162673000,General examination of patient,737d8371-5eef-4a18-9f06-db3721d030bf,Isimi Olotu Health Post
bdbe8138-692f-2465-f9c3-491fe031eeed,1755402901478,,ff5b72c1-c231-63c8-31a7-aa9bc7c689c2,ambulatory,162673000,General examination of patient,737d8371-5eef-4a18-9f06-db3721d030bf,Isimi Olotu Health Post
ddad7f30-4753-50c8-ddc4-0f9a97282587,-557455833588,,dc323fbe-c7a4-1a30-34a2-796a635ebf73,ambulatory,162673000,General examination of patient (procedure),63255e7b-f465-442b-971d-2c5fba9753ec,Salami Health Post
e1f5e5f1-080b-01ec-edf6-ac316b1654bd,-557455833588,,dc323fbe-c7a4-1a30-34a2-796a635ebf73,ambulatory,185349003,Encounter for check up,63255e7b-f465-442b-971d-2c5fba9753ec,Salami Health Post
d287f57a-1e7d-624a-340f-e8db6686fd5c,-557455833588,,dc323fbe-c7a4-1a30-34a2-796a635ebf73,emergency,50849002,Emergency room admission,63255e7b-f465-442b-971d-2c5fba9753ec,Salami Health Post
